ISO-10303-21;
HEADER;
/* Generated by software containing ST-Developer
 * from STEP Tools, Inc. (www.steptools.com) 
 */
/* OPTION: using custom renumber hook */

FILE_DESCRIPTION(
/* description */ ('STEP AP214'),
/* implementation_level */ '2;1');

FILE_NAME(
/* name */ 'FTSH-107-01-L-DH-A',
/* time_stamp */ '2026-05-26T20:56:26+02:00',
/* author */ ('License CC BY-ND 4.0'),
/* organization */ ('CADENAS'),
/* preprocessor_version */ 'ST-DEVELOPER v20',
/* originating_system */ 'PARTsolutions',
/* authorisation */ '  ');

FILE_SCHEMA (('AUTOMOTIVE_DESIGN {1 0 10303 214 3 1 1}'));
ENDSEC;

DATA;
#10=PROPERTY_DEFINITION_REPRESENTATION(#14,#12);
#11=PROPERTY_DEFINITION_REPRESENTATION(#15,#13);
#12=REPRESENTATION('',(#16),#11803);
#13=REPRESENTATION('',(#17),#11803);
#14=PROPERTY_DEFINITION('pmi validation property','',#11817);
#15=PROPERTY_DEFINITION('pmi validation property','',#11817);
#16=VALUE_REPRESENTATION_ITEM('number of annotations',COUNT_MEASURE(0.));
#17=VALUE_REPRESENTATION_ITEM('number of views',COUNT_MEASURE(0.));
#18=CONTEXT_DEPENDENT_SHAPE_REPRESENTATION(#24,#11819);
#19=CONTEXT_DEPENDENT_SHAPE_REPRESENTATION(#25,#11821);
#20=CONTEXT_DEPENDENT_SHAPE_REPRESENTATION(#26,#11823);
#21=NEXT_ASSEMBLY_USAGE_OCCURRENCE('NAUO1','FTSH-107-01-L-DH-A_body',
'FTSH-107-01-L-DH-A_body',#11824,#11825,'');
#22=NEXT_ASSEMBLY_USAGE_OCCURRENCE('NAUO2','FTSH-107-01-L-DH-A_pins1',
'FTSH-107-01-L-DH-A_pins1',#11824,#11826,'');
#23=NEXT_ASSEMBLY_USAGE_OCCURRENCE('NAUO3','FTSH-107-01-L-DH-A_pins2',
'FTSH-107-01-L-DH-A_pins2',#11824,#11827,'');
#24=(
REPRESENTATION_RELATIONSHIP(' ',' ',#7329,#7328)
REPRESENTATION_RELATIONSHIP_WITH_TRANSFORMATION(#27)
SHAPE_REPRESENTATION_RELATIONSHIP()
);
#25=(
REPRESENTATION_RELATIONSHIP(' ',' ',#7330,#7328)
REPRESENTATION_RELATIONSHIP_WITH_TRANSFORMATION(#28)
SHAPE_REPRESENTATION_RELATIONSHIP()
);
#26=(
REPRESENTATION_RELATIONSHIP(' ',' ',#7331,#7328)
REPRESENTATION_RELATIONSHIP_WITH_TRANSFORMATION(#29)
SHAPE_REPRESENTATION_RELATIONSHIP()
);
#27=ITEM_DEFINED_TRANSFORMATION(' ',' ',#7332,#7415);
#28=ITEM_DEFINED_TRANSFORMATION(' ',' ',#7332,#7543);
#29=ITEM_DEFINED_TRANSFORMATION(' ',' ',#7332,#7825);
#30=SHAPE_REPRESENTATION_RELATIONSHIP('','',#7329,#33);
#31=SHAPE_REPRESENTATION_RELATIONSHIP('','',#7330,#34);
#32=SHAPE_REPRESENTATION_RELATIONSHIP('','',#7331,#35);
#33=ADVANCED_BREP_SHAPE_REPRESENTATION('',(#7321),#11804);
#34=ADVANCED_BREP_SHAPE_REPRESENTATION('',(#7322),#11805);
#35=ADVANCED_BREP_SHAPE_REPRESENTATION('',(#7323),#11806);
#36=CONICAL_SURFACE('',#7407,0.0175,0.785398163397447);
#37=CONICAL_SURFACE('',#7412,0.0175,0.785398163397448);
#38=CYLINDRICAL_SURFACE('',#7405,0.0175);
#39=CYLINDRICAL_SURFACE('',#7410,0.0175);
#40=CYLINDRICAL_SURFACE('',#7550,0.0320000000000116);
#41=CYLINDRICAL_SURFACE('',#7553,0.0320000000000116);
#42=CYLINDRICAL_SURFACE('',#7556,0.0320000000000116);
#43=CYLINDRICAL_SURFACE('',#7559,0.0320000000000116);
#44=CYLINDRICAL_SURFACE('',#7562,0.0320000000000116);
#45=CYLINDRICAL_SURFACE('',#7565,0.0320000000000116);
#46=CYLINDRICAL_SURFACE('',#7574,0.0159999999999717);
#47=CYLINDRICAL_SURFACE('',#7577,0.0159999999999717);
#48=CYLINDRICAL_SURFACE('',#7580,0.0159999999999717);
#49=CYLINDRICAL_SURFACE('',#7583,0.0159999999999717);
#50=CYLINDRICAL_SURFACE('',#7586,0.0159999999999717);
#51=CYLINDRICAL_SURFACE('',#7589,0.0159999999999717);
#52=CYLINDRICAL_SURFACE('',#7610,0.0320000000000116);
#53=CYLINDRICAL_SURFACE('',#7613,0.0320000000000116);
#54=CYLINDRICAL_SURFACE('',#7616,0.0320000000000116);
#55=CYLINDRICAL_SURFACE('',#7619,0.0320000000000116);
#56=CYLINDRICAL_SURFACE('',#7622,0.0320000000000116);
#57=CYLINDRICAL_SURFACE('',#7625,0.0320000000000116);
#58=CYLINDRICAL_SURFACE('',#7634,0.0159999999999732);
#59=CYLINDRICAL_SURFACE('',#7637,0.0159999999999732);
#60=CYLINDRICAL_SURFACE('',#7640,0.0159999999999732);
#61=CYLINDRICAL_SURFACE('',#7643,0.0159999999999732);
#62=CYLINDRICAL_SURFACE('',#7646,0.0159999999999732);
#63=CYLINDRICAL_SURFACE('',#7649,0.0159999999999732);
#64=CYLINDRICAL_SURFACE('',#7664,0.0319999999999998);
#65=CYLINDRICAL_SURFACE('',#7667,0.0319999999999998);
#66=CYLINDRICAL_SURFACE('',#7670,0.0319999999999998);
#67=CYLINDRICAL_SURFACE('',#7673,0.0319999999999998);
#68=CYLINDRICAL_SURFACE('',#7676,0.0319999999999998);
#69=CYLINDRICAL_SURFACE('',#7679,0.0319999999999998);
#70=CYLINDRICAL_SURFACE('',#7682,0.0159999999999991);
#71=CYLINDRICAL_SURFACE('',#7685,0.0159999999999991);
#72=CYLINDRICAL_SURFACE('',#7688,0.0159999999999991);
#73=CYLINDRICAL_SURFACE('',#7691,0.0159999999999991);
#74=CYLINDRICAL_SURFACE('',#7694,0.0159999999999991);
#75=CYLINDRICAL_SURFACE('',#7697,0.0159999999999991);
#76=CYLINDRICAL_SURFACE('',#7718,0.0319999999999999);
#77=CYLINDRICAL_SURFACE('',#7721,0.0319999999999999);
#78=CYLINDRICAL_SURFACE('',#7724,0.0319999999999999);
#79=CYLINDRICAL_SURFACE('',#7727,0.0319999999999999);
#80=CYLINDRICAL_SURFACE('',#7730,0.0319999999999999);
#81=CYLINDRICAL_SURFACE('',#7733,0.0319999999999999);
#82=CYLINDRICAL_SURFACE('',#7736,0.0159999999999968);
#83=CYLINDRICAL_SURFACE('',#7739,0.0159999999999968);
#84=CYLINDRICAL_SURFACE('',#7742,0.0159999999999968);
#85=CYLINDRICAL_SURFACE('',#7745,0.0159999999999968);
#86=CYLINDRICAL_SURFACE('',#7748,0.0159999999999968);
#87=CYLINDRICAL_SURFACE('',#7751,0.0159999999999968);
#88=CYLINDRICAL_SURFACE('',#7762,0.0320000000000116);
#89=CYLINDRICAL_SURFACE('',#7766,0.0159999999999717);
#90=CYLINDRICAL_SURFACE('',#7772,0.0320000000000116);
#91=CYLINDRICAL_SURFACE('',#7776,0.0159999999999732);
#92=CYLINDRICAL_SURFACE('',#7782,0.0319999999999998);
#93=CYLINDRICAL_SURFACE('',#7785,0.0159999999999991);
#94=CYLINDRICAL_SURFACE('',#7791,0.0319999999999999);
#95=CYLINDRICAL_SURFACE('',#7794,0.0159999999999968);
#96=CIRCLE('',#7398,0.0175);
#97=CIRCLE('',#7399,0.0175);
#98=CIRCLE('',#7406,0.0175);
#99=CIRCLE('',#7408,0.0125);
#100=CIRCLE('',#7411,0.0175);
#101=CIRCLE('',#7413,0.0125);
#102=CIRCLE('',#7551,0.0320000000000116);
#103=CIRCLE('',#7552,0.0320000000000116);
#104=CIRCLE('',#7554,0.0320000000000116);
#105=CIRCLE('',#7555,0.0320000000000116);
#106=CIRCLE('',#7557,0.0320000000000116);
#107=CIRCLE('',#7558,0.0320000000000116);
#108=CIRCLE('',#7560,0.0320000000000116);
#109=CIRCLE('',#7561,0.0320000000000116);
#110=CIRCLE('',#7563,0.0320000000000116);
#111=CIRCLE('',#7564,0.0320000000000116);
#112=CIRCLE('',#7566,0.0320000000000116);
#113=CIRCLE('',#7567,0.0320000000000116);
#114=CIRCLE('',#7575,0.0159999999999717);
#115=CIRCLE('',#7576,0.0159999999999717);
#116=CIRCLE('',#7578,0.0159999999999717);
#117=CIRCLE('',#7579,0.0159999999999717);
#118=CIRCLE('',#7581,0.0159999999999717);
#119=CIRCLE('',#7582,0.0159999999999717);
#120=CIRCLE('',#7584,0.0159999999999717);
#121=CIRCLE('',#7585,0.0159999999999717);
#122=CIRCLE('',#7587,0.0159999999999717);
#123=CIRCLE('',#7588,0.0159999999999717);
#124=CIRCLE('',#7590,0.0159999999999717);
#125=CIRCLE('',#7591,0.0159999999999717);
#126=CIRCLE('',#7611,0.0320000000000116);
#127=CIRCLE('',#7612,0.0320000000000116);
#128=CIRCLE('',#7614,0.0320000000000116);
#129=CIRCLE('',#7615,0.0320000000000116);
#130=CIRCLE('',#7617,0.0320000000000116);
#131=CIRCLE('',#7618,0.0320000000000116);
#132=CIRCLE('',#7620,0.0320000000000116);
#133=CIRCLE('',#7621,0.0320000000000116);
#134=CIRCLE('',#7623,0.0320000000000116);
#135=CIRCLE('',#7624,0.0320000000000116);
#136=CIRCLE('',#7626,0.0320000000000116);
#137=CIRCLE('',#7627,0.0320000000000116);
#138=CIRCLE('',#7635,0.0159999999999732);
#139=CIRCLE('',#7636,0.0159999999999732);
#140=CIRCLE('',#7638,0.0159999999999732);
#141=CIRCLE('',#7639,0.0159999999999732);
#142=CIRCLE('',#7641,0.0159999999999732);
#143=CIRCLE('',#7642,0.0159999999999732);
#144=CIRCLE('',#7644,0.0159999999999732);
#145=CIRCLE('',#7645,0.0159999999999732);
#146=CIRCLE('',#7647,0.0159999999999732);
#147=CIRCLE('',#7648,0.0159999999999732);
#148=CIRCLE('',#7650,0.0159999999999732);
#149=CIRCLE('',#7651,0.0159999999999732);
#150=CIRCLE('',#7665,0.0319999999999998);
#151=CIRCLE('',#7666,0.0319999999999998);
#152=CIRCLE('',#7668,0.0319999999999998);
#153=CIRCLE('',#7669,0.0319999999999998);
#154=CIRCLE('',#7671,0.0319999999999998);
#155=CIRCLE('',#7672,0.0319999999999998);
#156=CIRCLE('',#7674,0.0319999999999998);
#157=CIRCLE('',#7675,0.0319999999999998);
#158=CIRCLE('',#7677,0.0319999999999998);
#159=CIRCLE('',#7678,0.0319999999999998);
#160=CIRCLE('',#7680,0.0319999999999998);
#161=CIRCLE('',#7681,0.0319999999999998);
#162=CIRCLE('',#7683,0.0159999999999991);
#163=CIRCLE('',#7684,0.0159999999999991);
#164=CIRCLE('',#7686,0.0159999999999991);
#165=CIRCLE('',#7687,0.0159999999999991);
#166=CIRCLE('',#7689,0.0159999999999991);
#167=CIRCLE('',#7690,0.0159999999999991);
#168=CIRCLE('',#7692,0.0159999999999991);
#169=CIRCLE('',#7693,0.0159999999999991);
#170=CIRCLE('',#7695,0.0159999999999991);
#171=CIRCLE('',#7696,0.0159999999999991);
#172=CIRCLE('',#7698,0.0159999999999991);
#173=CIRCLE('',#7699,0.0159999999999991);
#174=CIRCLE('',#7719,0.0319999999999999);
#175=CIRCLE('',#7720,0.0319999999999999);
#176=CIRCLE('',#7722,0.0319999999999999);
#177=CIRCLE('',#7723,0.0319999999999999);
#178=CIRCLE('',#7725,0.0319999999999999);
#179=CIRCLE('',#7726,0.0319999999999999);
#180=CIRCLE('',#7728,0.0319999999999999);
#181=CIRCLE('',#7729,0.0319999999999999);
#182=CIRCLE('',#7731,0.0319999999999999);
#183=CIRCLE('',#7732,0.0319999999999999);
#184=CIRCLE('',#7734,0.0319999999999999);
#185=CIRCLE('',#7735,0.0319999999999999);
#186=CIRCLE('',#7737,0.0159999999999968);
#187=CIRCLE('',#7738,0.0159999999999968);
#188=CIRCLE('',#7740,0.0159999999999968);
#189=CIRCLE('',#7741,0.0159999999999968);
#190=CIRCLE('',#7743,0.0159999999999968);
#191=CIRCLE('',#7744,0.0159999999999968);
#192=CIRCLE('',#7746,0.0159999999999968);
#193=CIRCLE('',#7747,0.0159999999999968);
#194=CIRCLE('',#7749,0.0159999999999968);
#195=CIRCLE('',#7750,0.0159999999999968);
#196=CIRCLE('',#7752,0.0159999999999968);
#197=CIRCLE('',#7753,0.0159999999999968);
#198=CIRCLE('',#7763,0.0320000000000116);
#199=CIRCLE('',#7764,0.0320000000000116);
#200=CIRCLE('',#7767,0.0159999999999717);
#201=CIRCLE('',#7768,0.0159999999999717);
#202=CIRCLE('',#7773,0.0320000000000116);
#203=CIRCLE('',#7774,0.0320000000000116);
#204=CIRCLE('',#7777,0.0159999999999732);
#205=CIRCLE('',#7778,0.0159999999999732);
#206=CIRCLE('',#7783,0.0319999999999998);
#207=CIRCLE('',#7784,0.0319999999999998);
#208=CIRCLE('',#7786,0.0159999999999991);
#209=CIRCLE('',#7787,0.0159999999999991);
#210=CIRCLE('',#7792,0.0319999999999999);
#211=CIRCLE('',#7793,0.0319999999999999);
#212=CIRCLE('',#7795,0.0159999999999968);
#213=CIRCLE('',#7796,0.0159999999999968);
#214=ORIENTED_EDGE('',*,*,#2274,.F.);
#215=ORIENTED_EDGE('',*,*,#2275,.F.);
#216=ORIENTED_EDGE('',*,*,#2276,.T.);
#217=ORIENTED_EDGE('',*,*,#2277,.T.);
#218=ORIENTED_EDGE('',*,*,#2278,.F.);
#219=ORIENTED_EDGE('',*,*,#2279,.T.);
#220=ORIENTED_EDGE('',*,*,#2280,.T.);
#221=ORIENTED_EDGE('',*,*,#2281,.T.);
#222=ORIENTED_EDGE('',*,*,#2282,.F.);
#223=ORIENTED_EDGE('',*,*,#2283,.F.);
#224=ORIENTED_EDGE('',*,*,#2274,.T.);
#225=ORIENTED_EDGE('',*,*,#2284,.T.);
#226=ORIENTED_EDGE('',*,*,#2280,.F.);
#227=ORIENTED_EDGE('',*,*,#2285,.F.);
#228=ORIENTED_EDGE('',*,*,#2286,.F.);
#229=ORIENTED_EDGE('',*,*,#2287,.F.);
#230=ORIENTED_EDGE('',*,*,#2288,.F.);
#231=ORIENTED_EDGE('',*,*,#2289,.F.);
#232=ORIENTED_EDGE('',*,*,#2290,.T.);
#233=ORIENTED_EDGE('',*,*,#2291,.F.);
#234=ORIENTED_EDGE('',*,*,#2288,.T.);
#235=ORIENTED_EDGE('',*,*,#2292,.F.);
#236=ORIENTED_EDGE('',*,*,#2293,.F.);
#237=ORIENTED_EDGE('',*,*,#2294,.F.);
#238=ORIENTED_EDGE('',*,*,#2276,.F.);
#239=ORIENTED_EDGE('',*,*,#2295,.T.);
#240=ORIENTED_EDGE('',*,*,#2296,.T.);
#241=ORIENTED_EDGE('',*,*,#2297,.T.);
#242=ORIENTED_EDGE('',*,*,#2298,.F.);
#243=ORIENTED_EDGE('',*,*,#2299,.F.);
#244=ORIENTED_EDGE('',*,*,#2293,.T.);
#245=ORIENTED_EDGE('',*,*,#2300,.T.);
#246=ORIENTED_EDGE('',*,*,#2301,.T.);
#247=ORIENTED_EDGE('',*,*,#2302,.T.);
#248=ORIENTED_EDGE('',*,*,#2278,.T.);
#249=ORIENTED_EDGE('',*,*,#2303,.T.);
#250=ORIENTED_EDGE('',*,*,#2304,.F.);
#251=ORIENTED_EDGE('',*,*,#2305,.F.);
#252=ORIENTED_EDGE('',*,*,#2306,.T.);
#253=ORIENTED_EDGE('',*,*,#2307,.T.);
#254=ORIENTED_EDGE('',*,*,#2308,.F.);
#255=ORIENTED_EDGE('',*,*,#2309,.F.);
#256=ORIENTED_EDGE('',*,*,#2310,.T.);
#257=ORIENTED_EDGE('',*,*,#2305,.T.);
#258=ORIENTED_EDGE('',*,*,#2311,.F.);
#259=ORIENTED_EDGE('',*,*,#2312,.F.);
#260=ORIENTED_EDGE('',*,*,#2313,.T.);
#261=ORIENTED_EDGE('',*,*,#2309,.T.);
#262=ORIENTED_EDGE('',*,*,#2314,.F.);
#263=ORIENTED_EDGE('',*,*,#2315,.F.);
#264=ORIENTED_EDGE('',*,*,#2316,.T.);
#265=ORIENTED_EDGE('',*,*,#2317,.T.);
#266=ORIENTED_EDGE('',*,*,#2318,.F.);
#267=ORIENTED_EDGE('',*,*,#2319,.F.);
#268=ORIENTED_EDGE('',*,*,#2320,.T.);
#269=ORIENTED_EDGE('',*,*,#2315,.T.);
#270=ORIENTED_EDGE('',*,*,#2321,.F.);
#271=ORIENTED_EDGE('',*,*,#2322,.F.);
#272=ORIENTED_EDGE('',*,*,#2323,.T.);
#273=ORIENTED_EDGE('',*,*,#2319,.T.);
#274=ORIENTED_EDGE('',*,*,#2324,.F.);
#275=ORIENTED_EDGE('',*,*,#2325,.F.);
#276=ORIENTED_EDGE('',*,*,#2326,.T.);
#277=ORIENTED_EDGE('',*,*,#2327,.T.);
#278=ORIENTED_EDGE('',*,*,#2328,.F.);
#279=ORIENTED_EDGE('',*,*,#2329,.F.);
#280=ORIENTED_EDGE('',*,*,#2330,.T.);
#281=ORIENTED_EDGE('',*,*,#2325,.T.);
#282=ORIENTED_EDGE('',*,*,#2331,.F.);
#283=ORIENTED_EDGE('',*,*,#2332,.F.);
#284=ORIENTED_EDGE('',*,*,#2333,.T.);
#285=ORIENTED_EDGE('',*,*,#2329,.T.);
#286=ORIENTED_EDGE('',*,*,#2334,.F.);
#287=ORIENTED_EDGE('',*,*,#2335,.F.);
#288=ORIENTED_EDGE('',*,*,#2336,.T.);
#289=ORIENTED_EDGE('',*,*,#2337,.T.);
#290=ORIENTED_EDGE('',*,*,#2338,.F.);
#291=ORIENTED_EDGE('',*,*,#2339,.F.);
#292=ORIENTED_EDGE('',*,*,#2340,.T.);
#293=ORIENTED_EDGE('',*,*,#2335,.T.);
#294=ORIENTED_EDGE('',*,*,#2341,.F.);
#295=ORIENTED_EDGE('',*,*,#2342,.F.);
#296=ORIENTED_EDGE('',*,*,#2343,.T.);
#297=ORIENTED_EDGE('',*,*,#2339,.T.);
#298=ORIENTED_EDGE('',*,*,#2344,.F.);
#299=ORIENTED_EDGE('',*,*,#2345,.F.);
#300=ORIENTED_EDGE('',*,*,#2346,.T.);
#301=ORIENTED_EDGE('',*,*,#2347,.T.);
#302=ORIENTED_EDGE('',*,*,#2348,.F.);
#303=ORIENTED_EDGE('',*,*,#2349,.F.);
#304=ORIENTED_EDGE('',*,*,#2350,.T.);
#305=ORIENTED_EDGE('',*,*,#2345,.T.);
#306=ORIENTED_EDGE('',*,*,#2351,.F.);
#307=ORIENTED_EDGE('',*,*,#2352,.F.);
#308=ORIENTED_EDGE('',*,*,#2353,.T.);
#309=ORIENTED_EDGE('',*,*,#2349,.T.);
#310=ORIENTED_EDGE('',*,*,#2354,.F.);
#311=ORIENTED_EDGE('',*,*,#2355,.F.);
#312=ORIENTED_EDGE('',*,*,#2356,.T.);
#313=ORIENTED_EDGE('',*,*,#2357,.T.);
#314=ORIENTED_EDGE('',*,*,#2358,.F.);
#315=ORIENTED_EDGE('',*,*,#2359,.F.);
#316=ORIENTED_EDGE('',*,*,#2360,.T.);
#317=ORIENTED_EDGE('',*,*,#2355,.T.);
#318=ORIENTED_EDGE('',*,*,#2361,.F.);
#319=ORIENTED_EDGE('',*,*,#2362,.F.);
#320=ORIENTED_EDGE('',*,*,#2363,.T.);
#321=ORIENTED_EDGE('',*,*,#2359,.T.);
#322=ORIENTED_EDGE('',*,*,#2364,.F.);
#323=ORIENTED_EDGE('',*,*,#2365,.F.);
#324=ORIENTED_EDGE('',*,*,#2366,.T.);
#325=ORIENTED_EDGE('',*,*,#2367,.T.);
#326=ORIENTED_EDGE('',*,*,#2368,.F.);
#327=ORIENTED_EDGE('',*,*,#2369,.F.);
#328=ORIENTED_EDGE('',*,*,#2370,.T.);
#329=ORIENTED_EDGE('',*,*,#2365,.T.);
#330=ORIENTED_EDGE('',*,*,#2371,.F.);
#331=ORIENTED_EDGE('',*,*,#2372,.F.);
#332=ORIENTED_EDGE('',*,*,#2373,.T.);
#333=ORIENTED_EDGE('',*,*,#2369,.T.);
#334=ORIENTED_EDGE('',*,*,#2374,.F.);
#335=ORIENTED_EDGE('',*,*,#2375,.F.);
#336=ORIENTED_EDGE('',*,*,#2376,.T.);
#337=ORIENTED_EDGE('',*,*,#2377,.T.);
#338=ORIENTED_EDGE('',*,*,#2378,.F.);
#339=ORIENTED_EDGE('',*,*,#2379,.F.);
#340=ORIENTED_EDGE('',*,*,#2380,.T.);
#341=ORIENTED_EDGE('',*,*,#2375,.T.);
#342=ORIENTED_EDGE('',*,*,#2381,.F.);
#343=ORIENTED_EDGE('',*,*,#2382,.F.);
#344=ORIENTED_EDGE('',*,*,#2383,.T.);
#345=ORIENTED_EDGE('',*,*,#2379,.T.);
#346=ORIENTED_EDGE('',*,*,#2384,.F.);
#347=ORIENTED_EDGE('',*,*,#2385,.F.);
#348=ORIENTED_EDGE('',*,*,#2386,.T.);
#349=ORIENTED_EDGE('',*,*,#2387,.T.);
#350=ORIENTED_EDGE('',*,*,#2388,.F.);
#351=ORIENTED_EDGE('',*,*,#2389,.F.);
#352=ORIENTED_EDGE('',*,*,#2390,.T.);
#353=ORIENTED_EDGE('',*,*,#2385,.T.);
#354=ORIENTED_EDGE('',*,*,#2391,.F.);
#355=ORIENTED_EDGE('',*,*,#2392,.F.);
#356=ORIENTED_EDGE('',*,*,#2393,.T.);
#357=ORIENTED_EDGE('',*,*,#2389,.T.);
#358=ORIENTED_EDGE('',*,*,#2394,.F.);
#359=ORIENTED_EDGE('',*,*,#2395,.F.);
#360=ORIENTED_EDGE('',*,*,#2396,.T.);
#361=ORIENTED_EDGE('',*,*,#2397,.T.);
#362=ORIENTED_EDGE('',*,*,#2398,.F.);
#363=ORIENTED_EDGE('',*,*,#2399,.F.);
#364=ORIENTED_EDGE('',*,*,#2400,.T.);
#365=ORIENTED_EDGE('',*,*,#2395,.T.);
#366=ORIENTED_EDGE('',*,*,#2401,.F.);
#367=ORIENTED_EDGE('',*,*,#2402,.F.);
#368=ORIENTED_EDGE('',*,*,#2403,.T.);
#369=ORIENTED_EDGE('',*,*,#2399,.T.);
#370=ORIENTED_EDGE('',*,*,#2404,.F.);
#371=ORIENTED_EDGE('',*,*,#2405,.F.);
#372=ORIENTED_EDGE('',*,*,#2406,.T.);
#373=ORIENTED_EDGE('',*,*,#2407,.T.);
#374=ORIENTED_EDGE('',*,*,#2408,.F.);
#375=ORIENTED_EDGE('',*,*,#2409,.F.);
#376=ORIENTED_EDGE('',*,*,#2410,.T.);
#377=ORIENTED_EDGE('',*,*,#2405,.T.);
#378=ORIENTED_EDGE('',*,*,#2411,.F.);
#379=ORIENTED_EDGE('',*,*,#2412,.F.);
#380=ORIENTED_EDGE('',*,*,#2413,.T.);
#381=ORIENTED_EDGE('',*,*,#2409,.T.);
#382=ORIENTED_EDGE('',*,*,#2414,.F.);
#383=ORIENTED_EDGE('',*,*,#2415,.F.);
#384=ORIENTED_EDGE('',*,*,#2416,.T.);
#385=ORIENTED_EDGE('',*,*,#2417,.T.);
#386=ORIENTED_EDGE('',*,*,#2418,.F.);
#387=ORIENTED_EDGE('',*,*,#2419,.F.);
#388=ORIENTED_EDGE('',*,*,#2420,.T.);
#389=ORIENTED_EDGE('',*,*,#2415,.T.);
#390=ORIENTED_EDGE('',*,*,#2421,.F.);
#391=ORIENTED_EDGE('',*,*,#2422,.F.);
#392=ORIENTED_EDGE('',*,*,#2423,.T.);
#393=ORIENTED_EDGE('',*,*,#2419,.T.);
#394=ORIENTED_EDGE('',*,*,#2424,.F.);
#395=ORIENTED_EDGE('',*,*,#2425,.F.);
#396=ORIENTED_EDGE('',*,*,#2426,.T.);
#397=ORIENTED_EDGE('',*,*,#2427,.T.);
#398=ORIENTED_EDGE('',*,*,#2428,.F.);
#399=ORIENTED_EDGE('',*,*,#2429,.F.);
#400=ORIENTED_EDGE('',*,*,#2430,.T.);
#401=ORIENTED_EDGE('',*,*,#2425,.T.);
#402=ORIENTED_EDGE('',*,*,#2431,.F.);
#403=ORIENTED_EDGE('',*,*,#2432,.F.);
#404=ORIENTED_EDGE('',*,*,#2433,.T.);
#405=ORIENTED_EDGE('',*,*,#2429,.T.);
#406=ORIENTED_EDGE('',*,*,#2434,.F.);
#407=ORIENTED_EDGE('',*,*,#2435,.F.);
#408=ORIENTED_EDGE('',*,*,#2436,.T.);
#409=ORIENTED_EDGE('',*,*,#2437,.T.);
#410=ORIENTED_EDGE('',*,*,#2438,.F.);
#411=ORIENTED_EDGE('',*,*,#2439,.F.);
#412=ORIENTED_EDGE('',*,*,#2440,.T.);
#413=ORIENTED_EDGE('',*,*,#2435,.T.);
#414=ORIENTED_EDGE('',*,*,#2441,.F.);
#415=ORIENTED_EDGE('',*,*,#2442,.F.);
#416=ORIENTED_EDGE('',*,*,#2443,.T.);
#417=ORIENTED_EDGE('',*,*,#2439,.T.);
#418=ORIENTED_EDGE('',*,*,#2444,.F.);
#419=ORIENTED_EDGE('',*,*,#2307,.F.);
#420=ORIENTED_EDGE('',*,*,#2445,.T.);
#421=ORIENTED_EDGE('',*,*,#2312,.T.);
#422=ORIENTED_EDGE('',*,*,#2446,.F.);
#423=ORIENTED_EDGE('',*,*,#2317,.F.);
#424=ORIENTED_EDGE('',*,*,#2447,.T.);
#425=ORIENTED_EDGE('',*,*,#2322,.T.);
#426=ORIENTED_EDGE('',*,*,#2448,.F.);
#427=ORIENTED_EDGE('',*,*,#2327,.F.);
#428=ORIENTED_EDGE('',*,*,#2449,.T.);
#429=ORIENTED_EDGE('',*,*,#2332,.T.);
#430=ORIENTED_EDGE('',*,*,#2450,.F.);
#431=ORIENTED_EDGE('',*,*,#2337,.F.);
#432=ORIENTED_EDGE('',*,*,#2451,.T.);
#433=ORIENTED_EDGE('',*,*,#2342,.T.);
#434=ORIENTED_EDGE('',*,*,#2452,.F.);
#435=ORIENTED_EDGE('',*,*,#2347,.F.);
#436=ORIENTED_EDGE('',*,*,#2453,.T.);
#437=ORIENTED_EDGE('',*,*,#2352,.T.);
#438=ORIENTED_EDGE('',*,*,#2454,.F.);
#439=ORIENTED_EDGE('',*,*,#2357,.F.);
#440=ORIENTED_EDGE('',*,*,#2455,.T.);
#441=ORIENTED_EDGE('',*,*,#2362,.T.);
#442=ORIENTED_EDGE('',*,*,#2456,.F.);
#443=ORIENTED_EDGE('',*,*,#2367,.F.);
#444=ORIENTED_EDGE('',*,*,#2457,.T.);
#445=ORIENTED_EDGE('',*,*,#2372,.T.);
#446=ORIENTED_EDGE('',*,*,#2458,.F.);
#447=ORIENTED_EDGE('',*,*,#2377,.F.);
#448=ORIENTED_EDGE('',*,*,#2459,.T.);
#449=ORIENTED_EDGE('',*,*,#2382,.T.);
#450=ORIENTED_EDGE('',*,*,#2460,.F.);
#451=ORIENTED_EDGE('',*,*,#2387,.F.);
#452=ORIENTED_EDGE('',*,*,#2461,.T.);
#453=ORIENTED_EDGE('',*,*,#2392,.T.);
#454=ORIENTED_EDGE('',*,*,#2462,.F.);
#455=ORIENTED_EDGE('',*,*,#2397,.F.);
#456=ORIENTED_EDGE('',*,*,#2463,.T.);
#457=ORIENTED_EDGE('',*,*,#2402,.T.);
#458=ORIENTED_EDGE('',*,*,#2464,.F.);
#459=ORIENTED_EDGE('',*,*,#2407,.F.);
#460=ORIENTED_EDGE('',*,*,#2465,.T.);
#461=ORIENTED_EDGE('',*,*,#2412,.T.);
#462=ORIENTED_EDGE('',*,*,#2466,.F.);
#463=ORIENTED_EDGE('',*,*,#2417,.F.);
#464=ORIENTED_EDGE('',*,*,#2467,.T.);
#465=ORIENTED_EDGE('',*,*,#2422,.T.);
#466=ORIENTED_EDGE('',*,*,#2468,.F.);
#467=ORIENTED_EDGE('',*,*,#2427,.F.);
#468=ORIENTED_EDGE('',*,*,#2469,.T.);
#469=ORIENTED_EDGE('',*,*,#2432,.T.);
#470=ORIENTED_EDGE('',*,*,#2470,.F.);
#471=ORIENTED_EDGE('',*,*,#2437,.F.);
#472=ORIENTED_EDGE('',*,*,#2471,.T.);
#473=ORIENTED_EDGE('',*,*,#2442,.T.);
#474=ORIENTED_EDGE('',*,*,#2298,.T.);
#475=ORIENTED_EDGE('',*,*,#2472,.T.);
#476=ORIENTED_EDGE('',*,*,#2290,.F.);
#477=ORIENTED_EDGE('',*,*,#2473,.F.);
#478=ORIENTED_EDGE('',*,*,#2436,.F.);
#479=ORIENTED_EDGE('',*,*,#2440,.F.);
#480=ORIENTED_EDGE('',*,*,#2443,.F.);
#481=ORIENTED_EDGE('',*,*,#2471,.F.);
#482=ORIENTED_EDGE('',*,*,#2426,.F.);
#483=ORIENTED_EDGE('',*,*,#2430,.F.);
#484=ORIENTED_EDGE('',*,*,#2433,.F.);
#485=ORIENTED_EDGE('',*,*,#2469,.F.);
#486=ORIENTED_EDGE('',*,*,#2416,.F.);
#487=ORIENTED_EDGE('',*,*,#2420,.F.);
#488=ORIENTED_EDGE('',*,*,#2423,.F.);
#489=ORIENTED_EDGE('',*,*,#2467,.F.);
#490=ORIENTED_EDGE('',*,*,#2406,.F.);
#491=ORIENTED_EDGE('',*,*,#2410,.F.);
#492=ORIENTED_EDGE('',*,*,#2413,.F.);
#493=ORIENTED_EDGE('',*,*,#2465,.F.);
#494=ORIENTED_EDGE('',*,*,#2396,.F.);
#495=ORIENTED_EDGE('',*,*,#2400,.F.);
#496=ORIENTED_EDGE('',*,*,#2403,.F.);
#497=ORIENTED_EDGE('',*,*,#2463,.F.);
#498=ORIENTED_EDGE('',*,*,#2386,.F.);
#499=ORIENTED_EDGE('',*,*,#2390,.F.);
#500=ORIENTED_EDGE('',*,*,#2393,.F.);
#501=ORIENTED_EDGE('',*,*,#2461,.F.);
#502=ORIENTED_EDGE('',*,*,#2376,.F.);
#503=ORIENTED_EDGE('',*,*,#2380,.F.);
#504=ORIENTED_EDGE('',*,*,#2383,.F.);
#505=ORIENTED_EDGE('',*,*,#2459,.F.);
#506=ORIENTED_EDGE('',*,*,#2366,.F.);
#507=ORIENTED_EDGE('',*,*,#2370,.F.);
#508=ORIENTED_EDGE('',*,*,#2373,.F.);
#509=ORIENTED_EDGE('',*,*,#2457,.F.);
#510=ORIENTED_EDGE('',*,*,#2356,.F.);
#511=ORIENTED_EDGE('',*,*,#2360,.F.);
#512=ORIENTED_EDGE('',*,*,#2363,.F.);
#513=ORIENTED_EDGE('',*,*,#2455,.F.);
#514=ORIENTED_EDGE('',*,*,#2346,.F.);
#515=ORIENTED_EDGE('',*,*,#2350,.F.);
#516=ORIENTED_EDGE('',*,*,#2353,.F.);
#517=ORIENTED_EDGE('',*,*,#2453,.F.);
#518=ORIENTED_EDGE('',*,*,#2336,.F.);
#519=ORIENTED_EDGE('',*,*,#2340,.F.);
#520=ORIENTED_EDGE('',*,*,#2343,.F.);
#521=ORIENTED_EDGE('',*,*,#2451,.F.);
#522=ORIENTED_EDGE('',*,*,#2326,.F.);
#523=ORIENTED_EDGE('',*,*,#2330,.F.);
#524=ORIENTED_EDGE('',*,*,#2333,.F.);
#525=ORIENTED_EDGE('',*,*,#2449,.F.);
#526=ORIENTED_EDGE('',*,*,#2316,.F.);
#527=ORIENTED_EDGE('',*,*,#2320,.F.);
#528=ORIENTED_EDGE('',*,*,#2323,.F.);
#529=ORIENTED_EDGE('',*,*,#2447,.F.);
#530=ORIENTED_EDGE('',*,*,#2306,.F.);
#531=ORIENTED_EDGE('',*,*,#2310,.F.);
#532=ORIENTED_EDGE('',*,*,#2313,.F.);
#533=ORIENTED_EDGE('',*,*,#2445,.F.);
#534=ORIENTED_EDGE('',*,*,#2289,.T.);
#535=ORIENTED_EDGE('',*,*,#2294,.T.);
#536=ORIENTED_EDGE('',*,*,#2299,.T.);
#537=ORIENTED_EDGE('',*,*,#2473,.T.);
#538=ORIENTED_EDGE('',*,*,#2434,.T.);
#539=ORIENTED_EDGE('',*,*,#2470,.T.);
#540=ORIENTED_EDGE('',*,*,#2441,.T.);
#541=ORIENTED_EDGE('',*,*,#2438,.T.);
#542=ORIENTED_EDGE('',*,*,#2424,.T.);
#543=ORIENTED_EDGE('',*,*,#2468,.T.);
#544=ORIENTED_EDGE('',*,*,#2431,.T.);
#545=ORIENTED_EDGE('',*,*,#2428,.T.);
#546=ORIENTED_EDGE('',*,*,#2414,.T.);
#547=ORIENTED_EDGE('',*,*,#2466,.T.);
#548=ORIENTED_EDGE('',*,*,#2421,.T.);
#549=ORIENTED_EDGE('',*,*,#2418,.T.);
#550=ORIENTED_EDGE('',*,*,#2404,.T.);
#551=ORIENTED_EDGE('',*,*,#2464,.T.);
#552=ORIENTED_EDGE('',*,*,#2411,.T.);
#553=ORIENTED_EDGE('',*,*,#2408,.T.);
#554=ORIENTED_EDGE('',*,*,#2394,.T.);
#555=ORIENTED_EDGE('',*,*,#2462,.T.);
#556=ORIENTED_EDGE('',*,*,#2401,.T.);
#557=ORIENTED_EDGE('',*,*,#2398,.T.);
#558=ORIENTED_EDGE('',*,*,#2384,.T.);
#559=ORIENTED_EDGE('',*,*,#2460,.T.);
#560=ORIENTED_EDGE('',*,*,#2391,.T.);
#561=ORIENTED_EDGE('',*,*,#2388,.T.);
#562=ORIENTED_EDGE('',*,*,#2374,.T.);
#563=ORIENTED_EDGE('',*,*,#2458,.T.);
#564=ORIENTED_EDGE('',*,*,#2381,.T.);
#565=ORIENTED_EDGE('',*,*,#2378,.T.);
#566=ORIENTED_EDGE('',*,*,#2364,.T.);
#567=ORIENTED_EDGE('',*,*,#2456,.T.);
#568=ORIENTED_EDGE('',*,*,#2371,.T.);
#569=ORIENTED_EDGE('',*,*,#2368,.T.);
#570=ORIENTED_EDGE('',*,*,#2354,.T.);
#571=ORIENTED_EDGE('',*,*,#2454,.T.);
#572=ORIENTED_EDGE('',*,*,#2361,.T.);
#573=ORIENTED_EDGE('',*,*,#2358,.T.);
#574=ORIENTED_EDGE('',*,*,#2344,.T.);
#575=ORIENTED_EDGE('',*,*,#2452,.T.);
#576=ORIENTED_EDGE('',*,*,#2351,.T.);
#577=ORIENTED_EDGE('',*,*,#2348,.T.);
#578=ORIENTED_EDGE('',*,*,#2334,.T.);
#579=ORIENTED_EDGE('',*,*,#2450,.T.);
#580=ORIENTED_EDGE('',*,*,#2341,.T.);
#581=ORIENTED_EDGE('',*,*,#2338,.T.);
#582=ORIENTED_EDGE('',*,*,#2324,.T.);
#583=ORIENTED_EDGE('',*,*,#2448,.T.);
#584=ORIENTED_EDGE('',*,*,#2331,.T.);
#585=ORIENTED_EDGE('',*,*,#2328,.T.);
#586=ORIENTED_EDGE('',*,*,#2314,.T.);
#587=ORIENTED_EDGE('',*,*,#2446,.T.);
#588=ORIENTED_EDGE('',*,*,#2321,.T.);
#589=ORIENTED_EDGE('',*,*,#2318,.T.);
#590=ORIENTED_EDGE('',*,*,#2304,.T.);
#591=ORIENTED_EDGE('',*,*,#2444,.T.);
#592=ORIENTED_EDGE('',*,*,#2311,.T.);
#593=ORIENTED_EDGE('',*,*,#2308,.T.);
#594=ORIENTED_EDGE('',*,*,#2284,.F.);
#595=ORIENTED_EDGE('',*,*,#2277,.F.);
#596=ORIENTED_EDGE('',*,*,#2303,.F.);
#597=ORIENTED_EDGE('',*,*,#2281,.F.);
#598=ORIENTED_EDGE('',*,*,#2474,.F.);
#599=ORIENTED_EDGE('',*,*,#2475,.F.);
#600=ORIENTED_EDGE('',*,*,#2286,.T.);
#601=ORIENTED_EDGE('',*,*,#2476,.F.);
#602=ORIENTED_EDGE('',*,*,#2301,.F.);
#603=ORIENTED_EDGE('',*,*,#2477,.T.);
#604=ORIENTED_EDGE('',*,*,#2285,.T.);
#605=ORIENTED_EDGE('',*,*,#2279,.F.);
#606=ORIENTED_EDGE('',*,*,#2302,.F.);
#607=ORIENTED_EDGE('',*,*,#2476,.T.);
#608=ORIENTED_EDGE('',*,*,#2287,.T.);
#609=ORIENTED_EDGE('',*,*,#2477,.F.);
#610=ORIENTED_EDGE('',*,*,#2300,.F.);
#611=ORIENTED_EDGE('',*,*,#2292,.T.);
#612=ORIENTED_EDGE('',*,*,#2283,.T.);
#613=ORIENTED_EDGE('',*,*,#2478,.F.);
#614=ORIENTED_EDGE('',*,*,#2295,.F.);
#615=ORIENTED_EDGE('',*,*,#2275,.T.);
#616=ORIENTED_EDGE('',*,*,#2282,.T.);
#617=ORIENTED_EDGE('',*,*,#2479,.F.);
#618=ORIENTED_EDGE('',*,*,#2296,.F.);
#619=ORIENTED_EDGE('',*,*,#2478,.T.);
#620=ORIENTED_EDGE('',*,*,#2291,.T.);
#621=ORIENTED_EDGE('',*,*,#2472,.F.);
#622=ORIENTED_EDGE('',*,*,#2297,.F.);
#623=ORIENTED_EDGE('',*,*,#2479,.T.);
#624=ORIENTED_EDGE('',*,*,#2480,.F.);
#625=ORIENTED_EDGE('',*,*,#2475,.T.);
#626=ORIENTED_EDGE('',*,*,#2481,.F.);
#627=ORIENTED_EDGE('',*,*,#2480,.T.);
#628=ORIENTED_EDGE('',*,*,#2481,.T.);
#629=ORIENTED_EDGE('',*,*,#2482,.F.);
#630=ORIENTED_EDGE('',*,*,#2474,.T.);
#631=ORIENTED_EDGE('',*,*,#2483,.F.);
#632=ORIENTED_EDGE('',*,*,#2482,.T.);
#633=ORIENTED_EDGE('',*,*,#2483,.T.);
#634=ORIENTED_EDGE('',*,*,#2484,.F.);
#635=ORIENTED_EDGE('',*,*,#2485,.T.);
#636=ORIENTED_EDGE('',*,*,#2486,.F.);
#637=ORIENTED_EDGE('',*,*,#2487,.F.);
#638=ORIENTED_EDGE('',*,*,#2488,.F.);
#639=ORIENTED_EDGE('',*,*,#2489,.F.);
#640=ORIENTED_EDGE('',*,*,#2490,.F.);
#641=ORIENTED_EDGE('',*,*,#2491,.T.);
#642=ORIENTED_EDGE('',*,*,#2492,.F.);
#643=ORIENTED_EDGE('',*,*,#2493,.F.);
#644=ORIENTED_EDGE('',*,*,#2494,.F.);
#645=ORIENTED_EDGE('',*,*,#2495,.T.);
#646=ORIENTED_EDGE('',*,*,#2496,.F.);
#647=ORIENTED_EDGE('',*,*,#2497,.F.);
#648=ORIENTED_EDGE('',*,*,#2498,.F.);
#649=ORIENTED_EDGE('',*,*,#2499,.T.);
#650=ORIENTED_EDGE('',*,*,#2500,.F.);
#651=ORIENTED_EDGE('',*,*,#2501,.F.);
#652=ORIENTED_EDGE('',*,*,#2502,.F.);
#653=ORIENTED_EDGE('',*,*,#2503,.T.);
#654=ORIENTED_EDGE('',*,*,#2504,.F.);
#655=ORIENTED_EDGE('',*,*,#2505,.F.);
#656=ORIENTED_EDGE('',*,*,#2506,.F.);
#657=ORIENTED_EDGE('',*,*,#2507,.T.);
#658=ORIENTED_EDGE('',*,*,#2508,.F.);
#659=ORIENTED_EDGE('',*,*,#2509,.T.);
#660=ORIENTED_EDGE('',*,*,#2510,.F.);
#661=ORIENTED_EDGE('',*,*,#2511,.F.);
#662=ORIENTED_EDGE('',*,*,#2512,.F.);
#663=ORIENTED_EDGE('',*,*,#2513,.F.);
#664=ORIENTED_EDGE('',*,*,#2514,.F.);
#665=ORIENTED_EDGE('',*,*,#2515,.T.);
#666=ORIENTED_EDGE('',*,*,#2516,.F.);
#667=ORIENTED_EDGE('',*,*,#2517,.F.);
#668=ORIENTED_EDGE('',*,*,#2518,.F.);
#669=ORIENTED_EDGE('',*,*,#2519,.T.);
#670=ORIENTED_EDGE('',*,*,#2520,.F.);
#671=ORIENTED_EDGE('',*,*,#2521,.F.);
#672=ORIENTED_EDGE('',*,*,#2522,.F.);
#673=ORIENTED_EDGE('',*,*,#2523,.T.);
#674=ORIENTED_EDGE('',*,*,#2524,.F.);
#675=ORIENTED_EDGE('',*,*,#2525,.F.);
#676=ORIENTED_EDGE('',*,*,#2526,.F.);
#677=ORIENTED_EDGE('',*,*,#2527,.T.);
#678=ORIENTED_EDGE('',*,*,#2528,.F.);
#679=ORIENTED_EDGE('',*,*,#2529,.F.);
#680=ORIENTED_EDGE('',*,*,#2530,.F.);
#681=ORIENTED_EDGE('',*,*,#2531,.T.);
#682=ORIENTED_EDGE('',*,*,#2532,.F.);
#683=ORIENTED_EDGE('',*,*,#2509,.F.);
#684=ORIENTED_EDGE('',*,*,#2533,.F.);
#685=ORIENTED_EDGE('',*,*,#2534,.T.);
#686=ORIENTED_EDGE('',*,*,#2535,.F.);
#687=ORIENTED_EDGE('',*,*,#2515,.F.);
#688=ORIENTED_EDGE('',*,*,#2536,.F.);
#689=ORIENTED_EDGE('',*,*,#2537,.T.);
#690=ORIENTED_EDGE('',*,*,#2538,.F.);
#691=ORIENTED_EDGE('',*,*,#2519,.F.);
#692=ORIENTED_EDGE('',*,*,#2539,.F.);
#693=ORIENTED_EDGE('',*,*,#2540,.T.);
#694=ORIENTED_EDGE('',*,*,#2541,.F.);
#695=ORIENTED_EDGE('',*,*,#2523,.F.);
#696=ORIENTED_EDGE('',*,*,#2542,.F.);
#697=ORIENTED_EDGE('',*,*,#2543,.T.);
#698=ORIENTED_EDGE('',*,*,#2544,.F.);
#699=ORIENTED_EDGE('',*,*,#2527,.F.);
#700=ORIENTED_EDGE('',*,*,#2545,.F.);
#701=ORIENTED_EDGE('',*,*,#2546,.T.);
#702=ORIENTED_EDGE('',*,*,#2547,.F.);
#703=ORIENTED_EDGE('',*,*,#2531,.F.);
#704=ORIENTED_EDGE('',*,*,#2548,.F.);
#705=ORIENTED_EDGE('',*,*,#2549,.T.);
#706=ORIENTED_EDGE('',*,*,#2550,.F.);
#707=ORIENTED_EDGE('',*,*,#2534,.F.);
#708=ORIENTED_EDGE('',*,*,#2551,.T.);
#709=ORIENTED_EDGE('',*,*,#2552,.T.);
#710=ORIENTED_EDGE('',*,*,#2553,.F.);
#711=ORIENTED_EDGE('',*,*,#2537,.F.);
#712=ORIENTED_EDGE('',*,*,#2554,.T.);
#713=ORIENTED_EDGE('',*,*,#2555,.T.);
#714=ORIENTED_EDGE('',*,*,#2556,.F.);
#715=ORIENTED_EDGE('',*,*,#2540,.F.);
#716=ORIENTED_EDGE('',*,*,#2557,.T.);
#717=ORIENTED_EDGE('',*,*,#2558,.T.);
#718=ORIENTED_EDGE('',*,*,#2559,.F.);
#719=ORIENTED_EDGE('',*,*,#2543,.F.);
#720=ORIENTED_EDGE('',*,*,#2560,.T.);
#721=ORIENTED_EDGE('',*,*,#2561,.T.);
#722=ORIENTED_EDGE('',*,*,#2562,.F.);
#723=ORIENTED_EDGE('',*,*,#2546,.F.);
#724=ORIENTED_EDGE('',*,*,#2563,.T.);
#725=ORIENTED_EDGE('',*,*,#2564,.T.);
#726=ORIENTED_EDGE('',*,*,#2565,.F.);
#727=ORIENTED_EDGE('',*,*,#2549,.F.);
#728=ORIENTED_EDGE('',*,*,#2566,.T.);
#729=ORIENTED_EDGE('',*,*,#2567,.T.);
#730=ORIENTED_EDGE('',*,*,#2568,.F.);
#731=ORIENTED_EDGE('',*,*,#2552,.F.);
#732=ORIENTED_EDGE('',*,*,#2569,.F.);
#733=ORIENTED_EDGE('',*,*,#2570,.T.);
#734=ORIENTED_EDGE('',*,*,#2571,.F.);
#735=ORIENTED_EDGE('',*,*,#2555,.F.);
#736=ORIENTED_EDGE('',*,*,#2572,.F.);
#737=ORIENTED_EDGE('',*,*,#2573,.T.);
#738=ORIENTED_EDGE('',*,*,#2574,.F.);
#739=ORIENTED_EDGE('',*,*,#2558,.F.);
#740=ORIENTED_EDGE('',*,*,#2575,.F.);
#741=ORIENTED_EDGE('',*,*,#2576,.T.);
#742=ORIENTED_EDGE('',*,*,#2577,.F.);
#743=ORIENTED_EDGE('',*,*,#2561,.F.);
#744=ORIENTED_EDGE('',*,*,#2578,.F.);
#745=ORIENTED_EDGE('',*,*,#2579,.T.);
#746=ORIENTED_EDGE('',*,*,#2580,.F.);
#747=ORIENTED_EDGE('',*,*,#2564,.F.);
#748=ORIENTED_EDGE('',*,*,#2581,.F.);
#749=ORIENTED_EDGE('',*,*,#2582,.T.);
#750=ORIENTED_EDGE('',*,*,#2583,.F.);
#751=ORIENTED_EDGE('',*,*,#2567,.F.);
#752=ORIENTED_EDGE('',*,*,#2584,.F.);
#753=ORIENTED_EDGE('',*,*,#2585,.T.);
#754=ORIENTED_EDGE('',*,*,#2586,.F.);
#755=ORIENTED_EDGE('',*,*,#2587,.T.);
#756=ORIENTED_EDGE('',*,*,#2588,.F.);
#757=ORIENTED_EDGE('',*,*,#2570,.F.);
#758=ORIENTED_EDGE('',*,*,#2589,.F.);
#759=ORIENTED_EDGE('',*,*,#2573,.F.);
#760=ORIENTED_EDGE('',*,*,#2590,.F.);
#761=ORIENTED_EDGE('',*,*,#2591,.T.);
#762=ORIENTED_EDGE('',*,*,#2592,.F.);
#763=ORIENTED_EDGE('',*,*,#2576,.F.);
#764=ORIENTED_EDGE('',*,*,#2593,.F.);
#765=ORIENTED_EDGE('',*,*,#2594,.T.);
#766=ORIENTED_EDGE('',*,*,#2595,.F.);
#767=ORIENTED_EDGE('',*,*,#2579,.F.);
#768=ORIENTED_EDGE('',*,*,#2596,.F.);
#769=ORIENTED_EDGE('',*,*,#2597,.T.);
#770=ORIENTED_EDGE('',*,*,#2598,.F.);
#771=ORIENTED_EDGE('',*,*,#2582,.F.);
#772=ORIENTED_EDGE('',*,*,#2599,.F.);
#773=ORIENTED_EDGE('',*,*,#2600,.T.);
#774=ORIENTED_EDGE('',*,*,#2601,.F.);
#775=ORIENTED_EDGE('',*,*,#2585,.F.);
#776=ORIENTED_EDGE('',*,*,#2602,.F.);
#777=ORIENTED_EDGE('',*,*,#2603,.T.);
#778=ORIENTED_EDGE('',*,*,#2604,.F.);
#779=ORIENTED_EDGE('',*,*,#2605,.T.);
#780=ORIENTED_EDGE('',*,*,#2606,.F.);
#781=ORIENTED_EDGE('',*,*,#2607,.F.);
#782=ORIENTED_EDGE('',*,*,#2608,.F.);
#783=ORIENTED_EDGE('',*,*,#2609,.F.);
#784=ORIENTED_EDGE('',*,*,#2610,.F.);
#785=ORIENTED_EDGE('',*,*,#2611,.T.);
#786=ORIENTED_EDGE('',*,*,#2612,.F.);
#787=ORIENTED_EDGE('',*,*,#2613,.F.);
#788=ORIENTED_EDGE('',*,*,#2614,.F.);
#789=ORIENTED_EDGE('',*,*,#2615,.T.);
#790=ORIENTED_EDGE('',*,*,#2616,.F.);
#791=ORIENTED_EDGE('',*,*,#2617,.F.);
#792=ORIENTED_EDGE('',*,*,#2618,.F.);
#793=ORIENTED_EDGE('',*,*,#2619,.T.);
#794=ORIENTED_EDGE('',*,*,#2620,.F.);
#795=ORIENTED_EDGE('',*,*,#2621,.F.);
#796=ORIENTED_EDGE('',*,*,#2622,.F.);
#797=ORIENTED_EDGE('',*,*,#2623,.T.);
#798=ORIENTED_EDGE('',*,*,#2624,.F.);
#799=ORIENTED_EDGE('',*,*,#2625,.F.);
#800=ORIENTED_EDGE('',*,*,#2626,.F.);
#801=ORIENTED_EDGE('',*,*,#2627,.T.);
#802=ORIENTED_EDGE('',*,*,#2628,.F.);
#803=ORIENTED_EDGE('',*,*,#2605,.F.);
#804=ORIENTED_EDGE('',*,*,#2629,.F.);
#805=ORIENTED_EDGE('',*,*,#2630,.T.);
#806=ORIENTED_EDGE('',*,*,#2631,.F.);
#807=ORIENTED_EDGE('',*,*,#2611,.F.);
#808=ORIENTED_EDGE('',*,*,#2632,.F.);
#809=ORIENTED_EDGE('',*,*,#2633,.T.);
#810=ORIENTED_EDGE('',*,*,#2634,.F.);
#811=ORIENTED_EDGE('',*,*,#2615,.F.);
#812=ORIENTED_EDGE('',*,*,#2635,.F.);
#813=ORIENTED_EDGE('',*,*,#2636,.T.);
#814=ORIENTED_EDGE('',*,*,#2637,.F.);
#815=ORIENTED_EDGE('',*,*,#2619,.F.);
#816=ORIENTED_EDGE('',*,*,#2638,.F.);
#817=ORIENTED_EDGE('',*,*,#2639,.T.);
#818=ORIENTED_EDGE('',*,*,#2640,.F.);
#819=ORIENTED_EDGE('',*,*,#2623,.F.);
#820=ORIENTED_EDGE('',*,*,#2641,.F.);
#821=ORIENTED_EDGE('',*,*,#2642,.T.);
#822=ORIENTED_EDGE('',*,*,#2643,.F.);
#823=ORIENTED_EDGE('',*,*,#2627,.F.);
#824=ORIENTED_EDGE('',*,*,#2644,.F.);
#825=ORIENTED_EDGE('',*,*,#2645,.T.);
#826=ORIENTED_EDGE('',*,*,#2646,.F.);
#827=ORIENTED_EDGE('',*,*,#2630,.F.);
#828=ORIENTED_EDGE('',*,*,#2647,.T.);
#829=ORIENTED_EDGE('',*,*,#2648,.T.);
#830=ORIENTED_EDGE('',*,*,#2649,.F.);
#831=ORIENTED_EDGE('',*,*,#2633,.F.);
#832=ORIENTED_EDGE('',*,*,#2650,.T.);
#833=ORIENTED_EDGE('',*,*,#2651,.T.);
#834=ORIENTED_EDGE('',*,*,#2652,.F.);
#835=ORIENTED_EDGE('',*,*,#2636,.F.);
#836=ORIENTED_EDGE('',*,*,#2653,.T.);
#837=ORIENTED_EDGE('',*,*,#2654,.T.);
#838=ORIENTED_EDGE('',*,*,#2655,.F.);
#839=ORIENTED_EDGE('',*,*,#2639,.F.);
#840=ORIENTED_EDGE('',*,*,#2656,.T.);
#841=ORIENTED_EDGE('',*,*,#2657,.T.);
#842=ORIENTED_EDGE('',*,*,#2658,.F.);
#843=ORIENTED_EDGE('',*,*,#2642,.F.);
#844=ORIENTED_EDGE('',*,*,#2659,.T.);
#845=ORIENTED_EDGE('',*,*,#2660,.T.);
#846=ORIENTED_EDGE('',*,*,#2661,.F.);
#847=ORIENTED_EDGE('',*,*,#2645,.F.);
#848=ORIENTED_EDGE('',*,*,#2662,.T.);
#849=ORIENTED_EDGE('',*,*,#2663,.T.);
#850=ORIENTED_EDGE('',*,*,#2664,.F.);
#851=ORIENTED_EDGE('',*,*,#2648,.F.);
#852=ORIENTED_EDGE('',*,*,#2665,.F.);
#853=ORIENTED_EDGE('',*,*,#2487,.T.);
#854=ORIENTED_EDGE('',*,*,#2666,.F.);
#855=ORIENTED_EDGE('',*,*,#2651,.F.);
#856=ORIENTED_EDGE('',*,*,#2667,.F.);
#857=ORIENTED_EDGE('',*,*,#2489,.T.);
#858=ORIENTED_EDGE('',*,*,#2668,.F.);
#859=ORIENTED_EDGE('',*,*,#2654,.F.);
#860=ORIENTED_EDGE('',*,*,#2669,.F.);
#861=ORIENTED_EDGE('',*,*,#2493,.T.);
#862=ORIENTED_EDGE('',*,*,#2670,.F.);
#863=ORIENTED_EDGE('',*,*,#2657,.F.);
#864=ORIENTED_EDGE('',*,*,#2671,.F.);
#865=ORIENTED_EDGE('',*,*,#2497,.T.);
#866=ORIENTED_EDGE('',*,*,#2672,.F.);
#867=ORIENTED_EDGE('',*,*,#2660,.F.);
#868=ORIENTED_EDGE('',*,*,#2673,.F.);
#869=ORIENTED_EDGE('',*,*,#2501,.T.);
#870=ORIENTED_EDGE('',*,*,#2674,.F.);
#871=ORIENTED_EDGE('',*,*,#2663,.F.);
#872=ORIENTED_EDGE('',*,*,#2675,.F.);
#873=ORIENTED_EDGE('',*,*,#2505,.T.);
#874=ORIENTED_EDGE('',*,*,#2676,.F.);
#875=ORIENTED_EDGE('',*,*,#2677,.F.);
#876=ORIENTED_EDGE('',*,*,#2678,.T.);
#877=ORIENTED_EDGE('',*,*,#2679,.T.);
#878=ORIENTED_EDGE('',*,*,#2680,.F.);
#879=ORIENTED_EDGE('',*,*,#2681,.F.);
#880=ORIENTED_EDGE('',*,*,#2682,.F.);
#881=ORIENTED_EDGE('',*,*,#2491,.F.);
#882=ORIENTED_EDGE('',*,*,#2683,.F.);
#883=ORIENTED_EDGE('',*,*,#2684,.F.);
#884=ORIENTED_EDGE('',*,*,#2685,.F.);
#885=ORIENTED_EDGE('',*,*,#2495,.F.);
#886=ORIENTED_EDGE('',*,*,#2686,.F.);
#887=ORIENTED_EDGE('',*,*,#2687,.F.);
#888=ORIENTED_EDGE('',*,*,#2688,.F.);
#889=ORIENTED_EDGE('',*,*,#2499,.F.);
#890=ORIENTED_EDGE('',*,*,#2689,.F.);
#891=ORIENTED_EDGE('',*,*,#2690,.F.);
#892=ORIENTED_EDGE('',*,*,#2691,.F.);
#893=ORIENTED_EDGE('',*,*,#2503,.F.);
#894=ORIENTED_EDGE('',*,*,#2692,.F.);
#895=ORIENTED_EDGE('',*,*,#2693,.F.);
#896=ORIENTED_EDGE('',*,*,#2694,.F.);
#897=ORIENTED_EDGE('',*,*,#2507,.F.);
#898=ORIENTED_EDGE('',*,*,#2695,.F.);
#899=ORIENTED_EDGE('',*,*,#2696,.F.);
#900=ORIENTED_EDGE('',*,*,#2697,.F.);
#901=ORIENTED_EDGE('',*,*,#2679,.F.);
#902=ORIENTED_EDGE('',*,*,#2698,.T.);
#903=ORIENTED_EDGE('',*,*,#2699,.T.);
#904=ORIENTED_EDGE('',*,*,#2700,.F.);
#905=ORIENTED_EDGE('',*,*,#2485,.F.);
#906=ORIENTED_EDGE('',*,*,#2701,.F.);
#907=ORIENTED_EDGE('',*,*,#2511,.T.);
#908=ORIENTED_EDGE('',*,*,#2702,.F.);
#909=ORIENTED_EDGE('',*,*,#2699,.F.);
#910=ORIENTED_EDGE('',*,*,#2703,.T.);
#911=ORIENTED_EDGE('',*,*,#2704,.T.);
#912=ORIENTED_EDGE('',*,*,#2705,.F.);
#913=ORIENTED_EDGE('',*,*,#2706,.F.);
#914=ORIENTED_EDGE('',*,*,#2707,.F.);
#915=ORIENTED_EDGE('',*,*,#2529,.T.);
#916=ORIENTED_EDGE('',*,*,#2708,.F.);
#917=ORIENTED_EDGE('',*,*,#2709,.F.);
#918=ORIENTED_EDGE('',*,*,#2710,.F.);
#919=ORIENTED_EDGE('',*,*,#2525,.T.);
#920=ORIENTED_EDGE('',*,*,#2711,.F.);
#921=ORIENTED_EDGE('',*,*,#2712,.F.);
#922=ORIENTED_EDGE('',*,*,#2713,.F.);
#923=ORIENTED_EDGE('',*,*,#2521,.T.);
#924=ORIENTED_EDGE('',*,*,#2714,.F.);
#925=ORIENTED_EDGE('',*,*,#2715,.F.);
#926=ORIENTED_EDGE('',*,*,#2716,.F.);
#927=ORIENTED_EDGE('',*,*,#2517,.T.);
#928=ORIENTED_EDGE('',*,*,#2717,.F.);
#929=ORIENTED_EDGE('',*,*,#2718,.F.);
#930=ORIENTED_EDGE('',*,*,#2719,.F.);
#931=ORIENTED_EDGE('',*,*,#2513,.T.);
#932=ORIENTED_EDGE('',*,*,#2720,.F.);
#933=ORIENTED_EDGE('',*,*,#2721,.F.);
#934=ORIENTED_EDGE('',*,*,#2722,.F.);
#935=ORIENTED_EDGE('',*,*,#2704,.F.);
#936=ORIENTED_EDGE('',*,*,#2723,.T.);
#937=ORIENTED_EDGE('',*,*,#2724,.T.);
#938=ORIENTED_EDGE('',*,*,#2725,.F.);
#939=ORIENTED_EDGE('',*,*,#2724,.F.);
#940=ORIENTED_EDGE('',*,*,#2726,.F.);
#941=ORIENTED_EDGE('',*,*,#2727,.T.);
#942=ORIENTED_EDGE('',*,*,#2728,.F.);
#943=ORIENTED_EDGE('',*,*,#2727,.F.);
#944=ORIENTED_EDGE('',*,*,#2729,.T.);
#945=ORIENTED_EDGE('',*,*,#2730,.T.);
#946=ORIENTED_EDGE('',*,*,#2731,.F.);
#947=ORIENTED_EDGE('',*,*,#2730,.F.);
#948=ORIENTED_EDGE('',*,*,#2732,.F.);
#949=ORIENTED_EDGE('',*,*,#2733,.T.);
#950=ORIENTED_EDGE('',*,*,#2734,.F.);
#951=ORIENTED_EDGE('',*,*,#2733,.F.);
#952=ORIENTED_EDGE('',*,*,#2735,.T.);
#953=ORIENTED_EDGE('',*,*,#2736,.T.);
#954=ORIENTED_EDGE('',*,*,#2737,.T.);
#955=ORIENTED_EDGE('',*,*,#2738,.T.);
#956=ORIENTED_EDGE('',*,*,#2696,.T.);
#957=ORIENTED_EDGE('',*,*,#2739,.F.);
#958=ORIENTED_EDGE('',*,*,#2625,.T.);
#959=ORIENTED_EDGE('',*,*,#2740,.T.);
#960=ORIENTED_EDGE('',*,*,#2693,.T.);
#961=ORIENTED_EDGE('',*,*,#2741,.F.);
#962=ORIENTED_EDGE('',*,*,#2621,.T.);
#963=ORIENTED_EDGE('',*,*,#2742,.T.);
#964=ORIENTED_EDGE('',*,*,#2690,.T.);
#965=ORIENTED_EDGE('',*,*,#2743,.F.);
#966=ORIENTED_EDGE('',*,*,#2617,.T.);
#967=ORIENTED_EDGE('',*,*,#2744,.T.);
#968=ORIENTED_EDGE('',*,*,#2687,.T.);
#969=ORIENTED_EDGE('',*,*,#2745,.F.);
#970=ORIENTED_EDGE('',*,*,#2613,.T.);
#971=ORIENTED_EDGE('',*,*,#2746,.T.);
#972=ORIENTED_EDGE('',*,*,#2684,.T.);
#973=ORIENTED_EDGE('',*,*,#2747,.F.);
#974=ORIENTED_EDGE('',*,*,#2609,.T.);
#975=ORIENTED_EDGE('',*,*,#2748,.T.);
#976=ORIENTED_EDGE('',*,*,#2681,.T.);
#977=ORIENTED_EDGE('',*,*,#2749,.F.);
#978=ORIENTED_EDGE('',*,*,#2607,.T.);
#979=ORIENTED_EDGE('',*,*,#2750,.F.);
#980=ORIENTED_EDGE('',*,*,#2587,.F.);
#981=ORIENTED_EDGE('',*,*,#2751,.F.);
#982=ORIENTED_EDGE('',*,*,#2721,.T.);
#983=ORIENTED_EDGE('',*,*,#2752,.T.);
#984=ORIENTED_EDGE('',*,*,#2591,.F.);
#985=ORIENTED_EDGE('',*,*,#2753,.F.);
#986=ORIENTED_EDGE('',*,*,#2718,.T.);
#987=ORIENTED_EDGE('',*,*,#2754,.T.);
#988=ORIENTED_EDGE('',*,*,#2594,.F.);
#989=ORIENTED_EDGE('',*,*,#2755,.F.);
#990=ORIENTED_EDGE('',*,*,#2715,.T.);
#991=ORIENTED_EDGE('',*,*,#2756,.T.);
#992=ORIENTED_EDGE('',*,*,#2597,.F.);
#993=ORIENTED_EDGE('',*,*,#2757,.F.);
#994=ORIENTED_EDGE('',*,*,#2712,.T.);
#995=ORIENTED_EDGE('',*,*,#2758,.T.);
#996=ORIENTED_EDGE('',*,*,#2600,.F.);
#997=ORIENTED_EDGE('',*,*,#2759,.F.);
#998=ORIENTED_EDGE('',*,*,#2709,.T.);
#999=ORIENTED_EDGE('',*,*,#2760,.T.);
#1000=ORIENTED_EDGE('',*,*,#2603,.F.);
#1001=ORIENTED_EDGE('',*,*,#2761,.F.);
#1002=ORIENTED_EDGE('',*,*,#2706,.T.);
#1003=ORIENTED_EDGE('',*,*,#2762,.T.);
#1004=ORIENTED_EDGE('',*,*,#2736,.F.);
#1005=ORIENTED_EDGE('',*,*,#2763,.T.);
#1006=ORIENTED_EDGE('',*,*,#2764,.F.);
#1007=ORIENTED_EDGE('',*,*,#2737,.F.);
#1008=ORIENTED_EDGE('',*,*,#2765,.T.);
#1009=ORIENTED_EDGE('',*,*,#2766,.T.);
#1010=ORIENTED_EDGE('',*,*,#2767,.F.);
#1011=ORIENTED_EDGE('',*,*,#2766,.F.);
#1012=ORIENTED_EDGE('',*,*,#2768,.F.);
#1013=ORIENTED_EDGE('',*,*,#2769,.T.);
#1014=ORIENTED_EDGE('',*,*,#2770,.F.);
#1015=ORIENTED_EDGE('',*,*,#2769,.F.);
#1016=ORIENTED_EDGE('',*,*,#2771,.T.);
#1017=ORIENTED_EDGE('',*,*,#2772,.T.);
#1018=ORIENTED_EDGE('',*,*,#2773,.F.);
#1019=ORIENTED_EDGE('',*,*,#2772,.F.);
#1020=ORIENTED_EDGE('',*,*,#2774,.F.);
#1021=ORIENTED_EDGE('',*,*,#2677,.T.);
#1022=ORIENTED_EDGE('',*,*,#2763,.F.);
#1023=ORIENTED_EDGE('',*,*,#2735,.F.);
#1024=ORIENTED_EDGE('',*,*,#2775,.F.);
#1025=ORIENTED_EDGE('',*,*,#2723,.F.);
#1026=ORIENTED_EDGE('',*,*,#2703,.F.);
#1027=ORIENTED_EDGE('',*,*,#2698,.F.);
#1028=ORIENTED_EDGE('',*,*,#2678,.F.);
#1029=ORIENTED_EDGE('',*,*,#2776,.F.);
#1030=ORIENTED_EDGE('',*,*,#2765,.F.);
#1031=ORIENTED_EDGE('',*,*,#2702,.T.);
#1032=ORIENTED_EDGE('',*,*,#2510,.T.);
#1033=ORIENTED_EDGE('',*,*,#2777,.T.);
#1034=ORIENTED_EDGE('',*,*,#2588,.T.);
#1035=ORIENTED_EDGE('',*,*,#2750,.T.);
#1036=ORIENTED_EDGE('',*,*,#2606,.T.);
#1037=ORIENTED_EDGE('',*,*,#2778,.T.);
#1038=ORIENTED_EDGE('',*,*,#2486,.T.);
#1039=ORIENTED_EDGE('',*,*,#2700,.T.);
#1040=ORIENTED_EDGE('',*,*,#2628,.T.);
#1041=ORIENTED_EDGE('',*,*,#2646,.T.);
#1042=ORIENTED_EDGE('',*,*,#2664,.T.);
#1043=ORIENTED_EDGE('',*,*,#2778,.F.);
#1044=ORIENTED_EDGE('',*,*,#2532,.T.);
#1045=ORIENTED_EDGE('',*,*,#2550,.T.);
#1046=ORIENTED_EDGE('',*,*,#2568,.T.);
#1047=ORIENTED_EDGE('',*,*,#2777,.F.);
#1048=ORIENTED_EDGE('',*,*,#2768,.T.);
#1049=ORIENTED_EDGE('',*,*,#2776,.T.);
#1050=ORIENTED_EDGE('',*,*,#2774,.T.);
#1051=ORIENTED_EDGE('',*,*,#2771,.F.);
#1052=ORIENTED_EDGE('',*,*,#2726,.T.);
#1053=ORIENTED_EDGE('',*,*,#2775,.T.);
#1054=ORIENTED_EDGE('',*,*,#2732,.T.);
#1055=ORIENTED_EDGE('',*,*,#2729,.F.);
#1056=ORIENTED_EDGE('',*,*,#2644,.T.);
#1057=ORIENTED_EDGE('',*,*,#2779,.T.);
#1058=ORIENTED_EDGE('',*,*,#2675,.T.);
#1059=ORIENTED_EDGE('',*,*,#2662,.F.);
#1060=ORIENTED_EDGE('',*,*,#2767,.T.);
#1061=ORIENTED_EDGE('',*,*,#2770,.T.);
#1062=ORIENTED_EDGE('',*,*,#2773,.T.);
#1063=ORIENTED_EDGE('',*,*,#2780,.F.);
#1064=ORIENTED_EDGE('',*,*,#2676,.T.);
#1065=ORIENTED_EDGE('',*,*,#2697,.T.);
#1066=ORIENTED_EDGE('',*,*,#2738,.F.);
#1067=ORIENTED_EDGE('',*,*,#2764,.T.);
#1068=ORIENTED_EDGE('',*,*,#2780,.T.);
#1069=ORIENTED_EDGE('',*,*,#2506,.T.);
#1070=ORIENTED_EDGE('',*,*,#2779,.F.);
#1071=ORIENTED_EDGE('',*,*,#2626,.T.);
#1072=ORIENTED_EDGE('',*,*,#2739,.T.);
#1073=ORIENTED_EDGE('',*,*,#2695,.T.);
#1074=ORIENTED_EDGE('',*,*,#2641,.T.);
#1075=ORIENTED_EDGE('',*,*,#2781,.T.);
#1076=ORIENTED_EDGE('',*,*,#2673,.T.);
#1077=ORIENTED_EDGE('',*,*,#2659,.F.);
#1078=ORIENTED_EDGE('',*,*,#2643,.T.);
#1079=ORIENTED_EDGE('',*,*,#2661,.T.);
#1080=ORIENTED_EDGE('',*,*,#2674,.T.);
#1081=ORIENTED_EDGE('',*,*,#2782,.F.);
#1082=ORIENTED_EDGE('',*,*,#2504,.T.);
#1083=ORIENTED_EDGE('',*,*,#2694,.T.);
#1084=ORIENTED_EDGE('',*,*,#2740,.F.);
#1085=ORIENTED_EDGE('',*,*,#2624,.T.);
#1086=ORIENTED_EDGE('',*,*,#2782,.T.);
#1087=ORIENTED_EDGE('',*,*,#2502,.T.);
#1088=ORIENTED_EDGE('',*,*,#2781,.F.);
#1089=ORIENTED_EDGE('',*,*,#2622,.T.);
#1090=ORIENTED_EDGE('',*,*,#2741,.T.);
#1091=ORIENTED_EDGE('',*,*,#2692,.T.);
#1092=ORIENTED_EDGE('',*,*,#2638,.T.);
#1093=ORIENTED_EDGE('',*,*,#2783,.T.);
#1094=ORIENTED_EDGE('',*,*,#2671,.T.);
#1095=ORIENTED_EDGE('',*,*,#2656,.F.);
#1096=ORIENTED_EDGE('',*,*,#2640,.T.);
#1097=ORIENTED_EDGE('',*,*,#2658,.T.);
#1098=ORIENTED_EDGE('',*,*,#2672,.T.);
#1099=ORIENTED_EDGE('',*,*,#2784,.F.);
#1100=ORIENTED_EDGE('',*,*,#2500,.T.);
#1101=ORIENTED_EDGE('',*,*,#2691,.T.);
#1102=ORIENTED_EDGE('',*,*,#2742,.F.);
#1103=ORIENTED_EDGE('',*,*,#2620,.T.);
#1104=ORIENTED_EDGE('',*,*,#2784,.T.);
#1105=ORIENTED_EDGE('',*,*,#2498,.T.);
#1106=ORIENTED_EDGE('',*,*,#2783,.F.);
#1107=ORIENTED_EDGE('',*,*,#2618,.T.);
#1108=ORIENTED_EDGE('',*,*,#2743,.T.);
#1109=ORIENTED_EDGE('',*,*,#2689,.T.);
#1110=ORIENTED_EDGE('',*,*,#2635,.T.);
#1111=ORIENTED_EDGE('',*,*,#2785,.T.);
#1112=ORIENTED_EDGE('',*,*,#2669,.T.);
#1113=ORIENTED_EDGE('',*,*,#2653,.F.);
#1114=ORIENTED_EDGE('',*,*,#2637,.T.);
#1115=ORIENTED_EDGE('',*,*,#2655,.T.);
#1116=ORIENTED_EDGE('',*,*,#2670,.T.);
#1117=ORIENTED_EDGE('',*,*,#2786,.F.);
#1118=ORIENTED_EDGE('',*,*,#2496,.T.);
#1119=ORIENTED_EDGE('',*,*,#2688,.T.);
#1120=ORIENTED_EDGE('',*,*,#2744,.F.);
#1121=ORIENTED_EDGE('',*,*,#2616,.T.);
#1122=ORIENTED_EDGE('',*,*,#2786,.T.);
#1123=ORIENTED_EDGE('',*,*,#2494,.T.);
#1124=ORIENTED_EDGE('',*,*,#2785,.F.);
#1125=ORIENTED_EDGE('',*,*,#2614,.T.);
#1126=ORIENTED_EDGE('',*,*,#2745,.T.);
#1127=ORIENTED_EDGE('',*,*,#2686,.T.);
#1128=ORIENTED_EDGE('',*,*,#2632,.T.);
#1129=ORIENTED_EDGE('',*,*,#2787,.T.);
#1130=ORIENTED_EDGE('',*,*,#2667,.T.);
#1131=ORIENTED_EDGE('',*,*,#2650,.F.);
#1132=ORIENTED_EDGE('',*,*,#2634,.T.);
#1133=ORIENTED_EDGE('',*,*,#2652,.T.);
#1134=ORIENTED_EDGE('',*,*,#2668,.T.);
#1135=ORIENTED_EDGE('',*,*,#2788,.F.);
#1136=ORIENTED_EDGE('',*,*,#2492,.T.);
#1137=ORIENTED_EDGE('',*,*,#2685,.T.);
#1138=ORIENTED_EDGE('',*,*,#2746,.F.);
#1139=ORIENTED_EDGE('',*,*,#2612,.T.);
#1140=ORIENTED_EDGE('',*,*,#2788,.T.);
#1141=ORIENTED_EDGE('',*,*,#2490,.T.);
#1142=ORIENTED_EDGE('',*,*,#2787,.F.);
#1143=ORIENTED_EDGE('',*,*,#2610,.T.);
#1144=ORIENTED_EDGE('',*,*,#2747,.T.);
#1145=ORIENTED_EDGE('',*,*,#2683,.T.);
#1146=ORIENTED_EDGE('',*,*,#2629,.T.);
#1147=ORIENTED_EDGE('',*,*,#2789,.T.);
#1148=ORIENTED_EDGE('',*,*,#2665,.T.);
#1149=ORIENTED_EDGE('',*,*,#2647,.F.);
#1150=ORIENTED_EDGE('',*,*,#2631,.T.);
#1151=ORIENTED_EDGE('',*,*,#2649,.T.);
#1152=ORIENTED_EDGE('',*,*,#2666,.T.);
#1153=ORIENTED_EDGE('',*,*,#2790,.F.);
#1154=ORIENTED_EDGE('',*,*,#2488,.T.);
#1155=ORIENTED_EDGE('',*,*,#2682,.T.);
#1156=ORIENTED_EDGE('',*,*,#2748,.F.);
#1157=ORIENTED_EDGE('',*,*,#2608,.T.);
#1158=ORIENTED_EDGE('',*,*,#2790,.T.);
#1159=ORIENTED_EDGE('',*,*,#2484,.T.);
#1160=ORIENTED_EDGE('',*,*,#2789,.F.);
#1161=ORIENTED_EDGE('',*,*,#2604,.T.);
#1162=ORIENTED_EDGE('',*,*,#2749,.T.);
#1163=ORIENTED_EDGE('',*,*,#2680,.T.);
#1164=ORIENTED_EDGE('',*,*,#2705,.T.);
#1165=ORIENTED_EDGE('',*,*,#2722,.T.);
#1166=ORIENTED_EDGE('',*,*,#2791,.T.);
#1167=ORIENTED_EDGE('',*,*,#2734,.T.);
#1168=ORIENTED_EDGE('',*,*,#2762,.F.);
#1169=ORIENTED_EDGE('',*,*,#2707,.T.);
#1170=ORIENTED_EDGE('',*,*,#2761,.T.);
#1171=ORIENTED_EDGE('',*,*,#2602,.T.);
#1172=ORIENTED_EDGE('',*,*,#2792,.F.);
#1173=ORIENTED_EDGE('',*,*,#2530,.T.);
#1174=ORIENTED_EDGE('',*,*,#2725,.T.);
#1175=ORIENTED_EDGE('',*,*,#2728,.T.);
#1176=ORIENTED_EDGE('',*,*,#2731,.T.);
#1177=ORIENTED_EDGE('',*,*,#2791,.F.);
#1178=ORIENTED_EDGE('',*,*,#2548,.T.);
#1179=ORIENTED_EDGE('',*,*,#2792,.T.);
#1180=ORIENTED_EDGE('',*,*,#2584,.T.);
#1181=ORIENTED_EDGE('',*,*,#2566,.F.);
#1182=ORIENTED_EDGE('',*,*,#2708,.T.);
#1183=ORIENTED_EDGE('',*,*,#2528,.T.);
#1184=ORIENTED_EDGE('',*,*,#2793,.T.);
#1185=ORIENTED_EDGE('',*,*,#2601,.T.);
#1186=ORIENTED_EDGE('',*,*,#2760,.F.);
#1187=ORIENTED_EDGE('',*,*,#2710,.T.);
#1188=ORIENTED_EDGE('',*,*,#2759,.T.);
#1189=ORIENTED_EDGE('',*,*,#2599,.T.);
#1190=ORIENTED_EDGE('',*,*,#2794,.F.);
#1191=ORIENTED_EDGE('',*,*,#2526,.T.);
#1192=ORIENTED_EDGE('',*,*,#2547,.T.);
#1193=ORIENTED_EDGE('',*,*,#2565,.T.);
#1194=ORIENTED_EDGE('',*,*,#2583,.T.);
#1195=ORIENTED_EDGE('',*,*,#2793,.F.);
#1196=ORIENTED_EDGE('',*,*,#2545,.T.);
#1197=ORIENTED_EDGE('',*,*,#2794,.T.);
#1198=ORIENTED_EDGE('',*,*,#2581,.T.);
#1199=ORIENTED_EDGE('',*,*,#2563,.F.);
#1200=ORIENTED_EDGE('',*,*,#2711,.T.);
#1201=ORIENTED_EDGE('',*,*,#2524,.T.);
#1202=ORIENTED_EDGE('',*,*,#2795,.T.);
#1203=ORIENTED_EDGE('',*,*,#2598,.T.);
#1204=ORIENTED_EDGE('',*,*,#2758,.F.);
#1205=ORIENTED_EDGE('',*,*,#2713,.T.);
#1206=ORIENTED_EDGE('',*,*,#2757,.T.);
#1207=ORIENTED_EDGE('',*,*,#2596,.T.);
#1208=ORIENTED_EDGE('',*,*,#2796,.F.);
#1209=ORIENTED_EDGE('',*,*,#2522,.T.);
#1210=ORIENTED_EDGE('',*,*,#2544,.T.);
#1211=ORIENTED_EDGE('',*,*,#2562,.T.);
#1212=ORIENTED_EDGE('',*,*,#2580,.T.);
#1213=ORIENTED_EDGE('',*,*,#2795,.F.);
#1214=ORIENTED_EDGE('',*,*,#2542,.T.);
#1215=ORIENTED_EDGE('',*,*,#2796,.T.);
#1216=ORIENTED_EDGE('',*,*,#2578,.T.);
#1217=ORIENTED_EDGE('',*,*,#2560,.F.);
#1218=ORIENTED_EDGE('',*,*,#2714,.T.);
#1219=ORIENTED_EDGE('',*,*,#2520,.T.);
#1220=ORIENTED_EDGE('',*,*,#2797,.T.);
#1221=ORIENTED_EDGE('',*,*,#2595,.T.);
#1222=ORIENTED_EDGE('',*,*,#2756,.F.);
#1223=ORIENTED_EDGE('',*,*,#2716,.T.);
#1224=ORIENTED_EDGE('',*,*,#2755,.T.);
#1225=ORIENTED_EDGE('',*,*,#2593,.T.);
#1226=ORIENTED_EDGE('',*,*,#2798,.F.);
#1227=ORIENTED_EDGE('',*,*,#2518,.T.);
#1228=ORIENTED_EDGE('',*,*,#2541,.T.);
#1229=ORIENTED_EDGE('',*,*,#2559,.T.);
#1230=ORIENTED_EDGE('',*,*,#2577,.T.);
#1231=ORIENTED_EDGE('',*,*,#2797,.F.);
#1232=ORIENTED_EDGE('',*,*,#2539,.T.);
#1233=ORIENTED_EDGE('',*,*,#2798,.T.);
#1234=ORIENTED_EDGE('',*,*,#2575,.T.);
#1235=ORIENTED_EDGE('',*,*,#2557,.F.);
#1236=ORIENTED_EDGE('',*,*,#2717,.T.);
#1237=ORIENTED_EDGE('',*,*,#2516,.T.);
#1238=ORIENTED_EDGE('',*,*,#2799,.T.);
#1239=ORIENTED_EDGE('',*,*,#2592,.T.);
#1240=ORIENTED_EDGE('',*,*,#2754,.F.);
#1241=ORIENTED_EDGE('',*,*,#2719,.T.);
#1242=ORIENTED_EDGE('',*,*,#2753,.T.);
#1243=ORIENTED_EDGE('',*,*,#2590,.T.);
#1244=ORIENTED_EDGE('',*,*,#2800,.F.);
#1245=ORIENTED_EDGE('',*,*,#2514,.T.);
#1246=ORIENTED_EDGE('',*,*,#2538,.T.);
#1247=ORIENTED_EDGE('',*,*,#2556,.T.);
#1248=ORIENTED_EDGE('',*,*,#2574,.T.);
#1249=ORIENTED_EDGE('',*,*,#2799,.F.);
#1250=ORIENTED_EDGE('',*,*,#2536,.T.);
#1251=ORIENTED_EDGE('',*,*,#2800,.T.);
#1252=ORIENTED_EDGE('',*,*,#2572,.T.);
#1253=ORIENTED_EDGE('',*,*,#2554,.F.);
#1254=ORIENTED_EDGE('',*,*,#2701,.T.);
#1255=ORIENTED_EDGE('',*,*,#2751,.T.);
#1256=ORIENTED_EDGE('',*,*,#2586,.T.);
#1257=ORIENTED_EDGE('',*,*,#2801,.F.);
#1258=ORIENTED_EDGE('',*,*,#2508,.T.);
#1259=ORIENTED_EDGE('',*,*,#2720,.T.);
#1260=ORIENTED_EDGE('',*,*,#2512,.T.);
#1261=ORIENTED_EDGE('',*,*,#2802,.T.);
#1262=ORIENTED_EDGE('',*,*,#2589,.T.);
#1263=ORIENTED_EDGE('',*,*,#2752,.F.);
#1264=ORIENTED_EDGE('',*,*,#2533,.T.);
#1265=ORIENTED_EDGE('',*,*,#2801,.T.);
#1266=ORIENTED_EDGE('',*,*,#2569,.T.);
#1267=ORIENTED_EDGE('',*,*,#2551,.F.);
#1268=ORIENTED_EDGE('',*,*,#2535,.T.);
#1269=ORIENTED_EDGE('',*,*,#2553,.T.);
#1270=ORIENTED_EDGE('',*,*,#2571,.T.);
#1271=ORIENTED_EDGE('',*,*,#2802,.F.);
#1272=ORIENTED_EDGE('',*,*,#2803,.F.);
#1273=ORIENTED_EDGE('',*,*,#2804,.F.);
#1274=ORIENTED_EDGE('',*,*,#2805,.T.);
#1275=ORIENTED_EDGE('',*,*,#2806,.T.);
#1276=ORIENTED_EDGE('',*,*,#2807,.F.);
#1277=ORIENTED_EDGE('',*,*,#2808,.T.);
#1278=ORIENTED_EDGE('',*,*,#2809,.F.);
#1279=ORIENTED_EDGE('',*,*,#2810,.F.);
#1280=ORIENTED_EDGE('',*,*,#2811,.F.);
#1281=ORIENTED_EDGE('',*,*,#2812,.T.);
#1282=ORIENTED_EDGE('',*,*,#2813,.F.);
#1283=ORIENTED_EDGE('',*,*,#2814,.F.);
#1284=ORIENTED_EDGE('',*,*,#2815,.F.);
#1285=ORIENTED_EDGE('',*,*,#2816,.T.);
#1286=ORIENTED_EDGE('',*,*,#2817,.F.);
#1287=ORIENTED_EDGE('',*,*,#2818,.F.);
#1288=ORIENTED_EDGE('',*,*,#2819,.F.);
#1289=ORIENTED_EDGE('',*,*,#2820,.T.);
#1290=ORIENTED_EDGE('',*,*,#2821,.F.);
#1291=ORIENTED_EDGE('',*,*,#2822,.F.);
#1292=ORIENTED_EDGE('',*,*,#2823,.F.);
#1293=ORIENTED_EDGE('',*,*,#2824,.T.);
#1294=ORIENTED_EDGE('',*,*,#2825,.F.);
#1295=ORIENTED_EDGE('',*,*,#2826,.F.);
#1296=ORIENTED_EDGE('',*,*,#2827,.F.);
#1297=ORIENTED_EDGE('',*,*,#2806,.F.);
#1298=ORIENTED_EDGE('',*,*,#2828,.T.);
#1299=ORIENTED_EDGE('',*,*,#2829,.T.);
#1300=ORIENTED_EDGE('',*,*,#2830,.F.);
#1301=ORIENTED_EDGE('',*,*,#2831,.T.);
#1302=ORIENTED_EDGE('',*,*,#2832,.F.);
#1303=ORIENTED_EDGE('',*,*,#2808,.F.);
#1304=ORIENTED_EDGE('',*,*,#2833,.F.);
#1305=ORIENTED_EDGE('',*,*,#2834,.T.);
#1306=ORIENTED_EDGE('',*,*,#2835,.F.);
#1307=ORIENTED_EDGE('',*,*,#2812,.F.);
#1308=ORIENTED_EDGE('',*,*,#2836,.F.);
#1309=ORIENTED_EDGE('',*,*,#2837,.T.);
#1310=ORIENTED_EDGE('',*,*,#2838,.F.);
#1311=ORIENTED_EDGE('',*,*,#2816,.F.);
#1312=ORIENTED_EDGE('',*,*,#2839,.F.);
#1313=ORIENTED_EDGE('',*,*,#2840,.T.);
#1314=ORIENTED_EDGE('',*,*,#2841,.F.);
#1315=ORIENTED_EDGE('',*,*,#2820,.F.);
#1316=ORIENTED_EDGE('',*,*,#2842,.F.);
#1317=ORIENTED_EDGE('',*,*,#2843,.T.);
#1318=ORIENTED_EDGE('',*,*,#2844,.F.);
#1319=ORIENTED_EDGE('',*,*,#2824,.F.);
#1320=ORIENTED_EDGE('',*,*,#2845,.F.);
#1321=ORIENTED_EDGE('',*,*,#2829,.F.);
#1322=ORIENTED_EDGE('',*,*,#2846,.T.);
#1323=ORIENTED_EDGE('',*,*,#2847,.T.);
#1324=ORIENTED_EDGE('',*,*,#2848,.F.);
#1325=ORIENTED_EDGE('',*,*,#2849,.T.);
#1326=ORIENTED_EDGE('',*,*,#2850,.F.);
#1327=ORIENTED_EDGE('',*,*,#2831,.F.);
#1328=ORIENTED_EDGE('',*,*,#2851,.F.);
#1329=ORIENTED_EDGE('',*,*,#2852,.T.);
#1330=ORIENTED_EDGE('',*,*,#2853,.F.);
#1331=ORIENTED_EDGE('',*,*,#2834,.F.);
#1332=ORIENTED_EDGE('',*,*,#2854,.F.);
#1333=ORIENTED_EDGE('',*,*,#2855,.T.);
#1334=ORIENTED_EDGE('',*,*,#2856,.F.);
#1335=ORIENTED_EDGE('',*,*,#2837,.F.);
#1336=ORIENTED_EDGE('',*,*,#2857,.F.);
#1337=ORIENTED_EDGE('',*,*,#2858,.T.);
#1338=ORIENTED_EDGE('',*,*,#2859,.F.);
#1339=ORIENTED_EDGE('',*,*,#2840,.F.);
#1340=ORIENTED_EDGE('',*,*,#2860,.F.);
#1341=ORIENTED_EDGE('',*,*,#2861,.T.);
#1342=ORIENTED_EDGE('',*,*,#2862,.F.);
#1343=ORIENTED_EDGE('',*,*,#2843,.F.);
#1344=ORIENTED_EDGE('',*,*,#2863,.T.);
#1345=ORIENTED_EDGE('',*,*,#2864,.T.);
#1346=ORIENTED_EDGE('',*,*,#2847,.F.);
#1347=ORIENTED_EDGE('',*,*,#2865,.F.);
#1348=ORIENTED_EDGE('',*,*,#2849,.F.);
#1349=ORIENTED_EDGE('',*,*,#2866,.T.);
#1350=ORIENTED_EDGE('',*,*,#2867,.T.);
#1351=ORIENTED_EDGE('',*,*,#2868,.T.);
#1352=ORIENTED_EDGE('',*,*,#2852,.F.);
#1353=ORIENTED_EDGE('',*,*,#2869,.T.);
#1354=ORIENTED_EDGE('',*,*,#2870,.T.);
#1355=ORIENTED_EDGE('',*,*,#2871,.T.);
#1356=ORIENTED_EDGE('',*,*,#2855,.F.);
#1357=ORIENTED_EDGE('',*,*,#2872,.T.);
#1358=ORIENTED_EDGE('',*,*,#2873,.T.);
#1359=ORIENTED_EDGE('',*,*,#2874,.T.);
#1360=ORIENTED_EDGE('',*,*,#2858,.F.);
#1361=ORIENTED_EDGE('',*,*,#2875,.T.);
#1362=ORIENTED_EDGE('',*,*,#2876,.T.);
#1363=ORIENTED_EDGE('',*,*,#2877,.T.);
#1364=ORIENTED_EDGE('',*,*,#2861,.F.);
#1365=ORIENTED_EDGE('',*,*,#2878,.T.);
#1366=ORIENTED_EDGE('',*,*,#2879,.T.);
#1367=ORIENTED_EDGE('',*,*,#2880,.T.);
#1368=ORIENTED_EDGE('',*,*,#2881,.F.);
#1369=ORIENTED_EDGE('',*,*,#2863,.F.);
#1370=ORIENTED_EDGE('',*,*,#2882,.T.);
#1371=ORIENTED_EDGE('',*,*,#2883,.T.);
#1372=ORIENTED_EDGE('',*,*,#2884,.F.);
#1373=ORIENTED_EDGE('',*,*,#2885,.T.);
#1374=ORIENTED_EDGE('',*,*,#2886,.F.);
#1375=ORIENTED_EDGE('',*,*,#2867,.F.);
#1376=ORIENTED_EDGE('',*,*,#2887,.F.);
#1377=ORIENTED_EDGE('',*,*,#2888,.T.);
#1378=ORIENTED_EDGE('',*,*,#2889,.F.);
#1379=ORIENTED_EDGE('',*,*,#2870,.F.);
#1380=ORIENTED_EDGE('',*,*,#2890,.F.);
#1381=ORIENTED_EDGE('',*,*,#2891,.T.);
#1382=ORIENTED_EDGE('',*,*,#2892,.F.);
#1383=ORIENTED_EDGE('',*,*,#2873,.F.);
#1384=ORIENTED_EDGE('',*,*,#2893,.F.);
#1385=ORIENTED_EDGE('',*,*,#2894,.T.);
#1386=ORIENTED_EDGE('',*,*,#2895,.F.);
#1387=ORIENTED_EDGE('',*,*,#2876,.F.);
#1388=ORIENTED_EDGE('',*,*,#2896,.F.);
#1389=ORIENTED_EDGE('',*,*,#2897,.T.);
#1390=ORIENTED_EDGE('',*,*,#2898,.F.);
#1391=ORIENTED_EDGE('',*,*,#2879,.F.);
#1392=ORIENTED_EDGE('',*,*,#2899,.F.);
#1393=ORIENTED_EDGE('',*,*,#2883,.F.);
#1394=ORIENTED_EDGE('',*,*,#2900,.T.);
#1395=ORIENTED_EDGE('',*,*,#2901,.T.);
#1396=ORIENTED_EDGE('',*,*,#2902,.F.);
#1397=ORIENTED_EDGE('',*,*,#2903,.T.);
#1398=ORIENTED_EDGE('',*,*,#2904,.F.);
#1399=ORIENTED_EDGE('',*,*,#2885,.F.);
#1400=ORIENTED_EDGE('',*,*,#2905,.F.);
#1401=ORIENTED_EDGE('',*,*,#2906,.T.);
#1402=ORIENTED_EDGE('',*,*,#2907,.F.);
#1403=ORIENTED_EDGE('',*,*,#2888,.F.);
#1404=ORIENTED_EDGE('',*,*,#2908,.F.);
#1405=ORIENTED_EDGE('',*,*,#2909,.T.);
#1406=ORIENTED_EDGE('',*,*,#2910,.F.);
#1407=ORIENTED_EDGE('',*,*,#2891,.F.);
#1408=ORIENTED_EDGE('',*,*,#2911,.F.);
#1409=ORIENTED_EDGE('',*,*,#2912,.T.);
#1410=ORIENTED_EDGE('',*,*,#2913,.F.);
#1411=ORIENTED_EDGE('',*,*,#2894,.F.);
#1412=ORIENTED_EDGE('',*,*,#2914,.F.);
#1413=ORIENTED_EDGE('',*,*,#2915,.T.);
#1414=ORIENTED_EDGE('',*,*,#2916,.F.);
#1415=ORIENTED_EDGE('',*,*,#2897,.F.);
#1416=ORIENTED_EDGE('',*,*,#2917,.F.);
#1417=ORIENTED_EDGE('',*,*,#2901,.F.);
#1418=ORIENTED_EDGE('',*,*,#2918,.T.);
#1419=ORIENTED_EDGE('',*,*,#2919,.T.);
#1420=ORIENTED_EDGE('',*,*,#2920,.F.);
#1421=ORIENTED_EDGE('',*,*,#2921,.T.);
#1422=ORIENTED_EDGE('',*,*,#2922,.F.);
#1423=ORIENTED_EDGE('',*,*,#2903,.F.);
#1424=ORIENTED_EDGE('',*,*,#2923,.F.);
#1425=ORIENTED_EDGE('',*,*,#2924,.T.);
#1426=ORIENTED_EDGE('',*,*,#2925,.F.);
#1427=ORIENTED_EDGE('',*,*,#2906,.F.);
#1428=ORIENTED_EDGE('',*,*,#2926,.F.);
#1429=ORIENTED_EDGE('',*,*,#2927,.T.);
#1430=ORIENTED_EDGE('',*,*,#2928,.F.);
#1431=ORIENTED_EDGE('',*,*,#2909,.F.);
#1432=ORIENTED_EDGE('',*,*,#2929,.F.);
#1433=ORIENTED_EDGE('',*,*,#2930,.T.);
#1434=ORIENTED_EDGE('',*,*,#2931,.F.);
#1435=ORIENTED_EDGE('',*,*,#2912,.F.);
#1436=ORIENTED_EDGE('',*,*,#2932,.F.);
#1437=ORIENTED_EDGE('',*,*,#2933,.T.);
#1438=ORIENTED_EDGE('',*,*,#2934,.F.);
#1439=ORIENTED_EDGE('',*,*,#2915,.F.);
#1440=ORIENTED_EDGE('',*,*,#2935,.F.);
#1441=ORIENTED_EDGE('',*,*,#2919,.F.);
#1442=ORIENTED_EDGE('',*,*,#2936,.T.);
#1443=ORIENTED_EDGE('',*,*,#2937,.T.);
#1444=ORIENTED_EDGE('',*,*,#2938,.F.);
#1445=ORIENTED_EDGE('',*,*,#2939,.T.);
#1446=ORIENTED_EDGE('',*,*,#2940,.F.);
#1447=ORIENTED_EDGE('',*,*,#2921,.F.);
#1448=ORIENTED_EDGE('',*,*,#2941,.F.);
#1449=ORIENTED_EDGE('',*,*,#2942,.T.);
#1450=ORIENTED_EDGE('',*,*,#2943,.F.);
#1451=ORIENTED_EDGE('',*,*,#2924,.F.);
#1452=ORIENTED_EDGE('',*,*,#2944,.F.);
#1453=ORIENTED_EDGE('',*,*,#2945,.T.);
#1454=ORIENTED_EDGE('',*,*,#2946,.F.);
#1455=ORIENTED_EDGE('',*,*,#2927,.F.);
#1456=ORIENTED_EDGE('',*,*,#2947,.F.);
#1457=ORIENTED_EDGE('',*,*,#2948,.T.);
#1458=ORIENTED_EDGE('',*,*,#2949,.F.);
#1459=ORIENTED_EDGE('',*,*,#2930,.F.);
#1460=ORIENTED_EDGE('',*,*,#2950,.F.);
#1461=ORIENTED_EDGE('',*,*,#2951,.T.);
#1462=ORIENTED_EDGE('',*,*,#2952,.F.);
#1463=ORIENTED_EDGE('',*,*,#2933,.F.);
#1464=ORIENTED_EDGE('',*,*,#2953,.F.);
#1465=ORIENTED_EDGE('',*,*,#2937,.F.);
#1466=ORIENTED_EDGE('',*,*,#2954,.T.);
#1467=ORIENTED_EDGE('',*,*,#2955,.T.);
#1468=ORIENTED_EDGE('',*,*,#2956,.F.);
#1469=ORIENTED_EDGE('',*,*,#2957,.T.);
#1470=ORIENTED_EDGE('',*,*,#2958,.F.);
#1471=ORIENTED_EDGE('',*,*,#2939,.F.);
#1472=ORIENTED_EDGE('',*,*,#2959,.F.);
#1473=ORIENTED_EDGE('',*,*,#2960,.T.);
#1474=ORIENTED_EDGE('',*,*,#2961,.F.);
#1475=ORIENTED_EDGE('',*,*,#2942,.F.);
#1476=ORIENTED_EDGE('',*,*,#2962,.F.);
#1477=ORIENTED_EDGE('',*,*,#2963,.T.);
#1478=ORIENTED_EDGE('',*,*,#2964,.F.);
#1479=ORIENTED_EDGE('',*,*,#2945,.F.);
#1480=ORIENTED_EDGE('',*,*,#2965,.F.);
#1481=ORIENTED_EDGE('',*,*,#2966,.T.);
#1482=ORIENTED_EDGE('',*,*,#2967,.F.);
#1483=ORIENTED_EDGE('',*,*,#2948,.F.);
#1484=ORIENTED_EDGE('',*,*,#2968,.F.);
#1485=ORIENTED_EDGE('',*,*,#2969,.T.);
#1486=ORIENTED_EDGE('',*,*,#2970,.F.);
#1487=ORIENTED_EDGE('',*,*,#2951,.F.);
#1488=ORIENTED_EDGE('',*,*,#2971,.T.);
#1489=ORIENTED_EDGE('',*,*,#2972,.T.);
#1490=ORIENTED_EDGE('',*,*,#2955,.F.);
#1491=ORIENTED_EDGE('',*,*,#2973,.F.);
#1492=ORIENTED_EDGE('',*,*,#2957,.F.);
#1493=ORIENTED_EDGE('',*,*,#2974,.T.);
#1494=ORIENTED_EDGE('',*,*,#2975,.T.);
#1495=ORIENTED_EDGE('',*,*,#2976,.T.);
#1496=ORIENTED_EDGE('',*,*,#2960,.F.);
#1497=ORIENTED_EDGE('',*,*,#2977,.T.);
#1498=ORIENTED_EDGE('',*,*,#2978,.T.);
#1499=ORIENTED_EDGE('',*,*,#2979,.T.);
#1500=ORIENTED_EDGE('',*,*,#2963,.F.);
#1501=ORIENTED_EDGE('',*,*,#2980,.T.);
#1502=ORIENTED_EDGE('',*,*,#2981,.T.);
#1503=ORIENTED_EDGE('',*,*,#2982,.T.);
#1504=ORIENTED_EDGE('',*,*,#2966,.F.);
#1505=ORIENTED_EDGE('',*,*,#2983,.T.);
#1506=ORIENTED_EDGE('',*,*,#2984,.T.);
#1507=ORIENTED_EDGE('',*,*,#2985,.T.);
#1508=ORIENTED_EDGE('',*,*,#2969,.F.);
#1509=ORIENTED_EDGE('',*,*,#2986,.T.);
#1510=ORIENTED_EDGE('',*,*,#2987,.T.);
#1511=ORIENTED_EDGE('',*,*,#2988,.T.);
#1512=ORIENTED_EDGE('',*,*,#2989,.F.);
#1513=ORIENTED_EDGE('',*,*,#2971,.F.);
#1514=ORIENTED_EDGE('',*,*,#2990,.T.);
#1515=ORIENTED_EDGE('',*,*,#2991,.T.);
#1516=ORIENTED_EDGE('',*,*,#2992,.F.);
#1517=ORIENTED_EDGE('',*,*,#2993,.T.);
#1518=ORIENTED_EDGE('',*,*,#2994,.F.);
#1519=ORIENTED_EDGE('',*,*,#2975,.F.);
#1520=ORIENTED_EDGE('',*,*,#2995,.F.);
#1521=ORIENTED_EDGE('',*,*,#2996,.T.);
#1522=ORIENTED_EDGE('',*,*,#2997,.F.);
#1523=ORIENTED_EDGE('',*,*,#2978,.F.);
#1524=ORIENTED_EDGE('',*,*,#2998,.F.);
#1525=ORIENTED_EDGE('',*,*,#2999,.T.);
#1526=ORIENTED_EDGE('',*,*,#3000,.F.);
#1527=ORIENTED_EDGE('',*,*,#2981,.F.);
#1528=ORIENTED_EDGE('',*,*,#3001,.F.);
#1529=ORIENTED_EDGE('',*,*,#3002,.T.);
#1530=ORIENTED_EDGE('',*,*,#3003,.F.);
#1531=ORIENTED_EDGE('',*,*,#2984,.F.);
#1532=ORIENTED_EDGE('',*,*,#3004,.F.);
#1533=ORIENTED_EDGE('',*,*,#3005,.T.);
#1534=ORIENTED_EDGE('',*,*,#3006,.F.);
#1535=ORIENTED_EDGE('',*,*,#2987,.F.);
#1536=ORIENTED_EDGE('',*,*,#3007,.F.);
#1537=ORIENTED_EDGE('',*,*,#3008,.F.);
#1538=ORIENTED_EDGE('',*,*,#3009,.T.);
#1539=ORIENTED_EDGE('',*,*,#3010,.T.);
#1540=ORIENTED_EDGE('',*,*,#3011,.F.);
#1541=ORIENTED_EDGE('',*,*,#3012,.T.);
#1542=ORIENTED_EDGE('',*,*,#3013,.F.);
#1543=ORIENTED_EDGE('',*,*,#3014,.F.);
#1544=ORIENTED_EDGE('',*,*,#3015,.F.);
#1545=ORIENTED_EDGE('',*,*,#3016,.T.);
#1546=ORIENTED_EDGE('',*,*,#3017,.F.);
#1547=ORIENTED_EDGE('',*,*,#3018,.F.);
#1548=ORIENTED_EDGE('',*,*,#3019,.F.);
#1549=ORIENTED_EDGE('',*,*,#3020,.T.);
#1550=ORIENTED_EDGE('',*,*,#3021,.F.);
#1551=ORIENTED_EDGE('',*,*,#3022,.F.);
#1552=ORIENTED_EDGE('',*,*,#3023,.F.);
#1553=ORIENTED_EDGE('',*,*,#3024,.T.);
#1554=ORIENTED_EDGE('',*,*,#3025,.F.);
#1555=ORIENTED_EDGE('',*,*,#3026,.F.);
#1556=ORIENTED_EDGE('',*,*,#3027,.F.);
#1557=ORIENTED_EDGE('',*,*,#3028,.T.);
#1558=ORIENTED_EDGE('',*,*,#3029,.F.);
#1559=ORIENTED_EDGE('',*,*,#3030,.F.);
#1560=ORIENTED_EDGE('',*,*,#3031,.F.);
#1561=ORIENTED_EDGE('',*,*,#3010,.F.);
#1562=ORIENTED_EDGE('',*,*,#3032,.T.);
#1563=ORIENTED_EDGE('',*,*,#3033,.T.);
#1564=ORIENTED_EDGE('',*,*,#3034,.F.);
#1565=ORIENTED_EDGE('',*,*,#3035,.T.);
#1566=ORIENTED_EDGE('',*,*,#3036,.F.);
#1567=ORIENTED_EDGE('',*,*,#3012,.F.);
#1568=ORIENTED_EDGE('',*,*,#3037,.F.);
#1569=ORIENTED_EDGE('',*,*,#3038,.T.);
#1570=ORIENTED_EDGE('',*,*,#3039,.F.);
#1571=ORIENTED_EDGE('',*,*,#3016,.F.);
#1572=ORIENTED_EDGE('',*,*,#3040,.F.);
#1573=ORIENTED_EDGE('',*,*,#3041,.T.);
#1574=ORIENTED_EDGE('',*,*,#3042,.F.);
#1575=ORIENTED_EDGE('',*,*,#3020,.F.);
#1576=ORIENTED_EDGE('',*,*,#3043,.F.);
#1577=ORIENTED_EDGE('',*,*,#3044,.T.);
#1578=ORIENTED_EDGE('',*,*,#3045,.F.);
#1579=ORIENTED_EDGE('',*,*,#3024,.F.);
#1580=ORIENTED_EDGE('',*,*,#3046,.F.);
#1581=ORIENTED_EDGE('',*,*,#3047,.T.);
#1582=ORIENTED_EDGE('',*,*,#3048,.F.);
#1583=ORIENTED_EDGE('',*,*,#3028,.F.);
#1584=ORIENTED_EDGE('',*,*,#3049,.T.);
#1585=ORIENTED_EDGE('',*,*,#3050,.T.);
#1586=ORIENTED_EDGE('',*,*,#3033,.F.);
#1587=ORIENTED_EDGE('',*,*,#3051,.F.);
#1588=ORIENTED_EDGE('',*,*,#3035,.F.);
#1589=ORIENTED_EDGE('',*,*,#3052,.T.);
#1590=ORIENTED_EDGE('',*,*,#3053,.T.);
#1591=ORIENTED_EDGE('',*,*,#3054,.T.);
#1592=ORIENTED_EDGE('',*,*,#3038,.F.);
#1593=ORIENTED_EDGE('',*,*,#3055,.T.);
#1594=ORIENTED_EDGE('',*,*,#3056,.T.);
#1595=ORIENTED_EDGE('',*,*,#3057,.T.);
#1596=ORIENTED_EDGE('',*,*,#3041,.F.);
#1597=ORIENTED_EDGE('',*,*,#3058,.T.);
#1598=ORIENTED_EDGE('',*,*,#3059,.T.);
#1599=ORIENTED_EDGE('',*,*,#3060,.T.);
#1600=ORIENTED_EDGE('',*,*,#3044,.F.);
#1601=ORIENTED_EDGE('',*,*,#3061,.T.);
#1602=ORIENTED_EDGE('',*,*,#3062,.T.);
#1603=ORIENTED_EDGE('',*,*,#3063,.T.);
#1604=ORIENTED_EDGE('',*,*,#3047,.F.);
#1605=ORIENTED_EDGE('',*,*,#3064,.T.);
#1606=ORIENTED_EDGE('',*,*,#3065,.T.);
#1607=ORIENTED_EDGE('',*,*,#3066,.T.);
#1608=ORIENTED_EDGE('',*,*,#3067,.F.);
#1609=ORIENTED_EDGE('',*,*,#3049,.F.);
#1610=ORIENTED_EDGE('',*,*,#3068,.T.);
#1611=ORIENTED_EDGE('',*,*,#3069,.T.);
#1612=ORIENTED_EDGE('',*,*,#3070,.F.);
#1613=ORIENTED_EDGE('',*,*,#3071,.T.);
#1614=ORIENTED_EDGE('',*,*,#3072,.F.);
#1615=ORIENTED_EDGE('',*,*,#3053,.F.);
#1616=ORIENTED_EDGE('',*,*,#3073,.F.);
#1617=ORIENTED_EDGE('',*,*,#3074,.T.);
#1618=ORIENTED_EDGE('',*,*,#3075,.F.);
#1619=ORIENTED_EDGE('',*,*,#3056,.F.);
#1620=ORIENTED_EDGE('',*,*,#3076,.F.);
#1621=ORIENTED_EDGE('',*,*,#3077,.T.);
#1622=ORIENTED_EDGE('',*,*,#3078,.F.);
#1623=ORIENTED_EDGE('',*,*,#3059,.F.);
#1624=ORIENTED_EDGE('',*,*,#3079,.F.);
#1625=ORIENTED_EDGE('',*,*,#3080,.T.);
#1626=ORIENTED_EDGE('',*,*,#3081,.F.);
#1627=ORIENTED_EDGE('',*,*,#3062,.F.);
#1628=ORIENTED_EDGE('',*,*,#3082,.F.);
#1629=ORIENTED_EDGE('',*,*,#3083,.T.);
#1630=ORIENTED_EDGE('',*,*,#3084,.F.);
#1631=ORIENTED_EDGE('',*,*,#3065,.F.);
#1632=ORIENTED_EDGE('',*,*,#3085,.F.);
#1633=ORIENTED_EDGE('',*,*,#3069,.F.);
#1634=ORIENTED_EDGE('',*,*,#3086,.T.);
#1635=ORIENTED_EDGE('',*,*,#3087,.T.);
#1636=ORIENTED_EDGE('',*,*,#3088,.F.);
#1637=ORIENTED_EDGE('',*,*,#3089,.T.);
#1638=ORIENTED_EDGE('',*,*,#3090,.F.);
#1639=ORIENTED_EDGE('',*,*,#3071,.F.);
#1640=ORIENTED_EDGE('',*,*,#3091,.F.);
#1641=ORIENTED_EDGE('',*,*,#3092,.T.);
#1642=ORIENTED_EDGE('',*,*,#3093,.F.);
#1643=ORIENTED_EDGE('',*,*,#3074,.F.);
#1644=ORIENTED_EDGE('',*,*,#3094,.F.);
#1645=ORIENTED_EDGE('',*,*,#3095,.T.);
#1646=ORIENTED_EDGE('',*,*,#3096,.F.);
#1647=ORIENTED_EDGE('',*,*,#3077,.F.);
#1648=ORIENTED_EDGE('',*,*,#3097,.F.);
#1649=ORIENTED_EDGE('',*,*,#3098,.T.);
#1650=ORIENTED_EDGE('',*,*,#3099,.F.);
#1651=ORIENTED_EDGE('',*,*,#3080,.F.);
#1652=ORIENTED_EDGE('',*,*,#3100,.F.);
#1653=ORIENTED_EDGE('',*,*,#3101,.T.);
#1654=ORIENTED_EDGE('',*,*,#3102,.F.);
#1655=ORIENTED_EDGE('',*,*,#3083,.F.);
#1656=ORIENTED_EDGE('',*,*,#3103,.F.);
#1657=ORIENTED_EDGE('',*,*,#3087,.F.);
#1658=ORIENTED_EDGE('',*,*,#3104,.T.);
#1659=ORIENTED_EDGE('',*,*,#3105,.T.);
#1660=ORIENTED_EDGE('',*,*,#3106,.F.);
#1661=ORIENTED_EDGE('',*,*,#3107,.T.);
#1662=ORIENTED_EDGE('',*,*,#3108,.F.);
#1663=ORIENTED_EDGE('',*,*,#3089,.F.);
#1664=ORIENTED_EDGE('',*,*,#3109,.F.);
#1665=ORIENTED_EDGE('',*,*,#3110,.T.);
#1666=ORIENTED_EDGE('',*,*,#3111,.F.);
#1667=ORIENTED_EDGE('',*,*,#3092,.F.);
#1668=ORIENTED_EDGE('',*,*,#3112,.F.);
#1669=ORIENTED_EDGE('',*,*,#3113,.T.);
#1670=ORIENTED_EDGE('',*,*,#3114,.F.);
#1671=ORIENTED_EDGE('',*,*,#3095,.F.);
#1672=ORIENTED_EDGE('',*,*,#3115,.F.);
#1673=ORIENTED_EDGE('',*,*,#3116,.T.);
#1674=ORIENTED_EDGE('',*,*,#3117,.F.);
#1675=ORIENTED_EDGE('',*,*,#3098,.F.);
#1676=ORIENTED_EDGE('',*,*,#3118,.F.);
#1677=ORIENTED_EDGE('',*,*,#3119,.T.);
#1678=ORIENTED_EDGE('',*,*,#3120,.F.);
#1679=ORIENTED_EDGE('',*,*,#3101,.F.);
#1680=ORIENTED_EDGE('',*,*,#3121,.F.);
#1681=ORIENTED_EDGE('',*,*,#3105,.F.);
#1682=ORIENTED_EDGE('',*,*,#3122,.T.);
#1683=ORIENTED_EDGE('',*,*,#3123,.T.);
#1684=ORIENTED_EDGE('',*,*,#3124,.F.);
#1685=ORIENTED_EDGE('',*,*,#3125,.T.);
#1686=ORIENTED_EDGE('',*,*,#3126,.F.);
#1687=ORIENTED_EDGE('',*,*,#3107,.F.);
#1688=ORIENTED_EDGE('',*,*,#3127,.F.);
#1689=ORIENTED_EDGE('',*,*,#3128,.T.);
#1690=ORIENTED_EDGE('',*,*,#3129,.F.);
#1691=ORIENTED_EDGE('',*,*,#3110,.F.);
#1692=ORIENTED_EDGE('',*,*,#3130,.F.);
#1693=ORIENTED_EDGE('',*,*,#3131,.T.);
#1694=ORIENTED_EDGE('',*,*,#3132,.F.);
#1695=ORIENTED_EDGE('',*,*,#3113,.F.);
#1696=ORIENTED_EDGE('',*,*,#3133,.F.);
#1697=ORIENTED_EDGE('',*,*,#3134,.T.);
#1698=ORIENTED_EDGE('',*,*,#3135,.F.);
#1699=ORIENTED_EDGE('',*,*,#3116,.F.);
#1700=ORIENTED_EDGE('',*,*,#3136,.F.);
#1701=ORIENTED_EDGE('',*,*,#3137,.T.);
#1702=ORIENTED_EDGE('',*,*,#3138,.F.);
#1703=ORIENTED_EDGE('',*,*,#3119,.F.);
#1704=ORIENTED_EDGE('',*,*,#3139,.T.);
#1705=ORIENTED_EDGE('',*,*,#3140,.T.);
#1706=ORIENTED_EDGE('',*,*,#3123,.F.);
#1707=ORIENTED_EDGE('',*,*,#3141,.F.);
#1708=ORIENTED_EDGE('',*,*,#3125,.F.);
#1709=ORIENTED_EDGE('',*,*,#3142,.T.);
#1710=ORIENTED_EDGE('',*,*,#3143,.T.);
#1711=ORIENTED_EDGE('',*,*,#3144,.T.);
#1712=ORIENTED_EDGE('',*,*,#3128,.F.);
#1713=ORIENTED_EDGE('',*,*,#3145,.T.);
#1714=ORIENTED_EDGE('',*,*,#3146,.T.);
#1715=ORIENTED_EDGE('',*,*,#3147,.T.);
#1716=ORIENTED_EDGE('',*,*,#3131,.F.);
#1717=ORIENTED_EDGE('',*,*,#3148,.T.);
#1718=ORIENTED_EDGE('',*,*,#3149,.T.);
#1719=ORIENTED_EDGE('',*,*,#3150,.T.);
#1720=ORIENTED_EDGE('',*,*,#3134,.F.);
#1721=ORIENTED_EDGE('',*,*,#3151,.T.);
#1722=ORIENTED_EDGE('',*,*,#3152,.T.);
#1723=ORIENTED_EDGE('',*,*,#3153,.T.);
#1724=ORIENTED_EDGE('',*,*,#3137,.F.);
#1725=ORIENTED_EDGE('',*,*,#3154,.T.);
#1726=ORIENTED_EDGE('',*,*,#3155,.T.);
#1727=ORIENTED_EDGE('',*,*,#3156,.T.);
#1728=ORIENTED_EDGE('',*,*,#3157,.F.);
#1729=ORIENTED_EDGE('',*,*,#3139,.F.);
#1730=ORIENTED_EDGE('',*,*,#3158,.T.);
#1731=ORIENTED_EDGE('',*,*,#3159,.T.);
#1732=ORIENTED_EDGE('',*,*,#3160,.F.);
#1733=ORIENTED_EDGE('',*,*,#3161,.T.);
#1734=ORIENTED_EDGE('',*,*,#3162,.F.);
#1735=ORIENTED_EDGE('',*,*,#3143,.F.);
#1736=ORIENTED_EDGE('',*,*,#3163,.F.);
#1737=ORIENTED_EDGE('',*,*,#3164,.T.);
#1738=ORIENTED_EDGE('',*,*,#3165,.F.);
#1739=ORIENTED_EDGE('',*,*,#3146,.F.);
#1740=ORIENTED_EDGE('',*,*,#3166,.F.);
#1741=ORIENTED_EDGE('',*,*,#3167,.T.);
#1742=ORIENTED_EDGE('',*,*,#3168,.F.);
#1743=ORIENTED_EDGE('',*,*,#3149,.F.);
#1744=ORIENTED_EDGE('',*,*,#3169,.F.);
#1745=ORIENTED_EDGE('',*,*,#3170,.T.);
#1746=ORIENTED_EDGE('',*,*,#3171,.F.);
#1747=ORIENTED_EDGE('',*,*,#3152,.F.);
#1748=ORIENTED_EDGE('',*,*,#3172,.F.);
#1749=ORIENTED_EDGE('',*,*,#3173,.T.);
#1750=ORIENTED_EDGE('',*,*,#3174,.F.);
#1751=ORIENTED_EDGE('',*,*,#3155,.F.);
#1752=ORIENTED_EDGE('',*,*,#3175,.F.);
#1753=ORIENTED_EDGE('',*,*,#3176,.F.);
#1754=ORIENTED_EDGE('',*,*,#3177,.F.);
#1755=ORIENTED_EDGE('',*,*,#2810,.T.);
#1756=ORIENTED_EDGE('',*,*,#3178,.F.);
#1757=ORIENTED_EDGE('',*,*,#3179,.F.);
#1758=ORIENTED_EDGE('',*,*,#3180,.F.);
#1759=ORIENTED_EDGE('',*,*,#2814,.T.);
#1760=ORIENTED_EDGE('',*,*,#3181,.F.);
#1761=ORIENTED_EDGE('',*,*,#3182,.F.);
#1762=ORIENTED_EDGE('',*,*,#3183,.F.);
#1763=ORIENTED_EDGE('',*,*,#2818,.T.);
#1764=ORIENTED_EDGE('',*,*,#3184,.F.);
#1765=ORIENTED_EDGE('',*,*,#3185,.F.);
#1766=ORIENTED_EDGE('',*,*,#3186,.F.);
#1767=ORIENTED_EDGE('',*,*,#2822,.T.);
#1768=ORIENTED_EDGE('',*,*,#3187,.F.);
#1769=ORIENTED_EDGE('',*,*,#3188,.F.);
#1770=ORIENTED_EDGE('',*,*,#3189,.F.);
#1771=ORIENTED_EDGE('',*,*,#2826,.T.);
#1772=ORIENTED_EDGE('',*,*,#3190,.F.);
#1773=ORIENTED_EDGE('',*,*,#3191,.F.);
#1774=ORIENTED_EDGE('',*,*,#3192,.F.);
#1775=ORIENTED_EDGE('',*,*,#3193,.T.);
#1776=ORIENTED_EDGE('',*,*,#3194,.F.);
#1777=ORIENTED_EDGE('',*,*,#3195,.F.);
#1778=ORIENTED_EDGE('',*,*,#3196,.T.);
#1779=ORIENTED_EDGE('',*,*,#2804,.T.);
#1780=ORIENTED_EDGE('',*,*,#3197,.F.);
#1781=ORIENTED_EDGE('',*,*,#3198,.T.);
#1782=ORIENTED_EDGE('',*,*,#3199,.F.);
#1783=ORIENTED_EDGE('',*,*,#3193,.F.);
#1784=ORIENTED_EDGE('',*,*,#3200,.F.);
#1785=ORIENTED_EDGE('',*,*,#3201,.T.);
#1786=ORIENTED_EDGE('',*,*,#3202,.F.);
#1787=ORIENTED_EDGE('',*,*,#3198,.F.);
#1788=ORIENTED_EDGE('',*,*,#3203,.F.);
#1789=ORIENTED_EDGE('',*,*,#3204,.T.);
#1790=ORIENTED_EDGE('',*,*,#3205,.F.);
#1791=ORIENTED_EDGE('',*,*,#3201,.F.);
#1792=ORIENTED_EDGE('',*,*,#3204,.F.);
#1793=ORIENTED_EDGE('',*,*,#3206,.T.);
#1794=ORIENTED_EDGE('',*,*,#3207,.T.);
#1795=ORIENTED_EDGE('',*,*,#3208,.T.);
#1796=ORIENTED_EDGE('',*,*,#3209,.F.);
#1797=ORIENTED_EDGE('',*,*,#3210,.T.);
#1798=ORIENTED_EDGE('',*,*,#3211,.F.);
#1799=ORIENTED_EDGE('',*,*,#3207,.F.);
#1800=ORIENTED_EDGE('',*,*,#3212,.F.);
#1801=ORIENTED_EDGE('',*,*,#3213,.T.);
#1802=ORIENTED_EDGE('',*,*,#3214,.F.);
#1803=ORIENTED_EDGE('',*,*,#3210,.F.);
#1804=ORIENTED_EDGE('',*,*,#3215,.F.);
#1805=ORIENTED_EDGE('',*,*,#3216,.T.);
#1806=ORIENTED_EDGE('',*,*,#3217,.F.);
#1807=ORIENTED_EDGE('',*,*,#3213,.F.);
#1808=ORIENTED_EDGE('',*,*,#3218,.F.);
#1809=ORIENTED_EDGE('',*,*,#3219,.T.);
#1810=ORIENTED_EDGE('',*,*,#3220,.F.);
#1811=ORIENTED_EDGE('',*,*,#3216,.F.);
#1812=ORIENTED_EDGE('',*,*,#3221,.F.);
#1813=ORIENTED_EDGE('',*,*,#3222,.T.);
#1814=ORIENTED_EDGE('',*,*,#3223,.F.);
#1815=ORIENTED_EDGE('',*,*,#3219,.F.);
#1816=ORIENTED_EDGE('',*,*,#3222,.F.);
#1817=ORIENTED_EDGE('',*,*,#3224,.T.);
#1818=ORIENTED_EDGE('',*,*,#3225,.T.);
#1819=ORIENTED_EDGE('',*,*,#3226,.T.);
#1820=ORIENTED_EDGE('',*,*,#3227,.F.);
#1821=ORIENTED_EDGE('',*,*,#3228,.T.);
#1822=ORIENTED_EDGE('',*,*,#3229,.F.);
#1823=ORIENTED_EDGE('',*,*,#3225,.F.);
#1824=ORIENTED_EDGE('',*,*,#3228,.F.);
#1825=ORIENTED_EDGE('',*,*,#3230,.T.);
#1826=ORIENTED_EDGE('',*,*,#3191,.T.);
#1827=ORIENTED_EDGE('',*,*,#3231,.F.);
#1828=ORIENTED_EDGE('',*,*,#3005,.F.);
#1829=ORIENTED_EDGE('',*,*,#3232,.T.);
#1830=ORIENTED_EDGE('',*,*,#3188,.T.);
#1831=ORIENTED_EDGE('',*,*,#3233,.F.);
#1832=ORIENTED_EDGE('',*,*,#3002,.F.);
#1833=ORIENTED_EDGE('',*,*,#3234,.T.);
#1834=ORIENTED_EDGE('',*,*,#3185,.T.);
#1835=ORIENTED_EDGE('',*,*,#3235,.F.);
#1836=ORIENTED_EDGE('',*,*,#2999,.F.);
#1837=ORIENTED_EDGE('',*,*,#3236,.T.);
#1838=ORIENTED_EDGE('',*,*,#3182,.T.);
#1839=ORIENTED_EDGE('',*,*,#3237,.F.);
#1840=ORIENTED_EDGE('',*,*,#2996,.F.);
#1841=ORIENTED_EDGE('',*,*,#3238,.T.);
#1842=ORIENTED_EDGE('',*,*,#3179,.T.);
#1843=ORIENTED_EDGE('',*,*,#3239,.F.);
#1844=ORIENTED_EDGE('',*,*,#2993,.F.);
#1845=ORIENTED_EDGE('',*,*,#3240,.T.);
#1846=ORIENTED_EDGE('',*,*,#3176,.T.);
#1847=ORIENTED_EDGE('',*,*,#3241,.F.);
#1848=ORIENTED_EDGE('',*,*,#2991,.F.);
#1849=ORIENTED_EDGE('',*,*,#3242,.T.);
#1850=ORIENTED_EDGE('',*,*,#3008,.T.);
#1851=ORIENTED_EDGE('',*,*,#3243,.F.);
#1852=ORIENTED_EDGE('',*,*,#3244,.T.);
#1853=ORIENTED_EDGE('',*,*,#3245,.T.);
#1854=ORIENTED_EDGE('',*,*,#3014,.T.);
#1855=ORIENTED_EDGE('',*,*,#3246,.F.);
#1856=ORIENTED_EDGE('',*,*,#3247,.T.);
#1857=ORIENTED_EDGE('',*,*,#3248,.T.);
#1858=ORIENTED_EDGE('',*,*,#3018,.T.);
#1859=ORIENTED_EDGE('',*,*,#3249,.F.);
#1860=ORIENTED_EDGE('',*,*,#3250,.T.);
#1861=ORIENTED_EDGE('',*,*,#3251,.T.);
#1862=ORIENTED_EDGE('',*,*,#3022,.T.);
#1863=ORIENTED_EDGE('',*,*,#3252,.F.);
#1864=ORIENTED_EDGE('',*,*,#3253,.T.);
#1865=ORIENTED_EDGE('',*,*,#3254,.T.);
#1866=ORIENTED_EDGE('',*,*,#3026,.T.);
#1867=ORIENTED_EDGE('',*,*,#3255,.F.);
#1868=ORIENTED_EDGE('',*,*,#3256,.T.);
#1869=ORIENTED_EDGE('',*,*,#3257,.T.);
#1870=ORIENTED_EDGE('',*,*,#3030,.T.);
#1871=ORIENTED_EDGE('',*,*,#3258,.F.);
#1872=ORIENTED_EDGE('',*,*,#3259,.T.);
#1873=ORIENTED_EDGE('',*,*,#3260,.T.);
#1874=ORIENTED_EDGE('',*,*,#3261,.T.);
#1875=ORIENTED_EDGE('',*,*,#3262,.F.);
#1876=ORIENTED_EDGE('',*,*,#3263,.F.);
#1877=ORIENTED_EDGE('',*,*,#3264,.T.);
#1878=ORIENTED_EDGE('',*,*,#3265,.F.);
#1879=ORIENTED_EDGE('',*,*,#3261,.F.);
#1880=ORIENTED_EDGE('',*,*,#3266,.F.);
#1881=ORIENTED_EDGE('',*,*,#3267,.T.);
#1882=ORIENTED_EDGE('',*,*,#3268,.F.);
#1883=ORIENTED_EDGE('',*,*,#3264,.F.);
#1884=ORIENTED_EDGE('',*,*,#3267,.F.);
#1885=ORIENTED_EDGE('',*,*,#3269,.T.);
#1886=ORIENTED_EDGE('',*,*,#3270,.T.);
#1887=ORIENTED_EDGE('',*,*,#3271,.T.);
#1888=ORIENTED_EDGE('',*,*,#3272,.F.);
#1889=ORIENTED_EDGE('',*,*,#3273,.T.);
#1890=ORIENTED_EDGE('',*,*,#3274,.F.);
#1891=ORIENTED_EDGE('',*,*,#3270,.F.);
#1892=ORIENTED_EDGE('',*,*,#3275,.F.);
#1893=ORIENTED_EDGE('',*,*,#3276,.T.);
#1894=ORIENTED_EDGE('',*,*,#3277,.F.);
#1895=ORIENTED_EDGE('',*,*,#3273,.F.);
#1896=ORIENTED_EDGE('',*,*,#3278,.F.);
#1897=ORIENTED_EDGE('',*,*,#3279,.T.);
#1898=ORIENTED_EDGE('',*,*,#3280,.F.);
#1899=ORIENTED_EDGE('',*,*,#3276,.F.);
#1900=ORIENTED_EDGE('',*,*,#3281,.F.);
#1901=ORIENTED_EDGE('',*,*,#3282,.T.);
#1902=ORIENTED_EDGE('',*,*,#3283,.F.);
#1903=ORIENTED_EDGE('',*,*,#3279,.F.);
#1904=ORIENTED_EDGE('',*,*,#3282,.F.);
#1905=ORIENTED_EDGE('',*,*,#3284,.T.);
#1906=ORIENTED_EDGE('',*,*,#3285,.T.);
#1907=ORIENTED_EDGE('',*,*,#3286,.T.);
#1908=ORIENTED_EDGE('',*,*,#3287,.F.);
#1909=ORIENTED_EDGE('',*,*,#3288,.T.);
#1910=ORIENTED_EDGE('',*,*,#3289,.F.);
#1911=ORIENTED_EDGE('',*,*,#3285,.F.);
#1912=ORIENTED_EDGE('',*,*,#3290,.F.);
#1913=ORIENTED_EDGE('',*,*,#3159,.F.);
#1914=ORIENTED_EDGE('',*,*,#3291,.T.);
#1915=ORIENTED_EDGE('',*,*,#3195,.T.);
#1916=ORIENTED_EDGE('',*,*,#3292,.F.);
#1917=ORIENTED_EDGE('',*,*,#3288,.F.);
#1918=ORIENTED_EDGE('',*,*,#3293,.F.);
#1919=ORIENTED_EDGE('',*,*,#3259,.F.);
#1920=ORIENTED_EDGE('',*,*,#3294,.F.);
#1921=ORIENTED_EDGE('',*,*,#3173,.F.);
#1922=ORIENTED_EDGE('',*,*,#3295,.F.);
#1923=ORIENTED_EDGE('',*,*,#3256,.F.);
#1924=ORIENTED_EDGE('',*,*,#3296,.F.);
#1925=ORIENTED_EDGE('',*,*,#3170,.F.);
#1926=ORIENTED_EDGE('',*,*,#3297,.F.);
#1927=ORIENTED_EDGE('',*,*,#3253,.F.);
#1928=ORIENTED_EDGE('',*,*,#3298,.F.);
#1929=ORIENTED_EDGE('',*,*,#3167,.F.);
#1930=ORIENTED_EDGE('',*,*,#3299,.F.);
#1931=ORIENTED_EDGE('',*,*,#3250,.F.);
#1932=ORIENTED_EDGE('',*,*,#3300,.F.);
#1933=ORIENTED_EDGE('',*,*,#3164,.F.);
#1934=ORIENTED_EDGE('',*,*,#3301,.F.);
#1935=ORIENTED_EDGE('',*,*,#3247,.F.);
#1936=ORIENTED_EDGE('',*,*,#3302,.F.);
#1937=ORIENTED_EDGE('',*,*,#3161,.F.);
#1938=ORIENTED_EDGE('',*,*,#3303,.F.);
#1939=ORIENTED_EDGE('',*,*,#3244,.F.);
#1940=ORIENTED_EDGE('',*,*,#3196,.F.);
#1941=ORIENTED_EDGE('',*,*,#3291,.F.);
#1942=ORIENTED_EDGE('',*,*,#3158,.F.);
#1943=ORIENTED_EDGE('',*,*,#3141,.T.);
#1944=ORIENTED_EDGE('',*,*,#3122,.F.);
#1945=ORIENTED_EDGE('',*,*,#3104,.F.);
#1946=ORIENTED_EDGE('',*,*,#3086,.F.);
#1947=ORIENTED_EDGE('',*,*,#3068,.F.);
#1948=ORIENTED_EDGE('',*,*,#3051,.T.);
#1949=ORIENTED_EDGE('',*,*,#3032,.F.);
#1950=ORIENTED_EDGE('',*,*,#3009,.F.);
#1951=ORIENTED_EDGE('',*,*,#3242,.F.);
#1952=ORIENTED_EDGE('',*,*,#2990,.F.);
#1953=ORIENTED_EDGE('',*,*,#2973,.T.);
#1954=ORIENTED_EDGE('',*,*,#2954,.F.);
#1955=ORIENTED_EDGE('',*,*,#2936,.F.);
#1956=ORIENTED_EDGE('',*,*,#2918,.F.);
#1957=ORIENTED_EDGE('',*,*,#2900,.F.);
#1958=ORIENTED_EDGE('',*,*,#2882,.F.);
#1959=ORIENTED_EDGE('',*,*,#2865,.T.);
#1960=ORIENTED_EDGE('',*,*,#2846,.F.);
#1961=ORIENTED_EDGE('',*,*,#2828,.F.);
#1962=ORIENTED_EDGE('',*,*,#2805,.F.);
#1963=ORIENTED_EDGE('',*,*,#3262,.T.);
#1964=ORIENTED_EDGE('',*,*,#3265,.T.);
#1965=ORIENTED_EDGE('',*,*,#3268,.T.);
#1966=ORIENTED_EDGE('',*,*,#3271,.F.);
#1967=ORIENTED_EDGE('',*,*,#3274,.T.);
#1968=ORIENTED_EDGE('',*,*,#3277,.T.);
#1969=ORIENTED_EDGE('',*,*,#3280,.T.);
#1970=ORIENTED_EDGE('',*,*,#3283,.T.);
#1971=ORIENTED_EDGE('',*,*,#3286,.F.);
#1972=ORIENTED_EDGE('',*,*,#3289,.T.);
#1973=ORIENTED_EDGE('',*,*,#3292,.T.);
#1974=ORIENTED_EDGE('',*,*,#3194,.T.);
#1975=ORIENTED_EDGE('',*,*,#3199,.T.);
#1976=ORIENTED_EDGE('',*,*,#3202,.T.);
#1977=ORIENTED_EDGE('',*,*,#3205,.T.);
#1978=ORIENTED_EDGE('',*,*,#3208,.F.);
#1979=ORIENTED_EDGE('',*,*,#3211,.T.);
#1980=ORIENTED_EDGE('',*,*,#3214,.T.);
#1981=ORIENTED_EDGE('',*,*,#3217,.T.);
#1982=ORIENTED_EDGE('',*,*,#3220,.T.);
#1983=ORIENTED_EDGE('',*,*,#3223,.T.);
#1984=ORIENTED_EDGE('',*,*,#3226,.F.);
#1985=ORIENTED_EDGE('',*,*,#3229,.T.);
#1986=ORIENTED_EDGE('',*,*,#3263,.T.);
#1987=ORIENTED_EDGE('',*,*,#3260,.F.);
#1988=ORIENTED_EDGE('',*,*,#3293,.T.);
#1989=ORIENTED_EDGE('',*,*,#3287,.T.);
#1990=ORIENTED_EDGE('',*,*,#3284,.F.);
#1991=ORIENTED_EDGE('',*,*,#3281,.T.);
#1992=ORIENTED_EDGE('',*,*,#3278,.T.);
#1993=ORIENTED_EDGE('',*,*,#3275,.T.);
#1994=ORIENTED_EDGE('',*,*,#3272,.T.);
#1995=ORIENTED_EDGE('',*,*,#3269,.F.);
#1996=ORIENTED_EDGE('',*,*,#3266,.T.);
#1997=ORIENTED_EDGE('',*,*,#3029,.T.);
#1998=ORIENTED_EDGE('',*,*,#3048,.T.);
#1999=ORIENTED_EDGE('',*,*,#3066,.F.);
#2000=ORIENTED_EDGE('',*,*,#3084,.T.);
#2001=ORIENTED_EDGE('',*,*,#3102,.T.);
#2002=ORIENTED_EDGE('',*,*,#3120,.T.);
#2003=ORIENTED_EDGE('',*,*,#3138,.T.);
#2004=ORIENTED_EDGE('',*,*,#3156,.F.);
#2005=ORIENTED_EDGE('',*,*,#3174,.T.);
#2006=ORIENTED_EDGE('',*,*,#3294,.T.);
#2007=ORIENTED_EDGE('',*,*,#3258,.T.);
#2008=ORIENTED_EDGE('',*,*,#3027,.T.);
#2009=ORIENTED_EDGE('',*,*,#3257,.F.);
#2010=ORIENTED_EDGE('',*,*,#3295,.T.);
#2011=ORIENTED_EDGE('',*,*,#3172,.T.);
#2012=ORIENTED_EDGE('',*,*,#3154,.F.);
#2013=ORIENTED_EDGE('',*,*,#3136,.T.);
#2014=ORIENTED_EDGE('',*,*,#3118,.T.);
#2015=ORIENTED_EDGE('',*,*,#3100,.T.);
#2016=ORIENTED_EDGE('',*,*,#3082,.T.);
#2017=ORIENTED_EDGE('',*,*,#3064,.F.);
#2018=ORIENTED_EDGE('',*,*,#3046,.T.);
#2019=ORIENTED_EDGE('',*,*,#3025,.T.);
#2020=ORIENTED_EDGE('',*,*,#3045,.T.);
#2021=ORIENTED_EDGE('',*,*,#3063,.F.);
#2022=ORIENTED_EDGE('',*,*,#3081,.T.);
#2023=ORIENTED_EDGE('',*,*,#3099,.T.);
#2024=ORIENTED_EDGE('',*,*,#3117,.T.);
#2025=ORIENTED_EDGE('',*,*,#3135,.T.);
#2026=ORIENTED_EDGE('',*,*,#3153,.F.);
#2027=ORIENTED_EDGE('',*,*,#3171,.T.);
#2028=ORIENTED_EDGE('',*,*,#3296,.T.);
#2029=ORIENTED_EDGE('',*,*,#3255,.T.);
#2030=ORIENTED_EDGE('',*,*,#3023,.T.);
#2031=ORIENTED_EDGE('',*,*,#3254,.F.);
#2032=ORIENTED_EDGE('',*,*,#3297,.T.);
#2033=ORIENTED_EDGE('',*,*,#3169,.T.);
#2034=ORIENTED_EDGE('',*,*,#3151,.F.);
#2035=ORIENTED_EDGE('',*,*,#3133,.T.);
#2036=ORIENTED_EDGE('',*,*,#3115,.T.);
#2037=ORIENTED_EDGE('',*,*,#3097,.T.);
#2038=ORIENTED_EDGE('',*,*,#3079,.T.);
#2039=ORIENTED_EDGE('',*,*,#3061,.F.);
#2040=ORIENTED_EDGE('',*,*,#3043,.T.);
#2041=ORIENTED_EDGE('',*,*,#3021,.T.);
#2042=ORIENTED_EDGE('',*,*,#3042,.T.);
#2043=ORIENTED_EDGE('',*,*,#3060,.F.);
#2044=ORIENTED_EDGE('',*,*,#3078,.T.);
#2045=ORIENTED_EDGE('',*,*,#3096,.T.);
#2046=ORIENTED_EDGE('',*,*,#3114,.T.);
#2047=ORIENTED_EDGE('',*,*,#3132,.T.);
#2048=ORIENTED_EDGE('',*,*,#3150,.F.);
#2049=ORIENTED_EDGE('',*,*,#3168,.T.);
#2050=ORIENTED_EDGE('',*,*,#3298,.T.);
#2051=ORIENTED_EDGE('',*,*,#3252,.T.);
#2052=ORIENTED_EDGE('',*,*,#3019,.T.);
#2053=ORIENTED_EDGE('',*,*,#3251,.F.);
#2054=ORIENTED_EDGE('',*,*,#3299,.T.);
#2055=ORIENTED_EDGE('',*,*,#3166,.T.);
#2056=ORIENTED_EDGE('',*,*,#3148,.F.);
#2057=ORIENTED_EDGE('',*,*,#3130,.T.);
#2058=ORIENTED_EDGE('',*,*,#3112,.T.);
#2059=ORIENTED_EDGE('',*,*,#3094,.T.);
#2060=ORIENTED_EDGE('',*,*,#3076,.T.);
#2061=ORIENTED_EDGE('',*,*,#3058,.F.);
#2062=ORIENTED_EDGE('',*,*,#3040,.T.);
#2063=ORIENTED_EDGE('',*,*,#3017,.T.);
#2064=ORIENTED_EDGE('',*,*,#3039,.T.);
#2065=ORIENTED_EDGE('',*,*,#3057,.F.);
#2066=ORIENTED_EDGE('',*,*,#3075,.T.);
#2067=ORIENTED_EDGE('',*,*,#3093,.T.);
#2068=ORIENTED_EDGE('',*,*,#3111,.T.);
#2069=ORIENTED_EDGE('',*,*,#3129,.T.);
#2070=ORIENTED_EDGE('',*,*,#3147,.F.);
#2071=ORIENTED_EDGE('',*,*,#3165,.T.);
#2072=ORIENTED_EDGE('',*,*,#3300,.T.);
#2073=ORIENTED_EDGE('',*,*,#3249,.T.);
#2074=ORIENTED_EDGE('',*,*,#3015,.T.);
#2075=ORIENTED_EDGE('',*,*,#3248,.F.);
#2076=ORIENTED_EDGE('',*,*,#3301,.T.);
#2077=ORIENTED_EDGE('',*,*,#3163,.T.);
#2078=ORIENTED_EDGE('',*,*,#3145,.F.);
#2079=ORIENTED_EDGE('',*,*,#3127,.T.);
#2080=ORIENTED_EDGE('',*,*,#3109,.T.);
#2081=ORIENTED_EDGE('',*,*,#3091,.T.);
#2082=ORIENTED_EDGE('',*,*,#3073,.T.);
#2083=ORIENTED_EDGE('',*,*,#3055,.F.);
#2084=ORIENTED_EDGE('',*,*,#3037,.T.);
#2085=ORIENTED_EDGE('',*,*,#3013,.T.);
#2086=ORIENTED_EDGE('',*,*,#3036,.T.);
#2087=ORIENTED_EDGE('',*,*,#3054,.F.);
#2088=ORIENTED_EDGE('',*,*,#3072,.T.);
#2089=ORIENTED_EDGE('',*,*,#3090,.T.);
#2090=ORIENTED_EDGE('',*,*,#3108,.T.);
#2091=ORIENTED_EDGE('',*,*,#3126,.T.);
#2092=ORIENTED_EDGE('',*,*,#3144,.F.);
#2093=ORIENTED_EDGE('',*,*,#3162,.T.);
#2094=ORIENTED_EDGE('',*,*,#3302,.T.);
#2095=ORIENTED_EDGE('',*,*,#3246,.T.);
#2096=ORIENTED_EDGE('',*,*,#3011,.T.);
#2097=ORIENTED_EDGE('',*,*,#3245,.F.);
#2098=ORIENTED_EDGE('',*,*,#3303,.T.);
#2099=ORIENTED_EDGE('',*,*,#3160,.T.);
#2100=ORIENTED_EDGE('',*,*,#3142,.F.);
#2101=ORIENTED_EDGE('',*,*,#3124,.T.);
#2102=ORIENTED_EDGE('',*,*,#3106,.T.);
#2103=ORIENTED_EDGE('',*,*,#3088,.T.);
#2104=ORIENTED_EDGE('',*,*,#3070,.T.);
#2105=ORIENTED_EDGE('',*,*,#3052,.F.);
#2106=ORIENTED_EDGE('',*,*,#3034,.T.);
#2107=ORIENTED_EDGE('',*,*,#3007,.T.);
#2108=ORIENTED_EDGE('',*,*,#3031,.T.);
#2109=ORIENTED_EDGE('',*,*,#3050,.F.);
#2110=ORIENTED_EDGE('',*,*,#3067,.T.);
#2111=ORIENTED_EDGE('',*,*,#3085,.T.);
#2112=ORIENTED_EDGE('',*,*,#3103,.T.);
#2113=ORIENTED_EDGE('',*,*,#3121,.T.);
#2114=ORIENTED_EDGE('',*,*,#3140,.F.);
#2115=ORIENTED_EDGE('',*,*,#3157,.T.);
#2116=ORIENTED_EDGE('',*,*,#3290,.T.);
#2117=ORIENTED_EDGE('',*,*,#3243,.T.);
#2118=ORIENTED_EDGE('',*,*,#3192,.T.);
#2119=ORIENTED_EDGE('',*,*,#3230,.F.);
#2120=ORIENTED_EDGE('',*,*,#3227,.T.);
#2121=ORIENTED_EDGE('',*,*,#3224,.F.);
#2122=ORIENTED_EDGE('',*,*,#3221,.T.);
#2123=ORIENTED_EDGE('',*,*,#3218,.T.);
#2124=ORIENTED_EDGE('',*,*,#3215,.T.);
#2125=ORIENTED_EDGE('',*,*,#3212,.T.);
#2126=ORIENTED_EDGE('',*,*,#3209,.T.);
#2127=ORIENTED_EDGE('',*,*,#3206,.F.);
#2128=ORIENTED_EDGE('',*,*,#3203,.T.);
#2129=ORIENTED_EDGE('',*,*,#3200,.T.);
#2130=ORIENTED_EDGE('',*,*,#3197,.T.);
#2131=ORIENTED_EDGE('',*,*,#3190,.T.);
#2132=ORIENTED_EDGE('',*,*,#2825,.T.);
#2133=ORIENTED_EDGE('',*,*,#2844,.T.);
#2134=ORIENTED_EDGE('',*,*,#2862,.T.);
#2135=ORIENTED_EDGE('',*,*,#2880,.F.);
#2136=ORIENTED_EDGE('',*,*,#2898,.T.);
#2137=ORIENTED_EDGE('',*,*,#2916,.T.);
#2138=ORIENTED_EDGE('',*,*,#2934,.T.);
#2139=ORIENTED_EDGE('',*,*,#2952,.T.);
#2140=ORIENTED_EDGE('',*,*,#2970,.T.);
#2141=ORIENTED_EDGE('',*,*,#2988,.F.);
#2142=ORIENTED_EDGE('',*,*,#3006,.T.);
#2143=ORIENTED_EDGE('',*,*,#3231,.T.);
#2144=ORIENTED_EDGE('',*,*,#3189,.T.);
#2145=ORIENTED_EDGE('',*,*,#3232,.F.);
#2146=ORIENTED_EDGE('',*,*,#3004,.T.);
#2147=ORIENTED_EDGE('',*,*,#2986,.F.);
#2148=ORIENTED_EDGE('',*,*,#2968,.T.);
#2149=ORIENTED_EDGE('',*,*,#2950,.T.);
#2150=ORIENTED_EDGE('',*,*,#2932,.T.);
#2151=ORIENTED_EDGE('',*,*,#2914,.T.);
#2152=ORIENTED_EDGE('',*,*,#2896,.T.);
#2153=ORIENTED_EDGE('',*,*,#2878,.F.);
#2154=ORIENTED_EDGE('',*,*,#2860,.T.);
#2155=ORIENTED_EDGE('',*,*,#2842,.T.);
#2156=ORIENTED_EDGE('',*,*,#2823,.T.);
#2157=ORIENTED_EDGE('',*,*,#3187,.T.);
#2158=ORIENTED_EDGE('',*,*,#2821,.T.);
#2159=ORIENTED_EDGE('',*,*,#2841,.T.);
#2160=ORIENTED_EDGE('',*,*,#2859,.T.);
#2161=ORIENTED_EDGE('',*,*,#2877,.F.);
#2162=ORIENTED_EDGE('',*,*,#2895,.T.);
#2163=ORIENTED_EDGE('',*,*,#2913,.T.);
#2164=ORIENTED_EDGE('',*,*,#2931,.T.);
#2165=ORIENTED_EDGE('',*,*,#2949,.T.);
#2166=ORIENTED_EDGE('',*,*,#2967,.T.);
#2167=ORIENTED_EDGE('',*,*,#2985,.F.);
#2168=ORIENTED_EDGE('',*,*,#3003,.T.);
#2169=ORIENTED_EDGE('',*,*,#3233,.T.);
#2170=ORIENTED_EDGE('',*,*,#3186,.T.);
#2171=ORIENTED_EDGE('',*,*,#3234,.F.);
#2172=ORIENTED_EDGE('',*,*,#3001,.T.);
#2173=ORIENTED_EDGE('',*,*,#2983,.F.);
#2174=ORIENTED_EDGE('',*,*,#2965,.T.);
#2175=ORIENTED_EDGE('',*,*,#2947,.T.);
#2176=ORIENTED_EDGE('',*,*,#2929,.T.);
#2177=ORIENTED_EDGE('',*,*,#2911,.T.);
#2178=ORIENTED_EDGE('',*,*,#2893,.T.);
#2179=ORIENTED_EDGE('',*,*,#2875,.F.);
#2180=ORIENTED_EDGE('',*,*,#2857,.T.);
#2181=ORIENTED_EDGE('',*,*,#2839,.T.);
#2182=ORIENTED_EDGE('',*,*,#2819,.T.);
#2183=ORIENTED_EDGE('',*,*,#3184,.T.);
#2184=ORIENTED_EDGE('',*,*,#2817,.T.);
#2185=ORIENTED_EDGE('',*,*,#2838,.T.);
#2186=ORIENTED_EDGE('',*,*,#2856,.T.);
#2187=ORIENTED_EDGE('',*,*,#2874,.F.);
#2188=ORIENTED_EDGE('',*,*,#2892,.T.);
#2189=ORIENTED_EDGE('',*,*,#2910,.T.);
#2190=ORIENTED_EDGE('',*,*,#2928,.T.);
#2191=ORIENTED_EDGE('',*,*,#2946,.T.);
#2192=ORIENTED_EDGE('',*,*,#2964,.T.);
#2193=ORIENTED_EDGE('',*,*,#2982,.F.);
#2194=ORIENTED_EDGE('',*,*,#3000,.T.);
#2195=ORIENTED_EDGE('',*,*,#3235,.T.);
#2196=ORIENTED_EDGE('',*,*,#3183,.T.);
#2197=ORIENTED_EDGE('',*,*,#3236,.F.);
#2198=ORIENTED_EDGE('',*,*,#2998,.T.);
#2199=ORIENTED_EDGE('',*,*,#2980,.F.);
#2200=ORIENTED_EDGE('',*,*,#2962,.T.);
#2201=ORIENTED_EDGE('',*,*,#2944,.T.);
#2202=ORIENTED_EDGE('',*,*,#2926,.T.);
#2203=ORIENTED_EDGE('',*,*,#2908,.T.);
#2204=ORIENTED_EDGE('',*,*,#2890,.T.);
#2205=ORIENTED_EDGE('',*,*,#2872,.F.);
#2206=ORIENTED_EDGE('',*,*,#2854,.T.);
#2207=ORIENTED_EDGE('',*,*,#2836,.T.);
#2208=ORIENTED_EDGE('',*,*,#2815,.T.);
#2209=ORIENTED_EDGE('',*,*,#3181,.T.);
#2210=ORIENTED_EDGE('',*,*,#2813,.T.);
#2211=ORIENTED_EDGE('',*,*,#2835,.T.);
#2212=ORIENTED_EDGE('',*,*,#2853,.T.);
#2213=ORIENTED_EDGE('',*,*,#2871,.F.);
#2214=ORIENTED_EDGE('',*,*,#2889,.T.);
#2215=ORIENTED_EDGE('',*,*,#2907,.T.);
#2216=ORIENTED_EDGE('',*,*,#2925,.T.);
#2217=ORIENTED_EDGE('',*,*,#2943,.T.);
#2218=ORIENTED_EDGE('',*,*,#2961,.T.);
#2219=ORIENTED_EDGE('',*,*,#2979,.F.);
#2220=ORIENTED_EDGE('',*,*,#2997,.T.);
#2221=ORIENTED_EDGE('',*,*,#3237,.T.);
#2222=ORIENTED_EDGE('',*,*,#3180,.T.);
#2223=ORIENTED_EDGE('',*,*,#3238,.F.);
#2224=ORIENTED_EDGE('',*,*,#2995,.T.);
#2225=ORIENTED_EDGE('',*,*,#2977,.F.);
#2226=ORIENTED_EDGE('',*,*,#2959,.T.);
#2227=ORIENTED_EDGE('',*,*,#2941,.T.);
#2228=ORIENTED_EDGE('',*,*,#2923,.T.);
#2229=ORIENTED_EDGE('',*,*,#2905,.T.);
#2230=ORIENTED_EDGE('',*,*,#2887,.T.);
#2231=ORIENTED_EDGE('',*,*,#2869,.F.);
#2232=ORIENTED_EDGE('',*,*,#2851,.T.);
#2233=ORIENTED_EDGE('',*,*,#2833,.T.);
#2234=ORIENTED_EDGE('',*,*,#2811,.T.);
#2235=ORIENTED_EDGE('',*,*,#3178,.T.);
#2236=ORIENTED_EDGE('',*,*,#2809,.T.);
#2237=ORIENTED_EDGE('',*,*,#2832,.T.);
#2238=ORIENTED_EDGE('',*,*,#2850,.T.);
#2239=ORIENTED_EDGE('',*,*,#2868,.F.);
#2240=ORIENTED_EDGE('',*,*,#2886,.T.);
#2241=ORIENTED_EDGE('',*,*,#2904,.T.);
#2242=ORIENTED_EDGE('',*,*,#2922,.T.);
#2243=ORIENTED_EDGE('',*,*,#2940,.T.);
#2244=ORIENTED_EDGE('',*,*,#2958,.T.);
#2245=ORIENTED_EDGE('',*,*,#2976,.F.);
#2246=ORIENTED_EDGE('',*,*,#2994,.T.);
#2247=ORIENTED_EDGE('',*,*,#3239,.T.);
#2248=ORIENTED_EDGE('',*,*,#3175,.T.);
#2249=ORIENTED_EDGE('',*,*,#2803,.T.);
#2250=ORIENTED_EDGE('',*,*,#2827,.T.);
#2251=ORIENTED_EDGE('',*,*,#2845,.T.);
#2252=ORIENTED_EDGE('',*,*,#2864,.F.);
#2253=ORIENTED_EDGE('',*,*,#2881,.T.);
#2254=ORIENTED_EDGE('',*,*,#2899,.T.);
#2255=ORIENTED_EDGE('',*,*,#2917,.T.);
#2256=ORIENTED_EDGE('',*,*,#2935,.T.);
#2257=ORIENTED_EDGE('',*,*,#2953,.T.);
#2258=ORIENTED_EDGE('',*,*,#2972,.F.);
#2259=ORIENTED_EDGE('',*,*,#2989,.T.);
#2260=ORIENTED_EDGE('',*,*,#3241,.T.);
#2261=ORIENTED_EDGE('',*,*,#3177,.T.);
#2262=ORIENTED_EDGE('',*,*,#3240,.F.);
#2263=ORIENTED_EDGE('',*,*,#2992,.T.);
#2264=ORIENTED_EDGE('',*,*,#2974,.F.);
#2265=ORIENTED_EDGE('',*,*,#2956,.T.);
#2266=ORIENTED_EDGE('',*,*,#2938,.T.);
#2267=ORIENTED_EDGE('',*,*,#2920,.T.);
#2268=ORIENTED_EDGE('',*,*,#2902,.T.);
#2269=ORIENTED_EDGE('',*,*,#2884,.T.);
#2270=ORIENTED_EDGE('',*,*,#2866,.F.);
#2271=ORIENTED_EDGE('',*,*,#2848,.T.);
#2272=ORIENTED_EDGE('',*,*,#2830,.T.);
#2273=ORIENTED_EDGE('',*,*,#2807,.T.);
#2274=EDGE_CURVE('',#3304,#3305,#3974,.T.);
#2275=EDGE_CURVE('',#3306,#3304,#3975,.T.);
#2276=EDGE_CURVE('',#3306,#3307,#3976,.T.);
#2277=EDGE_CURVE('',#3307,#3305,#3977,.T.);
#2278=EDGE_CURVE('',#3308,#3309,#3978,.T.);
#2279=EDGE_CURVE('',#3308,#3310,#3979,.T.);
#2280=EDGE_CURVE('',#3310,#3311,#3980,.T.);
#2281=EDGE_CURVE('',#3311,#3309,#3981,.T.);
#2282=EDGE_CURVE('',#3312,#3313,#3982,.T.);
#2283=EDGE_CURVE('',#3304,#3312,#3983,.T.);
#2284=EDGE_CURVE('',#3305,#3311,#3984,.T.);
#2285=EDGE_CURVE('',#3314,#3310,#3985,.T.);
#2286=EDGE_CURVE('',#3315,#3314,#3986,.T.);
#2287=EDGE_CURVE('',#3316,#3315,#3987,.T.);
#2288=EDGE_CURVE('',#3317,#3316,#3988,.T.);
#2289=EDGE_CURVE('',#3318,#3317,#3989,.T.);
#2290=EDGE_CURVE('',#3318,#3319,#3990,.T.);
#2291=EDGE_CURVE('',#3313,#3319,#3991,.T.);
#2292=EDGE_CURVE('',#3320,#3316,#3992,.T.);
#2293=EDGE_CURVE('',#3321,#3320,#3993,.T.);
#2294=EDGE_CURVE('',#3317,#3321,#3994,.T.);
#2295=EDGE_CURVE('',#3306,#3322,#3995,.T.);
#2296=EDGE_CURVE('',#3322,#3323,#3996,.T.);
#2297=EDGE_CURVE('',#3323,#3324,#3997,.T.);
#2298=EDGE_CURVE('',#3325,#3324,#3998,.T.);
#2299=EDGE_CURVE('',#3321,#3325,#3999,.T.);
#2300=EDGE_CURVE('',#3320,#3326,#4000,.T.);
#2301=EDGE_CURVE('',#3326,#3327,#4001,.T.);
#2302=EDGE_CURVE('',#3327,#3308,#4002,.T.);
#2303=EDGE_CURVE('',#3309,#3307,#4003,.T.);
#2304=EDGE_CURVE('',#3328,#3329,#4004,.T.);
#2305=EDGE_CURVE('',#3330,#3328,#4005,.T.);
#2306=EDGE_CURVE('',#3330,#3331,#4006,.T.);
#2307=EDGE_CURVE('',#3331,#3329,#4007,.T.);
#2308=EDGE_CURVE('',#3332,#3328,#4008,.T.);
#2309=EDGE_CURVE('',#3333,#3332,#4009,.T.);
#2310=EDGE_CURVE('',#3333,#3330,#4010,.T.);
#2311=EDGE_CURVE('',#3334,#3332,#4011,.T.);
#2312=EDGE_CURVE('',#3335,#3334,#4012,.T.);
#2313=EDGE_CURVE('',#3335,#3333,#4013,.T.);
#2314=EDGE_CURVE('',#3336,#3337,#4014,.T.);
#2315=EDGE_CURVE('',#3338,#3336,#4015,.T.);
#2316=EDGE_CURVE('',#3338,#3339,#4016,.T.);
#2317=EDGE_CURVE('',#3339,#3337,#4017,.T.);
#2318=EDGE_CURVE('',#3340,#3336,#4018,.T.);
#2319=EDGE_CURVE('',#3341,#3340,#4019,.T.);
#2320=EDGE_CURVE('',#3341,#3338,#4020,.T.);
#2321=EDGE_CURVE('',#3342,#3340,#4021,.T.);
#2322=EDGE_CURVE('',#3343,#3342,#4022,.T.);
#2323=EDGE_CURVE('',#3343,#3341,#4023,.T.);
#2324=EDGE_CURVE('',#3344,#3345,#4024,.T.);
#2325=EDGE_CURVE('',#3346,#3344,#4025,.T.);
#2326=EDGE_CURVE('',#3346,#3347,#4026,.T.);
#2327=EDGE_CURVE('',#3347,#3345,#4027,.T.);
#2328=EDGE_CURVE('',#3348,#3344,#4028,.T.);
#2329=EDGE_CURVE('',#3349,#3348,#4029,.T.);
#2330=EDGE_CURVE('',#3349,#3346,#4030,.T.);
#2331=EDGE_CURVE('',#3350,#3348,#4031,.T.);
#2332=EDGE_CURVE('',#3351,#3350,#4032,.T.);
#2333=EDGE_CURVE('',#3351,#3349,#4033,.T.);
#2334=EDGE_CURVE('',#3352,#3353,#4034,.T.);
#2335=EDGE_CURVE('',#3354,#3352,#4035,.T.);
#2336=EDGE_CURVE('',#3354,#3355,#4036,.T.);
#2337=EDGE_CURVE('',#3355,#3353,#4037,.T.);
#2338=EDGE_CURVE('',#3356,#3352,#4038,.T.);
#2339=EDGE_CURVE('',#3357,#3356,#4039,.T.);
#2340=EDGE_CURVE('',#3357,#3354,#4040,.T.);
#2341=EDGE_CURVE('',#3358,#3356,#4041,.T.);
#2342=EDGE_CURVE('',#3359,#3358,#4042,.T.);
#2343=EDGE_CURVE('',#3359,#3357,#4043,.T.);
#2344=EDGE_CURVE('',#3360,#3361,#4044,.T.);
#2345=EDGE_CURVE('',#3362,#3360,#4045,.T.);
#2346=EDGE_CURVE('',#3362,#3363,#4046,.T.);
#2347=EDGE_CURVE('',#3363,#3361,#4047,.T.);
#2348=EDGE_CURVE('',#3364,#3360,#4048,.T.);
#2349=EDGE_CURVE('',#3365,#3364,#4049,.T.);
#2350=EDGE_CURVE('',#3365,#3362,#4050,.T.);
#2351=EDGE_CURVE('',#3366,#3364,#4051,.T.);
#2352=EDGE_CURVE('',#3367,#3366,#4052,.T.);
#2353=EDGE_CURVE('',#3367,#3365,#4053,.T.);
#2354=EDGE_CURVE('',#3368,#3369,#4054,.T.);
#2355=EDGE_CURVE('',#3370,#3368,#4055,.T.);
#2356=EDGE_CURVE('',#3370,#3371,#4056,.T.);
#2357=EDGE_CURVE('',#3371,#3369,#4057,.T.);
#2358=EDGE_CURVE('',#3372,#3368,#4058,.T.);
#2359=EDGE_CURVE('',#3373,#3372,#4059,.T.);
#2360=EDGE_CURVE('',#3373,#3370,#4060,.T.);
#2361=EDGE_CURVE('',#3374,#3372,#4061,.T.);
#2362=EDGE_CURVE('',#3375,#3374,#4062,.T.);
#2363=EDGE_CURVE('',#3375,#3373,#4063,.T.);
#2364=EDGE_CURVE('',#3376,#3377,#4064,.T.);
#2365=EDGE_CURVE('',#3378,#3376,#4065,.T.);
#2366=EDGE_CURVE('',#3378,#3379,#4066,.T.);
#2367=EDGE_CURVE('',#3379,#3377,#4067,.T.);
#2368=EDGE_CURVE('',#3380,#3376,#4068,.T.);
#2369=EDGE_CURVE('',#3381,#3380,#4069,.T.);
#2370=EDGE_CURVE('',#3381,#3378,#4070,.T.);
#2371=EDGE_CURVE('',#3382,#3380,#4071,.T.);
#2372=EDGE_CURVE('',#3383,#3382,#4072,.T.);
#2373=EDGE_CURVE('',#3383,#3381,#4073,.T.);
#2374=EDGE_CURVE('',#3384,#3385,#4074,.T.);
#2375=EDGE_CURVE('',#3386,#3384,#4075,.T.);
#2376=EDGE_CURVE('',#3386,#3387,#4076,.T.);
#2377=EDGE_CURVE('',#3387,#3385,#4077,.T.);
#2378=EDGE_CURVE('',#3388,#3384,#4078,.T.);
#2379=EDGE_CURVE('',#3389,#3388,#4079,.T.);
#2380=EDGE_CURVE('',#3389,#3386,#4080,.T.);
#2381=EDGE_CURVE('',#3390,#3388,#4081,.T.);
#2382=EDGE_CURVE('',#3391,#3390,#4082,.T.);
#2383=EDGE_CURVE('',#3391,#3389,#4083,.T.);
#2384=EDGE_CURVE('',#3392,#3393,#4084,.T.);
#2385=EDGE_CURVE('',#3394,#3392,#4085,.T.);
#2386=EDGE_CURVE('',#3394,#3395,#4086,.T.);
#2387=EDGE_CURVE('',#3395,#3393,#4087,.T.);
#2388=EDGE_CURVE('',#3396,#3392,#4088,.T.);
#2389=EDGE_CURVE('',#3397,#3396,#4089,.T.);
#2390=EDGE_CURVE('',#3397,#3394,#4090,.T.);
#2391=EDGE_CURVE('',#3398,#3396,#4091,.T.);
#2392=EDGE_CURVE('',#3399,#3398,#4092,.T.);
#2393=EDGE_CURVE('',#3399,#3397,#4093,.T.);
#2394=EDGE_CURVE('',#3400,#3401,#4094,.T.);
#2395=EDGE_CURVE('',#3402,#3400,#4095,.T.);
#2396=EDGE_CURVE('',#3402,#3403,#4096,.T.);
#2397=EDGE_CURVE('',#3403,#3401,#4097,.T.);
#2398=EDGE_CURVE('',#3404,#3400,#4098,.T.);
#2399=EDGE_CURVE('',#3405,#3404,#4099,.T.);
#2400=EDGE_CURVE('',#3405,#3402,#4100,.T.);
#2401=EDGE_CURVE('',#3406,#3404,#4101,.T.);
#2402=EDGE_CURVE('',#3407,#3406,#4102,.T.);
#2403=EDGE_CURVE('',#3407,#3405,#4103,.T.);
#2404=EDGE_CURVE('',#3408,#3409,#4104,.T.);
#2405=EDGE_CURVE('',#3410,#3408,#4105,.T.);
#2406=EDGE_CURVE('',#3410,#3411,#4106,.T.);
#2407=EDGE_CURVE('',#3411,#3409,#4107,.T.);
#2408=EDGE_CURVE('',#3412,#3408,#4108,.T.);
#2409=EDGE_CURVE('',#3413,#3412,#4109,.T.);
#2410=EDGE_CURVE('',#3413,#3410,#4110,.T.);
#2411=EDGE_CURVE('',#3414,#3412,#4111,.T.);
#2412=EDGE_CURVE('',#3415,#3414,#4112,.T.);
#2413=EDGE_CURVE('',#3415,#3413,#4113,.T.);
#2414=EDGE_CURVE('',#3416,#3417,#4114,.T.);
#2415=EDGE_CURVE('',#3418,#3416,#4115,.T.);
#2416=EDGE_CURVE('',#3418,#3419,#4116,.T.);
#2417=EDGE_CURVE('',#3419,#3417,#4117,.T.);
#2418=EDGE_CURVE('',#3420,#3416,#4118,.T.);
#2419=EDGE_CURVE('',#3421,#3420,#4119,.T.);
#2420=EDGE_CURVE('',#3421,#3418,#4120,.T.);
#2421=EDGE_CURVE('',#3422,#3420,#4121,.T.);
#2422=EDGE_CURVE('',#3423,#3422,#4122,.T.);
#2423=EDGE_CURVE('',#3423,#3421,#4123,.T.);
#2424=EDGE_CURVE('',#3424,#3425,#4124,.T.);
#2425=EDGE_CURVE('',#3426,#3424,#4125,.T.);
#2426=EDGE_CURVE('',#3426,#3427,#4126,.T.);
#2427=EDGE_CURVE('',#3427,#3425,#4127,.T.);
#2428=EDGE_CURVE('',#3428,#3424,#4128,.T.);
#2429=EDGE_CURVE('',#3429,#3428,#4129,.T.);
#2430=EDGE_CURVE('',#3429,#3426,#4130,.T.);
#2431=EDGE_CURVE('',#3430,#3428,#4131,.T.);
#2432=EDGE_CURVE('',#3431,#3430,#4132,.T.);
#2433=EDGE_CURVE('',#3431,#3429,#4133,.T.);
#2434=EDGE_CURVE('',#3432,#3433,#4134,.T.);
#2435=EDGE_CURVE('',#3434,#3432,#4135,.T.);
#2436=EDGE_CURVE('',#3434,#3435,#4136,.T.);
#2437=EDGE_CURVE('',#3435,#3433,#4137,.T.);
#2438=EDGE_CURVE('',#3436,#3432,#4138,.T.);
#2439=EDGE_CURVE('',#3437,#3436,#4139,.T.);
#2440=EDGE_CURVE('',#3437,#3434,#4140,.T.);
#2441=EDGE_CURVE('',#3438,#3436,#4141,.T.);
#2442=EDGE_CURVE('',#3439,#3438,#4142,.T.);
#2443=EDGE_CURVE('',#3439,#3437,#4143,.T.);
#2444=EDGE_CURVE('',#3329,#3334,#4144,.T.);
#2445=EDGE_CURVE('',#3331,#3335,#4145,.T.);
#2446=EDGE_CURVE('',#3337,#3342,#4146,.T.);
#2447=EDGE_CURVE('',#3339,#3343,#4147,.T.);
#2448=EDGE_CURVE('',#3345,#3350,#4148,.T.);
#2449=EDGE_CURVE('',#3347,#3351,#4149,.T.);
#2450=EDGE_CURVE('',#3353,#3358,#4150,.T.);
#2451=EDGE_CURVE('',#3355,#3359,#4151,.T.);
#2452=EDGE_CURVE('',#3361,#3366,#4152,.T.);
#2453=EDGE_CURVE('',#3363,#3367,#4153,.T.);
#2454=EDGE_CURVE('',#3369,#3374,#4154,.T.);
#2455=EDGE_CURVE('',#3371,#3375,#4155,.T.);
#2456=EDGE_CURVE('',#3377,#3382,#4156,.T.);
#2457=EDGE_CURVE('',#3379,#3383,#4157,.T.);
#2458=EDGE_CURVE('',#3385,#3390,#4158,.T.);
#2459=EDGE_CURVE('',#3387,#3391,#4159,.T.);
#2460=EDGE_CURVE('',#3393,#3398,#4160,.T.);
#2461=EDGE_CURVE('',#3395,#3399,#4161,.T.);
#2462=EDGE_CURVE('',#3401,#3406,#4162,.T.);
#2463=EDGE_CURVE('',#3403,#3407,#4163,.T.);
#2464=EDGE_CURVE('',#3409,#3414,#4164,.T.);
#2465=EDGE_CURVE('',#3411,#3415,#4165,.T.);
#2466=EDGE_CURVE('',#3417,#3422,#4166,.T.);
#2467=EDGE_CURVE('',#3419,#3423,#4167,.T.);
#2468=EDGE_CURVE('',#3425,#3430,#4168,.T.);
#2469=EDGE_CURVE('',#3427,#3431,#4169,.T.);
#2470=EDGE_CURVE('',#3433,#3438,#4170,.T.);
#2471=EDGE_CURVE('',#3435,#3439,#4171,.T.);
#2472=EDGE_CURVE('',#3324,#3319,#4172,.T.);
#2473=EDGE_CURVE('',#3325,#3318,#4173,.T.);
#2474=EDGE_CURVE('',#3440,#3440,#96,.F.);
#2475=EDGE_CURVE('',#3441,#3441,#97,.F.);
#2476=EDGE_CURVE('',#3327,#3314,#4174,.T.);
#2477=EDGE_CURVE('',#3326,#3315,#4175,.T.);
#2478=EDGE_CURVE('',#3322,#3312,#4176,.T.);
#2479=EDGE_CURVE('',#3323,#3313,#4177,.T.);
#2480=EDGE_CURVE('',#3442,#3442,#98,.T.);
#2481=EDGE_CURVE('',#3443,#3443,#99,.T.);
#2482=EDGE_CURVE('',#3444,#3444,#100,.T.);
#2483=EDGE_CURVE('',#3445,#3445,#101,.T.);
#2484=EDGE_CURVE('',#3446,#3447,#4178,.T.);
#2485=EDGE_CURVE('',#3446,#3448,#4179,.T.);
#2486=EDGE_CURVE('',#3449,#3448,#4180,.T.);
#2487=EDGE_CURVE('',#3447,#3449,#4181,.T.);
#2488=EDGE_CURVE('',#3450,#3451,#4182,.T.);
#2489=EDGE_CURVE('',#3452,#3450,#4183,.T.);
#2490=EDGE_CURVE('',#3453,#3452,#4184,.T.);
#2491=EDGE_CURVE('',#3453,#3451,#4185,.T.);
#2492=EDGE_CURVE('',#3454,#3455,#4186,.T.);
#2493=EDGE_CURVE('',#3456,#3454,#4187,.T.);
#2494=EDGE_CURVE('',#3457,#3456,#4188,.T.);
#2495=EDGE_CURVE('',#3457,#3455,#4189,.T.);
#2496=EDGE_CURVE('',#3458,#3459,#4190,.T.);
#2497=EDGE_CURVE('',#3460,#3458,#4191,.T.);
#2498=EDGE_CURVE('',#3461,#3460,#4192,.T.);
#2499=EDGE_CURVE('',#3461,#3459,#4193,.T.);
#2500=EDGE_CURVE('',#3462,#3463,#4194,.T.);
#2501=EDGE_CURVE('',#3464,#3462,#4195,.T.);
#2502=EDGE_CURVE('',#3465,#3464,#4196,.T.);
#2503=EDGE_CURVE('',#3465,#3463,#4197,.T.);
#2504=EDGE_CURVE('',#3466,#3467,#4198,.T.);
#2505=EDGE_CURVE('',#3468,#3466,#4199,.T.);
#2506=EDGE_CURVE('',#3469,#3468,#4200,.T.);
#2507=EDGE_CURVE('',#3469,#3467,#4201,.T.);
#2508=EDGE_CURVE('',#3470,#3471,#4202,.T.);
#2509=EDGE_CURVE('',#3470,#3472,#4203,.T.);
#2510=EDGE_CURVE('',#3473,#3472,#4204,.T.);
#2511=EDGE_CURVE('',#3471,#3473,#4205,.T.);
#2512=EDGE_CURVE('',#3474,#3475,#4206,.T.);
#2513=EDGE_CURVE('',#3476,#3474,#4207,.T.);
#2514=EDGE_CURVE('',#3477,#3476,#4208,.T.);
#2515=EDGE_CURVE('',#3477,#3475,#4209,.T.);
#2516=EDGE_CURVE('',#3478,#3479,#4210,.T.);
#2517=EDGE_CURVE('',#3480,#3478,#4211,.T.);
#2518=EDGE_CURVE('',#3481,#3480,#4212,.T.);
#2519=EDGE_CURVE('',#3481,#3479,#4213,.T.);
#2520=EDGE_CURVE('',#3482,#3483,#4214,.T.);
#2521=EDGE_CURVE('',#3484,#3482,#4215,.T.);
#2522=EDGE_CURVE('',#3485,#3484,#4216,.T.);
#2523=EDGE_CURVE('',#3485,#3483,#4217,.T.);
#2524=EDGE_CURVE('',#3486,#3487,#4218,.T.);
#2525=EDGE_CURVE('',#3488,#3486,#4219,.T.);
#2526=EDGE_CURVE('',#3489,#3488,#4220,.T.);
#2527=EDGE_CURVE('',#3489,#3487,#4221,.T.);
#2528=EDGE_CURVE('',#3490,#3491,#4222,.T.);
#2529=EDGE_CURVE('',#3492,#3490,#4223,.T.);
#2530=EDGE_CURVE('',#3493,#3492,#4224,.T.);
#2531=EDGE_CURVE('',#3493,#3491,#4225,.T.);
#2532=EDGE_CURVE('',#3472,#3494,#4226,.T.);
#2533=EDGE_CURVE('',#3495,#3470,#4227,.T.);
#2534=EDGE_CURVE('',#3495,#3494,#4228,.T.);
#2535=EDGE_CURVE('',#3475,#3496,#4229,.T.);
#2536=EDGE_CURVE('',#3497,#3477,#4230,.T.);
#2537=EDGE_CURVE('',#3497,#3496,#4231,.T.);
#2538=EDGE_CURVE('',#3479,#3498,#4232,.T.);
#2539=EDGE_CURVE('',#3499,#3481,#4233,.T.);
#2540=EDGE_CURVE('',#3499,#3498,#4234,.T.);
#2541=EDGE_CURVE('',#3483,#3500,#4235,.T.);
#2542=EDGE_CURVE('',#3501,#3485,#4236,.T.);
#2543=EDGE_CURVE('',#3501,#3500,#4237,.T.);
#2544=EDGE_CURVE('',#3487,#3502,#4238,.T.);
#2545=EDGE_CURVE('',#3503,#3489,#4239,.T.);
#2546=EDGE_CURVE('',#3503,#3502,#4240,.T.);
#2547=EDGE_CURVE('',#3491,#3504,#4241,.T.);
#2548=EDGE_CURVE('',#3505,#3493,#4242,.T.);
#2549=EDGE_CURVE('',#3505,#3504,#4243,.T.);
#2550=EDGE_CURVE('',#3494,#3506,#4244,.T.);
#2551=EDGE_CURVE('',#3495,#3507,#4245,.T.);
#2552=EDGE_CURVE('',#3507,#3506,#4246,.T.);
#2553=EDGE_CURVE('',#3496,#3508,#4247,.T.);
#2554=EDGE_CURVE('',#3497,#3509,#4248,.T.);
#2555=EDGE_CURVE('',#3509,#3508,#4249,.T.);
#2556=EDGE_CURVE('',#3498,#3510,#4250,.T.);
#2557=EDGE_CURVE('',#3499,#3511,#4251,.T.);
#2558=EDGE_CURVE('',#3511,#3510,#4252,.T.);
#2559=EDGE_CURVE('',#3500,#3512,#4253,.T.);
#2560=EDGE_CURVE('',#3501,#3513,#4254,.T.);
#2561=EDGE_CURVE('',#3513,#3512,#4255,.T.);
#2562=EDGE_CURVE('',#3502,#3514,#4256,.T.);
#2563=EDGE_CURVE('',#3503,#3515,#4257,.T.);
#2564=EDGE_CURVE('',#3515,#3514,#4258,.T.);
#2565=EDGE_CURVE('',#3504,#3516,#4259,.T.);
#2566=EDGE_CURVE('',#3505,#3517,#4260,.T.);
#2567=EDGE_CURVE('',#3517,#3516,#4261,.T.);
#2568=EDGE_CURVE('',#3506,#3518,#4262,.T.);
#2569=EDGE_CURVE('',#3519,#3507,#4263,.T.);
#2570=EDGE_CURVE('',#3519,#3518,#4264,.T.);
#2571=EDGE_CURVE('',#3508,#3520,#4265,.T.);
#2572=EDGE_CURVE('',#3521,#3509,#4266,.T.);
#2573=EDGE_CURVE('',#3521,#3520,#4267,.T.);
#2574=EDGE_CURVE('',#3510,#3522,#4268,.T.);
#2575=EDGE_CURVE('',#3523,#3511,#4269,.T.);
#2576=EDGE_CURVE('',#3523,#3522,#4270,.T.);
#2577=EDGE_CURVE('',#3512,#3524,#4271,.T.);
#2578=EDGE_CURVE('',#3525,#3513,#4272,.T.);
#2579=EDGE_CURVE('',#3525,#3524,#4273,.T.);
#2580=EDGE_CURVE('',#3514,#3526,#4274,.T.);
#2581=EDGE_CURVE('',#3527,#3515,#4275,.T.);
#2582=EDGE_CURVE('',#3527,#3526,#4276,.T.);
#2583=EDGE_CURVE('',#3516,#3528,#4277,.T.);
#2584=EDGE_CURVE('',#3529,#3517,#4278,.T.);
#2585=EDGE_CURVE('',#3529,#3528,#4279,.T.);
#2586=EDGE_CURVE('',#3530,#3519,#4280,.T.);
#2587=EDGE_CURVE('',#3530,#3531,#4281,.T.);
#2588=EDGE_CURVE('',#3518,#3531,#4282,.T.);
#2589=EDGE_CURVE('',#3520,#3532,#4283,.T.);
#2590=EDGE_CURVE('',#3533,#3521,#4284,.T.);
#2591=EDGE_CURVE('',#3533,#3532,#4285,.T.);
#2592=EDGE_CURVE('',#3522,#3534,#4286,.T.);
#2593=EDGE_CURVE('',#3535,#3523,#4287,.T.);
#2594=EDGE_CURVE('',#3535,#3534,#4288,.T.);
#2595=EDGE_CURVE('',#3524,#3536,#4289,.T.);
#2596=EDGE_CURVE('',#3537,#3525,#4290,.T.);
#2597=EDGE_CURVE('',#3537,#3536,#4291,.T.);
#2598=EDGE_CURVE('',#3526,#3538,#4292,.T.);
#2599=EDGE_CURVE('',#3539,#3527,#4293,.T.);
#2600=EDGE_CURVE('',#3539,#3538,#4294,.T.);
#2601=EDGE_CURVE('',#3528,#3540,#4295,.T.);
#2602=EDGE_CURVE('',#3541,#3529,#4296,.T.);
#2603=EDGE_CURVE('',#3541,#3540,#4297,.T.);
#2604=EDGE_CURVE('',#3542,#3543,#4298,.T.);
#2605=EDGE_CURVE('',#3542,#3544,#4299,.T.);
#2606=EDGE_CURVE('',#3545,#3544,#4300,.T.);
#2607=EDGE_CURVE('',#3543,#3545,#4301,.T.);
#2608=EDGE_CURVE('',#3546,#3547,#4302,.T.);
#2609=EDGE_CURVE('',#3548,#3546,#4303,.T.);
#2610=EDGE_CURVE('',#3549,#3548,#4304,.T.);
#2611=EDGE_CURVE('',#3549,#3547,#4305,.T.);
#2612=EDGE_CURVE('',#3550,#3551,#4306,.T.);
#2613=EDGE_CURVE('',#3552,#3550,#4307,.T.);
#2614=EDGE_CURVE('',#3553,#3552,#4308,.T.);
#2615=EDGE_CURVE('',#3553,#3551,#4309,.T.);
#2616=EDGE_CURVE('',#3554,#3555,#4310,.T.);
#2617=EDGE_CURVE('',#3556,#3554,#4311,.T.);
#2618=EDGE_CURVE('',#3557,#3556,#4312,.T.);
#2619=EDGE_CURVE('',#3557,#3555,#4313,.T.);
#2620=EDGE_CURVE('',#3558,#3559,#4314,.T.);
#2621=EDGE_CURVE('',#3560,#3558,#4315,.T.);
#2622=EDGE_CURVE('',#3561,#3560,#4316,.T.);
#2623=EDGE_CURVE('',#3561,#3559,#4317,.T.);
#2624=EDGE_CURVE('',#3562,#3563,#4318,.T.);
#2625=EDGE_CURVE('',#3564,#3562,#4319,.T.);
#2626=EDGE_CURVE('',#3565,#3564,#4320,.T.);
#2627=EDGE_CURVE('',#3565,#3563,#4321,.T.);
#2628=EDGE_CURVE('',#3544,#3566,#4322,.T.);
#2629=EDGE_CURVE('',#3567,#3542,#4323,.T.);
#2630=EDGE_CURVE('',#3567,#3566,#4324,.T.);
#2631=EDGE_CURVE('',#3547,#3568,#4325,.T.);
#2632=EDGE_CURVE('',#3569,#3549,#4326,.T.);
#2633=EDGE_CURVE('',#3569,#3568,#4327,.T.);
#2634=EDGE_CURVE('',#3551,#3570,#4328,.T.);
#2635=EDGE_CURVE('',#3571,#3553,#4329,.T.);
#2636=EDGE_CURVE('',#3571,#3570,#4330,.T.);
#2637=EDGE_CURVE('',#3555,#3572,#4331,.T.);
#2638=EDGE_CURVE('',#3573,#3557,#4332,.T.);
#2639=EDGE_CURVE('',#3573,#3572,#4333,.T.);
#2640=EDGE_CURVE('',#3559,#3574,#4334,.T.);
#2641=EDGE_CURVE('',#3575,#3561,#4335,.T.);
#2642=EDGE_CURVE('',#3575,#3574,#4336,.T.);
#2643=EDGE_CURVE('',#3563,#3576,#4337,.T.);
#2644=EDGE_CURVE('',#3577,#3565,#4338,.T.);
#2645=EDGE_CURVE('',#3577,#3576,#4339,.T.);
#2646=EDGE_CURVE('',#3566,#3578,#4340,.T.);
#2647=EDGE_CURVE('',#3567,#3579,#4341,.T.);
#2648=EDGE_CURVE('',#3579,#3578,#4342,.T.);
#2649=EDGE_CURVE('',#3568,#3580,#4343,.T.);
#2650=EDGE_CURVE('',#3569,#3581,#4344,.T.);
#2651=EDGE_CURVE('',#3581,#3580,#4345,.T.);
#2652=EDGE_CURVE('',#3570,#3582,#4346,.T.);
#2653=EDGE_CURVE('',#3571,#3583,#4347,.T.);
#2654=EDGE_CURVE('',#3583,#3582,#4348,.T.);
#2655=EDGE_CURVE('',#3572,#3584,#4349,.T.);
#2656=EDGE_CURVE('',#3573,#3585,#4350,.T.);
#2657=EDGE_CURVE('',#3585,#3584,#4351,.T.);
#2658=EDGE_CURVE('',#3574,#3586,#4352,.T.);
#2659=EDGE_CURVE('',#3575,#3587,#4353,.T.);
#2660=EDGE_CURVE('',#3587,#3586,#4354,.T.);
#2661=EDGE_CURVE('',#3576,#3588,#4355,.T.);
#2662=EDGE_CURVE('',#3577,#3589,#4356,.T.);
#2663=EDGE_CURVE('',#3589,#3588,#4357,.T.);
#2664=EDGE_CURVE('',#3578,#3449,#4358,.T.);
#2665=EDGE_CURVE('',#3447,#3579,#4359,.T.);
#2666=EDGE_CURVE('',#3580,#3450,#4360,.T.);
#2667=EDGE_CURVE('',#3452,#3581,#4361,.T.);
#2668=EDGE_CURVE('',#3582,#3454,#4362,.T.);
#2669=EDGE_CURVE('',#3456,#3583,#4363,.T.);
#2670=EDGE_CURVE('',#3584,#3458,#4364,.T.);
#2671=EDGE_CURVE('',#3460,#3585,#4365,.T.);
#2672=EDGE_CURVE('',#3586,#3462,#4366,.T.);
#2673=EDGE_CURVE('',#3464,#3587,#4367,.T.);
#2674=EDGE_CURVE('',#3588,#3466,#4368,.T.);
#2675=EDGE_CURVE('',#3468,#3589,#4369,.T.);
#2676=EDGE_CURVE('',#3590,#3591,#4370,.T.);
#2677=EDGE_CURVE('',#3592,#3590,#4371,.T.);
#2678=EDGE_CURVE('',#3592,#3593,#4372,.T.);
#2679=EDGE_CURVE('',#3593,#3591,#4373,.T.);
#2680=EDGE_CURVE('',#3594,#3446,#4374,.T.);
#2681=EDGE_CURVE('',#3595,#3594,#4375,.T.);
#2682=EDGE_CURVE('',#3451,#3595,#4376,.T.);
#2683=EDGE_CURVE('',#3596,#3453,#4377,.T.);
#2684=EDGE_CURVE('',#3597,#3596,#4378,.T.);
#2685=EDGE_CURVE('',#3455,#3597,#4379,.T.);
#2686=EDGE_CURVE('',#3598,#3457,#4380,.T.);
#2687=EDGE_CURVE('',#3599,#3598,#4381,.T.);
#2688=EDGE_CURVE('',#3459,#3599,#4382,.T.);
#2689=EDGE_CURVE('',#3600,#3461,#4383,.T.);
#2690=EDGE_CURVE('',#3601,#3600,#4384,.T.);
#2691=EDGE_CURVE('',#3463,#3601,#4385,.T.);
#2692=EDGE_CURVE('',#3602,#3465,#4386,.T.);
#2693=EDGE_CURVE('',#3603,#3602,#4387,.T.);
#2694=EDGE_CURVE('',#3467,#3603,#4388,.T.);
#2695=EDGE_CURVE('',#3604,#3469,#4389,.T.);
#2696=EDGE_CURVE('',#3605,#3604,#4390,.T.);
#2697=EDGE_CURVE('',#3591,#3605,#4391,.T.);
#2698=EDGE_CURVE('',#3593,#3606,#4392,.T.);
#2699=EDGE_CURVE('',#3606,#3607,#4393,.T.);
#2700=EDGE_CURVE('',#3448,#3607,#4394,.T.);
#2701=EDGE_CURVE('',#3471,#3608,#4395,.T.);
#2702=EDGE_CURVE('',#3607,#3473,#4396,.T.);
#2703=EDGE_CURVE('',#3606,#3609,#4397,.T.);
#2704=EDGE_CURVE('',#3609,#3610,#4398,.T.);
#2705=EDGE_CURVE('',#3611,#3610,#4399,.T.);
#2706=EDGE_CURVE('',#3612,#3611,#4400,.T.);
#2707=EDGE_CURVE('',#3492,#3612,#4401,.T.);
#2708=EDGE_CURVE('',#3613,#3490,#4402,.T.);
#2709=EDGE_CURVE('',#3614,#3613,#4403,.T.);
#2710=EDGE_CURVE('',#3488,#3614,#4404,.T.);
#2711=EDGE_CURVE('',#3615,#3486,#4405,.T.);
#2712=EDGE_CURVE('',#3616,#3615,#4406,.T.);
#2713=EDGE_CURVE('',#3484,#3616,#4407,.T.);
#2714=EDGE_CURVE('',#3617,#3482,#4408,.T.);
#2715=EDGE_CURVE('',#3618,#3617,#4409,.T.);
#2716=EDGE_CURVE('',#3480,#3618,#4410,.T.);
#2717=EDGE_CURVE('',#3619,#3478,#4411,.T.);
#2718=EDGE_CURVE('',#3620,#3619,#4412,.T.);
#2719=EDGE_CURVE('',#3476,#3620,#4413,.T.);
#2720=EDGE_CURVE('',#3621,#3474,#4414,.T.);
#2721=EDGE_CURVE('',#3608,#3621,#4415,.T.);
#2722=EDGE_CURVE('',#3610,#3622,#4416,.T.);
#2723=EDGE_CURVE('',#3609,#3623,#4417,.T.);
#2724=EDGE_CURVE('',#3623,#3622,#4418,.T.);
#2725=EDGE_CURVE('',#3622,#3624,#4419,.T.);
#2726=EDGE_CURVE('',#3625,#3623,#4420,.T.);
#2727=EDGE_CURVE('',#3625,#3624,#4421,.T.);
#2728=EDGE_CURVE('',#3624,#3626,#4422,.T.);
#2729=EDGE_CURVE('',#3625,#3627,#4423,.T.);
#2730=EDGE_CURVE('',#3627,#3626,#4424,.T.);
#2731=EDGE_CURVE('',#3626,#3628,#4425,.T.);
#2732=EDGE_CURVE('',#3629,#3627,#4426,.T.);
#2733=EDGE_CURVE('',#3629,#3628,#4427,.T.);
#2734=EDGE_CURVE('',#3628,#3630,#4428,.T.);
#2735=EDGE_CURVE('',#3629,#3631,#4429,.T.);
#2736=EDGE_CURVE('',#3631,#3630,#4430,.T.);
#2737=EDGE_CURVE('',#3632,#3633,#4431,.T.);
#2738=EDGE_CURVE('',#3633,#3605,#4432,.T.);
#2739=EDGE_CURVE('',#3564,#3604,#4433,.T.);
#2740=EDGE_CURVE('',#3562,#3603,#4434,.T.);
#2741=EDGE_CURVE('',#3560,#3602,#4435,.T.);
#2742=EDGE_CURVE('',#3558,#3601,#4436,.T.);
#2743=EDGE_CURVE('',#3556,#3600,#4437,.T.);
#2744=EDGE_CURVE('',#3554,#3599,#4438,.T.);
#2745=EDGE_CURVE('',#3552,#3598,#4439,.T.);
#2746=EDGE_CURVE('',#3550,#3597,#4440,.T.);
#2747=EDGE_CURVE('',#3548,#3596,#4441,.T.);
#2748=EDGE_CURVE('',#3546,#3595,#4442,.T.);
#2749=EDGE_CURVE('',#3543,#3594,#4443,.T.);
#2750=EDGE_CURVE('',#3531,#3545,#4444,.T.);
#2751=EDGE_CURVE('',#3608,#3530,#4445,.T.);
#2752=EDGE_CURVE('',#3621,#3532,#4446,.T.);
#2753=EDGE_CURVE('',#3620,#3533,#4447,.T.);
#2754=EDGE_CURVE('',#3619,#3534,#4448,.T.);
#2755=EDGE_CURVE('',#3618,#3535,#4449,.T.);
#2756=EDGE_CURVE('',#3617,#3536,#4450,.T.);
#2757=EDGE_CURVE('',#3616,#3537,#4451,.T.);
#2758=EDGE_CURVE('',#3615,#3538,#4452,.T.);
#2759=EDGE_CURVE('',#3614,#3539,#4453,.T.);
#2760=EDGE_CURVE('',#3613,#3540,#4454,.T.);
#2761=EDGE_CURVE('',#3612,#3541,#4455,.T.);
#2762=EDGE_CURVE('',#3611,#3630,#4456,.T.);
#2763=EDGE_CURVE('',#3631,#3632,#4457,.T.);
#2764=EDGE_CURVE('',#3633,#3634,#4458,.T.);
#2765=EDGE_CURVE('',#3632,#3635,#4459,.T.);
#2766=EDGE_CURVE('',#3635,#3634,#4460,.T.);
#2767=EDGE_CURVE('',#3634,#3636,#4461,.T.);
#2768=EDGE_CURVE('',#3637,#3635,#4462,.T.);
#2769=EDGE_CURVE('',#3637,#3636,#4463,.T.);
#2770=EDGE_CURVE('',#3636,#3638,#4464,.T.);
#2771=EDGE_CURVE('',#3637,#3639,#4465,.T.);
#2772=EDGE_CURVE('',#3639,#3638,#4466,.T.);
#2773=EDGE_CURVE('',#3638,#3590,#4467,.T.);
#2774=EDGE_CURVE('',#3592,#3639,#4468,.T.);
#2775=EDGE_CURVE('',#3623,#3629,#4469,.T.);
#2776=EDGE_CURVE('',#3635,#3592,#4470,.T.);
#2777=EDGE_CURVE('',#3472,#3518,#4471,.T.);
#2778=EDGE_CURVE('',#3544,#3449,#4472,.T.);
#2779=EDGE_CURVE('',#3565,#3468,#4473,.T.);
#2780=EDGE_CURVE('',#3634,#3590,#4474,.T.);
#2781=EDGE_CURVE('',#3561,#3464,#4475,.T.);
#2782=EDGE_CURVE('',#3563,#3466,#4476,.T.);
#2783=EDGE_CURVE('',#3557,#3460,#4477,.T.);
#2784=EDGE_CURVE('',#3559,#3462,#4478,.T.);
#2785=EDGE_CURVE('',#3553,#3456,#4479,.T.);
#2786=EDGE_CURVE('',#3555,#3458,#4480,.T.);
#2787=EDGE_CURVE('',#3549,#3452,#4481,.T.);
#2788=EDGE_CURVE('',#3551,#3454,#4482,.T.);
#2789=EDGE_CURVE('',#3542,#3447,#4483,.T.);
#2790=EDGE_CURVE('',#3547,#3450,#4484,.T.);
#2791=EDGE_CURVE('',#3622,#3628,#4485,.T.);
#2792=EDGE_CURVE('',#3493,#3529,#4486,.T.);
#2793=EDGE_CURVE('',#3491,#3528,#4487,.T.);
#2794=EDGE_CURVE('',#3489,#3527,#4488,.T.);
#2795=EDGE_CURVE('',#3487,#3526,#4489,.T.);
#2796=EDGE_CURVE('',#3485,#3525,#4490,.T.);
#2797=EDGE_CURVE('',#3483,#3524,#4491,.T.);
#2798=EDGE_CURVE('',#3481,#3523,#4492,.T.);
#2799=EDGE_CURVE('',#3479,#3522,#4493,.T.);
#2800=EDGE_CURVE('',#3477,#3521,#4494,.T.);
#2801=EDGE_CURVE('',#3470,#3519,#4495,.T.);
#2802=EDGE_CURVE('',#3475,#3520,#4496,.T.);
#2803=EDGE_CURVE('',#3640,#3641,#4497,.T.);
#2804=EDGE_CURVE('',#3642,#3640,#4498,.T.);
#2805=EDGE_CURVE('',#3642,#3643,#4499,.T.);
#2806=EDGE_CURVE('',#3643,#3641,#4500,.T.);
#2807=EDGE_CURVE('',#3644,#3645,#4501,.T.);
#2808=EDGE_CURVE('',#3644,#3646,#4502,.T.);
#2809=EDGE_CURVE('',#3647,#3646,#4503,.T.);
#2810=EDGE_CURVE('',#3645,#3647,#4504,.T.);
#2811=EDGE_CURVE('',#3648,#3649,#4505,.T.);
#2812=EDGE_CURVE('',#3648,#3650,#4506,.T.);
#2813=EDGE_CURVE('',#3651,#3650,#4507,.T.);
#2814=EDGE_CURVE('',#3649,#3651,#4508,.T.);
#2815=EDGE_CURVE('',#3652,#3653,#4509,.T.);
#2816=EDGE_CURVE('',#3652,#3654,#4510,.T.);
#2817=EDGE_CURVE('',#3655,#3654,#4511,.T.);
#2818=EDGE_CURVE('',#3653,#3655,#4512,.T.);
#2819=EDGE_CURVE('',#3656,#3657,#4513,.T.);
#2820=EDGE_CURVE('',#3656,#3658,#4514,.T.);
#2821=EDGE_CURVE('',#3659,#3658,#4515,.T.);
#2822=EDGE_CURVE('',#3657,#3659,#4516,.T.);
#2823=EDGE_CURVE('',#3660,#3661,#4517,.T.);
#2824=EDGE_CURVE('',#3660,#3662,#4518,.T.);
#2825=EDGE_CURVE('',#3663,#3662,#4519,.T.);
#2826=EDGE_CURVE('',#3661,#3663,#4520,.T.);
#2827=EDGE_CURVE('',#3641,#3664,#102,.F.);
#2828=EDGE_CURVE('',#3643,#3665,#103,.T.);
#2829=EDGE_CURVE('',#3665,#3664,#4521,.T.);
#2830=EDGE_CURVE('',#3666,#3644,#104,.F.);
#2831=EDGE_CURVE('',#3666,#3667,#4522,.T.);
#2832=EDGE_CURVE('',#3646,#3667,#105,.F.);
#2833=EDGE_CURVE('',#3668,#3648,#106,.F.);
#2834=EDGE_CURVE('',#3668,#3669,#4523,.T.);
#2835=EDGE_CURVE('',#3650,#3669,#107,.F.);
#2836=EDGE_CURVE('',#3670,#3652,#108,.F.);
#2837=EDGE_CURVE('',#3670,#3671,#4524,.T.);
#2838=EDGE_CURVE('',#3654,#3671,#109,.F.);
#2839=EDGE_CURVE('',#3672,#3656,#110,.F.);
#2840=EDGE_CURVE('',#3672,#3673,#4525,.T.);
#2841=EDGE_CURVE('',#3658,#3673,#111,.F.);
#2842=EDGE_CURVE('',#3674,#3660,#112,.F.);
#2843=EDGE_CURVE('',#3674,#3675,#4526,.T.);
#2844=EDGE_CURVE('',#3662,#3675,#113,.F.);
#2845=EDGE_CURVE('',#3664,#3676,#4527,.T.);
#2846=EDGE_CURVE('',#3665,#3677,#4528,.T.);
#2847=EDGE_CURVE('',#3677,#3676,#4529,.T.);
#2848=EDGE_CURVE('',#3678,#3666,#4530,.T.);
#2849=EDGE_CURVE('',#3678,#3679,#4531,.T.);
#2850=EDGE_CURVE('',#3667,#3679,#4532,.T.);
#2851=EDGE_CURVE('',#3680,#3668,#4533,.T.);
#2852=EDGE_CURVE('',#3680,#3681,#4534,.T.);
#2853=EDGE_CURVE('',#3669,#3681,#4535,.T.);
#2854=EDGE_CURVE('',#3682,#3670,#4536,.T.);
#2855=EDGE_CURVE('',#3682,#3683,#4537,.T.);
#2856=EDGE_CURVE('',#3671,#3683,#4538,.T.);
#2857=EDGE_CURVE('',#3684,#3672,#4539,.T.);
#2858=EDGE_CURVE('',#3684,#3685,#4540,.T.);
#2859=EDGE_CURVE('',#3673,#3685,#4541,.T.);
#2860=EDGE_CURVE('',#3686,#3674,#4542,.T.);
#2861=EDGE_CURVE('',#3686,#3687,#4543,.T.);
#2862=EDGE_CURVE('',#3675,#3687,#4544,.T.);
#2863=EDGE_CURVE('',#3688,#3689,#4545,.T.);
#2864=EDGE_CURVE('',#3689,#3676,#114,.F.);
#2865=EDGE_CURVE('',#3688,#3677,#115,.T.);
#2866=EDGE_CURVE('',#3678,#3690,#116,.F.);
#2867=EDGE_CURVE('',#3690,#3691,#4546,.T.);
#2868=EDGE_CURVE('',#3691,#3679,#117,.F.);
#2869=EDGE_CURVE('',#3680,#3692,#118,.F.);
#2870=EDGE_CURVE('',#3692,#3693,#4547,.T.);
#2871=EDGE_CURVE('',#3693,#3681,#119,.F.);
#2872=EDGE_CURVE('',#3682,#3694,#120,.F.);
#2873=EDGE_CURVE('',#3694,#3695,#4548,.T.);
#2874=EDGE_CURVE('',#3695,#3683,#121,.F.);
#2875=EDGE_CURVE('',#3684,#3696,#122,.F.);
#2876=EDGE_CURVE('',#3696,#3697,#4549,.T.);
#2877=EDGE_CURVE('',#3697,#3685,#123,.F.);
#2878=EDGE_CURVE('',#3686,#3698,#124,.F.);
#2879=EDGE_CURVE('',#3698,#3699,#4550,.T.);
#2880=EDGE_CURVE('',#3699,#3687,#125,.F.);
#2881=EDGE_CURVE('',#3689,#3700,#4551,.T.);
#2882=EDGE_CURVE('',#3688,#3701,#4552,.T.);
#2883=EDGE_CURVE('',#3701,#3700,#4553,.T.);
#2884=EDGE_CURVE('',#3702,#3690,#4554,.T.);
#2885=EDGE_CURVE('',#3702,#3703,#4555,.T.);
#2886=EDGE_CURVE('',#3691,#3703,#4556,.T.);
#2887=EDGE_CURVE('',#3704,#3692,#4557,.T.);
#2888=EDGE_CURVE('',#3704,#3705,#4558,.T.);
#2889=EDGE_CURVE('',#3693,#3705,#4559,.T.);
#2890=EDGE_CURVE('',#3706,#3694,#4560,.T.);
#2891=EDGE_CURVE('',#3706,#3707,#4561,.T.);
#2892=EDGE_CURVE('',#3695,#3707,#4562,.T.);
#2893=EDGE_CURVE('',#3708,#3696,#4563,.T.);
#2894=EDGE_CURVE('',#3708,#3709,#4564,.T.);
#2895=EDGE_CURVE('',#3697,#3709,#4565,.T.);
#2896=EDGE_CURVE('',#3710,#3698,#4566,.T.);
#2897=EDGE_CURVE('',#3710,#3711,#4567,.T.);
#2898=EDGE_CURVE('',#3699,#3711,#4568,.T.);
#2899=EDGE_CURVE('',#3700,#3712,#4569,.T.);
#2900=EDGE_CURVE('',#3701,#3713,#4570,.T.);
#2901=EDGE_CURVE('',#3713,#3712,#4571,.T.);
#2902=EDGE_CURVE('',#3714,#3702,#4572,.T.);
#2903=EDGE_CURVE('',#3714,#3715,#4573,.T.);
#2904=EDGE_CURVE('',#3703,#3715,#4574,.T.);
#2905=EDGE_CURVE('',#3716,#3704,#4575,.T.);
#2906=EDGE_CURVE('',#3716,#3717,#4576,.T.);
#2907=EDGE_CURVE('',#3705,#3717,#4577,.T.);
#2908=EDGE_CURVE('',#3718,#3706,#4578,.T.);
#2909=EDGE_CURVE('',#3718,#3719,#4579,.T.);
#2910=EDGE_CURVE('',#3707,#3719,#4580,.T.);
#2911=EDGE_CURVE('',#3720,#3708,#4581,.T.);
#2912=EDGE_CURVE('',#3720,#3721,#4582,.T.);
#2913=EDGE_CURVE('',#3709,#3721,#4583,.T.);
#2914=EDGE_CURVE('',#3722,#3710,#4584,.T.);
#2915=EDGE_CURVE('',#3722,#3723,#4585,.T.);
#2916=EDGE_CURVE('',#3711,#3723,#4586,.T.);
#2917=EDGE_CURVE('',#3712,#3724,#4587,.T.);
#2918=EDGE_CURVE('',#3713,#3725,#4588,.T.);
#2919=EDGE_CURVE('',#3725,#3724,#4589,.T.);
#2920=EDGE_CURVE('',#3726,#3714,#4590,.T.);
#2921=EDGE_CURVE('',#3726,#3727,#4591,.T.);
#2922=EDGE_CURVE('',#3715,#3727,#4592,.T.);
#2923=EDGE_CURVE('',#3728,#3716,#4593,.T.);
#2924=EDGE_CURVE('',#3728,#3729,#4594,.T.);
#2925=EDGE_CURVE('',#3717,#3729,#4595,.T.);
#2926=EDGE_CURVE('',#3730,#3718,#4596,.T.);
#2927=EDGE_CURVE('',#3730,#3731,#4597,.T.);
#2928=EDGE_CURVE('',#3719,#3731,#4598,.T.);
#2929=EDGE_CURVE('',#3732,#3720,#4599,.T.);
#2930=EDGE_CURVE('',#3732,#3733,#4600,.T.);
#2931=EDGE_CURVE('',#3721,#3733,#4601,.T.);
#2932=EDGE_CURVE('',#3734,#3722,#4602,.T.);
#2933=EDGE_CURVE('',#3734,#3735,#4603,.T.);
#2934=EDGE_CURVE('',#3723,#3735,#4604,.T.);
#2935=EDGE_CURVE('',#3724,#3736,#126,.F.);
#2936=EDGE_CURVE('',#3725,#3737,#127,.T.);
#2937=EDGE_CURVE('',#3737,#3736,#4605,.T.);
#2938=EDGE_CURVE('',#3738,#3726,#128,.F.);
#2939=EDGE_CURVE('',#3738,#3739,#4606,.T.);
#2940=EDGE_CURVE('',#3727,#3739,#129,.F.);
#2941=EDGE_CURVE('',#3740,#3728,#130,.F.);
#2942=EDGE_CURVE('',#3740,#3741,#4607,.T.);
#2943=EDGE_CURVE('',#3729,#3741,#131,.F.);
#2944=EDGE_CURVE('',#3742,#3730,#132,.F.);
#2945=EDGE_CURVE('',#3742,#3743,#4608,.T.);
#2946=EDGE_CURVE('',#3731,#3743,#133,.F.);
#2947=EDGE_CURVE('',#3744,#3732,#134,.F.);
#2948=EDGE_CURVE('',#3744,#3745,#4609,.T.);
#2949=EDGE_CURVE('',#3733,#3745,#135,.F.);
#2950=EDGE_CURVE('',#3746,#3734,#136,.F.);
#2951=EDGE_CURVE('',#3746,#3747,#4610,.T.);
#2952=EDGE_CURVE('',#3735,#3747,#137,.F.);
#2953=EDGE_CURVE('',#3736,#3748,#4611,.T.);
#2954=EDGE_CURVE('',#3737,#3749,#4612,.T.);
#2955=EDGE_CURVE('',#3749,#3748,#4613,.T.);
#2956=EDGE_CURVE('',#3750,#3738,#4614,.T.);
#2957=EDGE_CURVE('',#3750,#3751,#4615,.T.);
#2958=EDGE_CURVE('',#3739,#3751,#4616,.T.);
#2959=EDGE_CURVE('',#3752,#3740,#4617,.T.);
#2960=EDGE_CURVE('',#3752,#3753,#4618,.T.);
#2961=EDGE_CURVE('',#3741,#3753,#4619,.T.);
#2962=EDGE_CURVE('',#3754,#3742,#4620,.T.);
#2963=EDGE_CURVE('',#3754,#3755,#4621,.T.);
#2964=EDGE_CURVE('',#3743,#3755,#4622,.T.);
#2965=EDGE_CURVE('',#3756,#3744,#4623,.T.);
#2966=EDGE_CURVE('',#3756,#3757,#4624,.T.);
#2967=EDGE_CURVE('',#3745,#3757,#4625,.T.);
#2968=EDGE_CURVE('',#3758,#3746,#4626,.T.);
#2969=EDGE_CURVE('',#3758,#3759,#4627,.T.);
#2970=EDGE_CURVE('',#3747,#3759,#4628,.T.);
#2971=EDGE_CURVE('',#3760,#3761,#4629,.T.);
#2972=EDGE_CURVE('',#3761,#3748,#138,.F.);
#2973=EDGE_CURVE('',#3760,#3749,#139,.T.);
#2974=EDGE_CURVE('',#3750,#3762,#140,.F.);
#2975=EDGE_CURVE('',#3762,#3763,#4630,.T.);
#2976=EDGE_CURVE('',#3763,#3751,#141,.F.);
#2977=EDGE_CURVE('',#3752,#3764,#142,.F.);
#2978=EDGE_CURVE('',#3764,#3765,#4631,.T.);
#2979=EDGE_CURVE('',#3765,#3753,#143,.F.);
#2980=EDGE_CURVE('',#3754,#3766,#144,.F.);
#2981=EDGE_CURVE('',#3766,#3767,#4632,.T.);
#2982=EDGE_CURVE('',#3767,#3755,#145,.F.);
#2983=EDGE_CURVE('',#3756,#3768,#146,.F.);
#2984=EDGE_CURVE('',#3768,#3769,#4633,.T.);
#2985=EDGE_CURVE('',#3769,#3757,#147,.F.);
#2986=EDGE_CURVE('',#3758,#3770,#148,.F.);
#2987=EDGE_CURVE('',#3770,#3771,#4634,.T.);
#2988=EDGE_CURVE('',#3771,#3759,#149,.F.);
#2989=EDGE_CURVE('',#3761,#3772,#4635,.T.);
#2990=EDGE_CURVE('',#3760,#3773,#4636,.T.);
#2991=EDGE_CURVE('',#3773,#3772,#4637,.T.);
#2992=EDGE_CURVE('',#3774,#3762,#4638,.T.);
#2993=EDGE_CURVE('',#3774,#3775,#4639,.T.);
#2994=EDGE_CURVE('',#3763,#3775,#4640,.T.);
#2995=EDGE_CURVE('',#3776,#3764,#4641,.T.);
#2996=EDGE_CURVE('',#3776,#3777,#4642,.T.);
#2997=EDGE_CURVE('',#3765,#3777,#4643,.T.);
#2998=EDGE_CURVE('',#3778,#3766,#4644,.T.);
#2999=EDGE_CURVE('',#3778,#3779,#4645,.T.);
#3000=EDGE_CURVE('',#3767,#3779,#4646,.T.);
#3001=EDGE_CURVE('',#3780,#3768,#4647,.T.);
#3002=EDGE_CURVE('',#3780,#3781,#4648,.T.);
#3003=EDGE_CURVE('',#3769,#3781,#4649,.T.);
#3004=EDGE_CURVE('',#3782,#3770,#4650,.T.);
#3005=EDGE_CURVE('',#3782,#3783,#4651,.T.);
#3006=EDGE_CURVE('',#3771,#3783,#4652,.T.);
#3007=EDGE_CURVE('',#3784,#3785,#4653,.T.);
#3008=EDGE_CURVE('',#3786,#3784,#4654,.T.);
#3009=EDGE_CURVE('',#3786,#3787,#4655,.T.);
#3010=EDGE_CURVE('',#3787,#3785,#4656,.T.);
#3011=EDGE_CURVE('',#3788,#3789,#4657,.T.);
#3012=EDGE_CURVE('',#3788,#3790,#4658,.T.);
#3013=EDGE_CURVE('',#3791,#3790,#4659,.T.);
#3014=EDGE_CURVE('',#3789,#3791,#4660,.T.);
#3015=EDGE_CURVE('',#3792,#3793,#4661,.T.);
#3016=EDGE_CURVE('',#3792,#3794,#4662,.T.);
#3017=EDGE_CURVE('',#3795,#3794,#4663,.T.);
#3018=EDGE_CURVE('',#3793,#3795,#4664,.T.);
#3019=EDGE_CURVE('',#3796,#3797,#4665,.T.);
#3020=EDGE_CURVE('',#3796,#3798,#4666,.T.);
#3021=EDGE_CURVE('',#3799,#3798,#4667,.T.);
#3022=EDGE_CURVE('',#3797,#3799,#4668,.T.);
#3023=EDGE_CURVE('',#3800,#3801,#4669,.T.);
#3024=EDGE_CURVE('',#3800,#3802,#4670,.T.);
#3025=EDGE_CURVE('',#3803,#3802,#4671,.T.);
#3026=EDGE_CURVE('',#3801,#3803,#4672,.T.);
#3027=EDGE_CURVE('',#3804,#3805,#4673,.T.);
#3028=EDGE_CURVE('',#3804,#3806,#4674,.T.);
#3029=EDGE_CURVE('',#3807,#3806,#4675,.T.);
#3030=EDGE_CURVE('',#3805,#3807,#4676,.T.);
#3031=EDGE_CURVE('',#3785,#3808,#150,.F.);
#3032=EDGE_CURVE('',#3787,#3809,#151,.T.);
#3033=EDGE_CURVE('',#3809,#3808,#4677,.T.);
#3034=EDGE_CURVE('',#3810,#3788,#152,.F.);
#3035=EDGE_CURVE('',#3810,#3811,#4678,.T.);
#3036=EDGE_CURVE('',#3790,#3811,#153,.F.);
#3037=EDGE_CURVE('',#3812,#3792,#154,.F.);
#3038=EDGE_CURVE('',#3812,#3813,#4679,.T.);
#3039=EDGE_CURVE('',#3794,#3813,#155,.F.);
#3040=EDGE_CURVE('',#3814,#3796,#156,.F.);
#3041=EDGE_CURVE('',#3814,#3815,#4680,.T.);
#3042=EDGE_CURVE('',#3798,#3815,#157,.F.);
#3043=EDGE_CURVE('',#3816,#3800,#158,.F.);
#3044=EDGE_CURVE('',#3816,#3817,#4681,.T.);
#3045=EDGE_CURVE('',#3802,#3817,#159,.F.);
#3046=EDGE_CURVE('',#3818,#3804,#160,.F.);
#3047=EDGE_CURVE('',#3818,#3819,#4682,.T.);
#3048=EDGE_CURVE('',#3806,#3819,#161,.F.);
#3049=EDGE_CURVE('',#3820,#3821,#4683,.T.);
#3050=EDGE_CURVE('',#3821,#3808,#162,.F.);
#3051=EDGE_CURVE('',#3820,#3809,#163,.T.);
#3052=EDGE_CURVE('',#3810,#3822,#164,.F.);
#3053=EDGE_CURVE('',#3822,#3823,#4684,.T.);
#3054=EDGE_CURVE('',#3823,#3811,#165,.F.);
#3055=EDGE_CURVE('',#3812,#3824,#166,.F.);
#3056=EDGE_CURVE('',#3824,#3825,#4685,.T.);
#3057=EDGE_CURVE('',#3825,#3813,#167,.F.);
#3058=EDGE_CURVE('',#3814,#3826,#168,.F.);
#3059=EDGE_CURVE('',#3826,#3827,#4686,.T.);
#3060=EDGE_CURVE('',#3827,#3815,#169,.F.);
#3061=EDGE_CURVE('',#3816,#3828,#170,.F.);
#3062=EDGE_CURVE('',#3828,#3829,#4687,.T.);
#3063=EDGE_CURVE('',#3829,#3817,#171,.F.);
#3064=EDGE_CURVE('',#3818,#3830,#172,.F.);
#3065=EDGE_CURVE('',#3830,#3831,#4688,.T.);
#3066=EDGE_CURVE('',#3831,#3819,#173,.F.);
#3067=EDGE_CURVE('',#3821,#3832,#4689,.T.);
#3068=EDGE_CURVE('',#3820,#3833,#4690,.T.);
#3069=EDGE_CURVE('',#3833,#3832,#4691,.T.);
#3070=EDGE_CURVE('',#3834,#3822,#4692,.T.);
#3071=EDGE_CURVE('',#3834,#3835,#4693,.T.);
#3072=EDGE_CURVE('',#3823,#3835,#4694,.T.);
#3073=EDGE_CURVE('',#3836,#3824,#4695,.T.);
#3074=EDGE_CURVE('',#3836,#3837,#4696,.T.);
#3075=EDGE_CURVE('',#3825,#3837,#4697,.T.);
#3076=EDGE_CURVE('',#3838,#3826,#4698,.T.);
#3077=EDGE_CURVE('',#3838,#3839,#4699,.T.);
#3078=EDGE_CURVE('',#3827,#3839,#4700,.T.);
#3079=EDGE_CURVE('',#3840,#3828,#4701,.T.);
#3080=EDGE_CURVE('',#3840,#3841,#4702,.T.);
#3081=EDGE_CURVE('',#3829,#3841,#4703,.T.);
#3082=EDGE_CURVE('',#3842,#3830,#4704,.T.);
#3083=EDGE_CURVE('',#3842,#3843,#4705,.T.);
#3084=EDGE_CURVE('',#3831,#3843,#4706,.T.);
#3085=EDGE_CURVE('',#3832,#3844,#4707,.T.);
#3086=EDGE_CURVE('',#3833,#3845,#4708,.T.);
#3087=EDGE_CURVE('',#3845,#3844,#4709,.T.);
#3088=EDGE_CURVE('',#3846,#3834,#4710,.T.);
#3089=EDGE_CURVE('',#3846,#3847,#4711,.T.);
#3090=EDGE_CURVE('',#3835,#3847,#4712,.T.);
#3091=EDGE_CURVE('',#3848,#3836,#4713,.T.);
#3092=EDGE_CURVE('',#3848,#3849,#4714,.T.);
#3093=EDGE_CURVE('',#3837,#3849,#4715,.T.);
#3094=EDGE_CURVE('',#3850,#3838,#4716,.T.);
#3095=EDGE_CURVE('',#3850,#3851,#4717,.T.);
#3096=EDGE_CURVE('',#3839,#3851,#4718,.T.);
#3097=EDGE_CURVE('',#3852,#3840,#4719,.T.);
#3098=EDGE_CURVE('',#3852,#3853,#4720,.T.);
#3099=EDGE_CURVE('',#3841,#3853,#4721,.T.);
#3100=EDGE_CURVE('',#3854,#3842,#4722,.T.);
#3101=EDGE_CURVE('',#3854,#3855,#4723,.T.);
#3102=EDGE_CURVE('',#3843,#3855,#4724,.T.);
#3103=EDGE_CURVE('',#3844,#3856,#4725,.T.);
#3104=EDGE_CURVE('',#3845,#3857,#4726,.T.);
#3105=EDGE_CURVE('',#3857,#3856,#4727,.T.);
#3106=EDGE_CURVE('',#3858,#3846,#4728,.T.);
#3107=EDGE_CURVE('',#3858,#3859,#4729,.T.);
#3108=EDGE_CURVE('',#3847,#3859,#4730,.T.);
#3109=EDGE_CURVE('',#3860,#3848,#4731,.T.);
#3110=EDGE_CURVE('',#3860,#3861,#4732,.T.);
#3111=EDGE_CURVE('',#3849,#3861,#4733,.T.);
#3112=EDGE_CURVE('',#3862,#3850,#4734,.T.);
#3113=EDGE_CURVE('',#3862,#3863,#4735,.T.);
#3114=EDGE_CURVE('',#3851,#3863,#4736,.T.);
#3115=EDGE_CURVE('',#3864,#3852,#4737,.T.);
#3116=EDGE_CURVE('',#3864,#3865,#4738,.T.);
#3117=EDGE_CURVE('',#3853,#3865,#4739,.T.);
#3118=EDGE_CURVE('',#3866,#3854,#4740,.T.);
#3119=EDGE_CURVE('',#3866,#3867,#4741,.T.);
#3120=EDGE_CURVE('',#3855,#3867,#4742,.T.);
#3121=EDGE_CURVE('',#3856,#3868,#174,.F.);
#3122=EDGE_CURVE('',#3857,#3869,#175,.T.);
#3123=EDGE_CURVE('',#3869,#3868,#4743,.T.);
#3124=EDGE_CURVE('',#3870,#3858,#176,.F.);
#3125=EDGE_CURVE('',#3870,#3871,#4744,.T.);
#3126=EDGE_CURVE('',#3859,#3871,#177,.F.);
#3127=EDGE_CURVE('',#3872,#3860,#178,.F.);
#3128=EDGE_CURVE('',#3872,#3873,#4745,.T.);
#3129=EDGE_CURVE('',#3861,#3873,#179,.F.);
#3130=EDGE_CURVE('',#3874,#3862,#180,.F.);
#3131=EDGE_CURVE('',#3874,#3875,#4746,.T.);
#3132=EDGE_CURVE('',#3863,#3875,#181,.F.);
#3133=EDGE_CURVE('',#3876,#3864,#182,.F.);
#3134=EDGE_CURVE('',#3876,#3877,#4747,.T.);
#3135=EDGE_CURVE('',#3865,#3877,#183,.F.);
#3136=EDGE_CURVE('',#3878,#3866,#184,.F.);
#3137=EDGE_CURVE('',#3878,#3879,#4748,.T.);
#3138=EDGE_CURVE('',#3867,#3879,#185,.F.);
#3139=EDGE_CURVE('',#3880,#3881,#4749,.T.);
#3140=EDGE_CURVE('',#3881,#3868,#186,.F.);
#3141=EDGE_CURVE('',#3880,#3869,#187,.T.);
#3142=EDGE_CURVE('',#3870,#3882,#188,.F.);
#3143=EDGE_CURVE('',#3882,#3883,#4750,.T.);
#3144=EDGE_CURVE('',#3883,#3871,#189,.F.);
#3145=EDGE_CURVE('',#3872,#3884,#190,.F.);
#3146=EDGE_CURVE('',#3884,#3885,#4751,.T.);
#3147=EDGE_CURVE('',#3885,#3873,#191,.F.);
#3148=EDGE_CURVE('',#3874,#3886,#192,.F.);
#3149=EDGE_CURVE('',#3886,#3887,#4752,.T.);
#3150=EDGE_CURVE('',#3887,#3875,#193,.F.);
#3151=EDGE_CURVE('',#3876,#3888,#194,.F.);
#3152=EDGE_CURVE('',#3888,#3889,#4753,.T.);
#3153=EDGE_CURVE('',#3889,#3877,#195,.F.);
#3154=EDGE_CURVE('',#3878,#3890,#196,.F.);
#3155=EDGE_CURVE('',#3890,#3891,#4754,.T.);
#3156=EDGE_CURVE('',#3891,#3879,#197,.F.);
#3157=EDGE_CURVE('',#3881,#3892,#4755,.T.);
#3158=EDGE_CURVE('',#3880,#3893,#4756,.T.);
#3159=EDGE_CURVE('',#3893,#3892,#4757,.T.);
#3160=EDGE_CURVE('',#3894,#3882,#4758,.T.);
#3161=EDGE_CURVE('',#3894,#3895,#4759,.T.);
#3162=EDGE_CURVE('',#3883,#3895,#4760,.T.);
#3163=EDGE_CURVE('',#3896,#3884,#4761,.T.);
#3164=EDGE_CURVE('',#3896,#3897,#4762,.T.);
#3165=EDGE_CURVE('',#3885,#3897,#4763,.T.);
#3166=EDGE_CURVE('',#3898,#3886,#4764,.T.);
#3167=EDGE_CURVE('',#3898,#3899,#4765,.T.);
#3168=EDGE_CURVE('',#3887,#3899,#4766,.T.);
#3169=EDGE_CURVE('',#3900,#3888,#4767,.T.);
#3170=EDGE_CURVE('',#3900,#3901,#4768,.T.);
#3171=EDGE_CURVE('',#3889,#3901,#4769,.T.);
#3172=EDGE_CURVE('',#3902,#3890,#4770,.T.);
#3173=EDGE_CURVE('',#3902,#3903,#4771,.T.);
#3174=EDGE_CURVE('',#3891,#3903,#4772,.T.);
#3175=EDGE_CURVE('',#3904,#3640,#4773,.T.);
#3176=EDGE_CURVE('',#3905,#3904,#4774,.T.);
#3177=EDGE_CURVE('',#3645,#3905,#4775,.T.);
#3178=EDGE_CURVE('',#3906,#3647,#4776,.T.);
#3179=EDGE_CURVE('',#3907,#3906,#4777,.T.);
#3180=EDGE_CURVE('',#3649,#3907,#4778,.T.);
#3181=EDGE_CURVE('',#3908,#3651,#4779,.T.);
#3182=EDGE_CURVE('',#3909,#3908,#4780,.T.);
#3183=EDGE_CURVE('',#3653,#3909,#4781,.T.);
#3184=EDGE_CURVE('',#3910,#3655,#4782,.T.);
#3185=EDGE_CURVE('',#3911,#3910,#4783,.T.);
#3186=EDGE_CURVE('',#3657,#3911,#4784,.T.);
#3187=EDGE_CURVE('',#3912,#3659,#4785,.T.);
#3188=EDGE_CURVE('',#3913,#3912,#4786,.T.);
#3189=EDGE_CURVE('',#3661,#3913,#4787,.T.);
#3190=EDGE_CURVE('',#3914,#3663,#4788,.T.);
#3191=EDGE_CURVE('',#3915,#3914,#4789,.T.);
#3192=EDGE_CURVE('',#3916,#3915,#4790,.T.);
#3193=EDGE_CURVE('',#3916,#3917,#4791,.T.);
#3194=EDGE_CURVE('',#3918,#3917,#4792,.T.);
#3195=EDGE_CURVE('',#3919,#3918,#4793,.T.);
#3196=EDGE_CURVE('',#3919,#3642,#4794,.T.);
#3197=EDGE_CURVE('',#3920,#3916,#4795,.T.);
#3198=EDGE_CURVE('',#3920,#3921,#4796,.T.);
#3199=EDGE_CURVE('',#3917,#3921,#4797,.T.);
#3200=EDGE_CURVE('',#3922,#3920,#198,.F.);
#3201=EDGE_CURVE('',#3922,#3923,#4798,.T.);
#3202=EDGE_CURVE('',#3921,#3923,#199,.T.);
#3203=EDGE_CURVE('',#3924,#3922,#4799,.T.);
#3204=EDGE_CURVE('',#3924,#3925,#4800,.T.);
#3205=EDGE_CURVE('',#3923,#3925,#4801,.T.);
#3206=EDGE_CURVE('',#3924,#3926,#200,.F.);
#3207=EDGE_CURVE('',#3926,#3927,#4802,.T.);
#3208=EDGE_CURVE('',#3927,#3925,#201,.T.);
#3209=EDGE_CURVE('',#3928,#3926,#4803,.T.);
#3210=EDGE_CURVE('',#3928,#3929,#4804,.T.);
#3211=EDGE_CURVE('',#3927,#3929,#4805,.T.);
#3212=EDGE_CURVE('',#3930,#3928,#4806,.T.);
#3213=EDGE_CURVE('',#3930,#3931,#4807,.T.);
#3214=EDGE_CURVE('',#3929,#3931,#4808,.T.);
#3215=EDGE_CURVE('',#3932,#3930,#4809,.T.);
#3216=EDGE_CURVE('',#3932,#3933,#4810,.T.);
#3217=EDGE_CURVE('',#3931,#3933,#4811,.T.);
#3218=EDGE_CURVE('',#3934,#3932,#202,.F.);
#3219=EDGE_CURVE('',#3934,#3935,#4812,.T.);
#3220=EDGE_CURVE('',#3933,#3935,#203,.T.);
#3221=EDGE_CURVE('',#3936,#3934,#4813,.T.);
#3222=EDGE_CURVE('',#3936,#3937,#4814,.T.);
#3223=EDGE_CURVE('',#3935,#3937,#4815,.T.);
#3224=EDGE_CURVE('',#3936,#3938,#204,.F.);
#3225=EDGE_CURVE('',#3938,#3939,#4816,.T.);
#3226=EDGE_CURVE('',#3939,#3937,#205,.T.);
#3227=EDGE_CURVE('',#3940,#3938,#4817,.T.);
#3228=EDGE_CURVE('',#3940,#3941,#4818,.T.);
#3229=EDGE_CURVE('',#3939,#3941,#4819,.T.);
#3230=EDGE_CURVE('',#3940,#3915,#4820,.T.);
#3231=EDGE_CURVE('',#3783,#3914,#4821,.T.);
#3232=EDGE_CURVE('',#3782,#3913,#4822,.T.);
#3233=EDGE_CURVE('',#3781,#3912,#4823,.T.);
#3234=EDGE_CURVE('',#3780,#3911,#4824,.T.);
#3235=EDGE_CURVE('',#3779,#3910,#4825,.T.);
#3236=EDGE_CURVE('',#3778,#3909,#4826,.T.);
#3237=EDGE_CURVE('',#3777,#3908,#4827,.T.);
#3238=EDGE_CURVE('',#3776,#3907,#4828,.T.);
#3239=EDGE_CURVE('',#3775,#3906,#4829,.T.);
#3240=EDGE_CURVE('',#3774,#3905,#4830,.T.);
#3241=EDGE_CURVE('',#3772,#3904,#4831,.T.);
#3242=EDGE_CURVE('',#3773,#3786,#4832,.T.);
#3243=EDGE_CURVE('',#3942,#3784,#4833,.T.);
#3244=EDGE_CURVE('',#3942,#3943,#4834,.T.);
#3245=EDGE_CURVE('',#3943,#3789,#4835,.T.);
#3246=EDGE_CURVE('',#3944,#3791,#4836,.T.);
#3247=EDGE_CURVE('',#3944,#3945,#4837,.T.);
#3248=EDGE_CURVE('',#3945,#3793,#4838,.T.);
#3249=EDGE_CURVE('',#3946,#3795,#4839,.T.);
#3250=EDGE_CURVE('',#3946,#3947,#4840,.T.);
#3251=EDGE_CURVE('',#3947,#3797,#4841,.T.);
#3252=EDGE_CURVE('',#3948,#3799,#4842,.T.);
#3253=EDGE_CURVE('',#3948,#3949,#4843,.T.);
#3254=EDGE_CURVE('',#3949,#3801,#4844,.T.);
#3255=EDGE_CURVE('',#3950,#3803,#4845,.T.);
#3256=EDGE_CURVE('',#3950,#3951,#4846,.T.);
#3257=EDGE_CURVE('',#3951,#3805,#4847,.T.);
#3258=EDGE_CURVE('',#3952,#3807,#4848,.T.);
#3259=EDGE_CURVE('',#3952,#3953,#4849,.T.);
#3260=EDGE_CURVE('',#3953,#3954,#4850,.T.);
#3261=EDGE_CURVE('',#3954,#3955,#4851,.T.);
#3262=EDGE_CURVE('',#3941,#3955,#4852,.T.);
#3263=EDGE_CURVE('',#3956,#3954,#4853,.T.);
#3264=EDGE_CURVE('',#3956,#3957,#4854,.T.);
#3265=EDGE_CURVE('',#3955,#3957,#4855,.T.);
#3266=EDGE_CURVE('',#3958,#3956,#206,.F.);
#3267=EDGE_CURVE('',#3958,#3959,#4856,.T.);
#3268=EDGE_CURVE('',#3957,#3959,#207,.T.);
#3269=EDGE_CURVE('',#3958,#3960,#208,.F.);
#3270=EDGE_CURVE('',#3960,#3961,#4857,.T.);
#3271=EDGE_CURVE('',#3961,#3959,#209,.T.);
#3272=EDGE_CURVE('',#3962,#3960,#4858,.T.);
#3273=EDGE_CURVE('',#3962,#3963,#4859,.T.);
#3274=EDGE_CURVE('',#3961,#3963,#4860,.T.);
#3275=EDGE_CURVE('',#3964,#3962,#4861,.T.);
#3276=EDGE_CURVE('',#3964,#3965,#4862,.T.);
#3277=EDGE_CURVE('',#3963,#3965,#4863,.T.);
#3278=EDGE_CURVE('',#3966,#3964,#4864,.T.);
#3279=EDGE_CURVE('',#3966,#3967,#4865,.T.);
#3280=EDGE_CURVE('',#3965,#3967,#4866,.T.);
#3281=EDGE_CURVE('',#3968,#3966,#210,.F.);
#3282=EDGE_CURVE('',#3968,#3969,#4867,.T.);
#3283=EDGE_CURVE('',#3967,#3969,#211,.T.);
#3284=EDGE_CURVE('',#3968,#3970,#212,.F.);
#3285=EDGE_CURVE('',#3970,#3971,#4868,.T.);
#3286=EDGE_CURVE('',#3971,#3969,#213,.T.);
#3287=EDGE_CURVE('',#3972,#3970,#4869,.T.);
#3288=EDGE_CURVE('',#3972,#3973,#4870,.T.);
#3289=EDGE_CURVE('',#3971,#3973,#4871,.T.);
#3290=EDGE_CURVE('',#3892,#3942,#4872,.T.);
#3291=EDGE_CURVE('',#3893,#3919,#4873,.T.);
#3292=EDGE_CURVE('',#3973,#3918,#4874,.T.);
#3293=EDGE_CURVE('',#3953,#3972,#4875,.T.);
#3294=EDGE_CURVE('',#3903,#3952,#4876,.T.);
#3295=EDGE_CURVE('',#3951,#3902,#4877,.T.);
#3296=EDGE_CURVE('',#3901,#3950,#4878,.T.);
#3297=EDGE_CURVE('',#3949,#3900,#4879,.T.);
#3298=EDGE_CURVE('',#3899,#3948,#4880,.T.);
#3299=EDGE_CURVE('',#3947,#3898,#4881,.T.);
#3300=EDGE_CURVE('',#3897,#3946,#4882,.T.);
#3301=EDGE_CURVE('',#3945,#3896,#4883,.T.);
#3302=EDGE_CURVE('',#3895,#3944,#4884,.T.);
#3303=EDGE_CURVE('',#3943,#3894,#4885,.T.);
#3304=VERTEX_POINT('',#9729);
#3305=VERTEX_POINT('',#9730);
#3306=VERTEX_POINT('',#9732);
#3307=VERTEX_POINT('',#9734);
#3308=VERTEX_POINT('',#9738);
#3309=VERTEX_POINT('',#9739);
#3310=VERTEX_POINT('',#9741);
#3311=VERTEX_POINT('',#9743);
#3312=VERTEX_POINT('',#9747);
#3313=VERTEX_POINT('',#9748);
#3314=VERTEX_POINT('',#9752);
#3315=VERTEX_POINT('',#9754);
#3316=VERTEX_POINT('',#9756);
#3317=VERTEX_POINT('',#9758);
#3318=VERTEX_POINT('',#9760);
#3319=VERTEX_POINT('',#9762);
#3320=VERTEX_POINT('',#9766);
#3321=VERTEX_POINT('',#9768);
#3322=VERTEX_POINT('',#9772);
#3323=VERTEX_POINT('',#9774);
#3324=VERTEX_POINT('',#9776);
#3325=VERTEX_POINT('',#9778);
#3326=VERTEX_POINT('',#9781);
#3327=VERTEX_POINT('',#9783);
#3328=VERTEX_POINT('',#9788);
#3329=VERTEX_POINT('',#9789);
#3330=VERTEX_POINT('',#9791);
#3331=VERTEX_POINT('',#9793);
#3332=VERTEX_POINT('',#9797);
#3333=VERTEX_POINT('',#9799);
#3334=VERTEX_POINT('',#9803);
#3335=VERTEX_POINT('',#9805);
#3336=VERTEX_POINT('',#9809);
#3337=VERTEX_POINT('',#9810);
#3338=VERTEX_POINT('',#9812);
#3339=VERTEX_POINT('',#9814);
#3340=VERTEX_POINT('',#9818);
#3341=VERTEX_POINT('',#9820);
#3342=VERTEX_POINT('',#9824);
#3343=VERTEX_POINT('',#9826);
#3344=VERTEX_POINT('',#9830);
#3345=VERTEX_POINT('',#9831);
#3346=VERTEX_POINT('',#9833);
#3347=VERTEX_POINT('',#9835);
#3348=VERTEX_POINT('',#9839);
#3349=VERTEX_POINT('',#9841);
#3350=VERTEX_POINT('',#9845);
#3351=VERTEX_POINT('',#9847);
#3352=VERTEX_POINT('',#9851);
#3353=VERTEX_POINT('',#9852);
#3354=VERTEX_POINT('',#9854);
#3355=VERTEX_POINT('',#9856);
#3356=VERTEX_POINT('',#9860);
#3357=VERTEX_POINT('',#9862);
#3358=VERTEX_POINT('',#9866);
#3359=VERTEX_POINT('',#9868);
#3360=VERTEX_POINT('',#9872);
#3361=VERTEX_POINT('',#9873);
#3362=VERTEX_POINT('',#9875);
#3363=VERTEX_POINT('',#9877);
#3364=VERTEX_POINT('',#9881);
#3365=VERTEX_POINT('',#9883);
#3366=VERTEX_POINT('',#9887);
#3367=VERTEX_POINT('',#9889);
#3368=VERTEX_POINT('',#9893);
#3369=VERTEX_POINT('',#9894);
#3370=VERTEX_POINT('',#9896);
#3371=VERTEX_POINT('',#9898);
#3372=VERTEX_POINT('',#9902);
#3373=VERTEX_POINT('',#9904);
#3374=VERTEX_POINT('',#9908);
#3375=VERTEX_POINT('',#9910);
#3376=VERTEX_POINT('',#9914);
#3377=VERTEX_POINT('',#9915);
#3378=VERTEX_POINT('',#9917);
#3379=VERTEX_POINT('',#9919);
#3380=VERTEX_POINT('',#9923);
#3381=VERTEX_POINT('',#9925);
#3382=VERTEX_POINT('',#9929);
#3383=VERTEX_POINT('',#9931);
#3384=VERTEX_POINT('',#9935);
#3385=VERTEX_POINT('',#9936);
#3386=VERTEX_POINT('',#9938);
#3387=VERTEX_POINT('',#9940);
#3388=VERTEX_POINT('',#9944);
#3389=VERTEX_POINT('',#9946);
#3390=VERTEX_POINT('',#9950);
#3391=VERTEX_POINT('',#9952);
#3392=VERTEX_POINT('',#9956);
#3393=VERTEX_POINT('',#9957);
#3394=VERTEX_POINT('',#9959);
#3395=VERTEX_POINT('',#9961);
#3396=VERTEX_POINT('',#9965);
#3397=VERTEX_POINT('',#9967);
#3398=VERTEX_POINT('',#9971);
#3399=VERTEX_POINT('',#9973);
#3400=VERTEX_POINT('',#9977);
#3401=VERTEX_POINT('',#9978);
#3402=VERTEX_POINT('',#9980);
#3403=VERTEX_POINT('',#9982);
#3404=VERTEX_POINT('',#9986);
#3405=VERTEX_POINT('',#9988);
#3406=VERTEX_POINT('',#9992);
#3407=VERTEX_POINT('',#9994);
#3408=VERTEX_POINT('',#9998);
#3409=VERTEX_POINT('',#9999);
#3410=VERTEX_POINT('',#10001);
#3411=VERTEX_POINT('',#10003);
#3412=VERTEX_POINT('',#10007);
#3413=VERTEX_POINT('',#10009);
#3414=VERTEX_POINT('',#10013);
#3415=VERTEX_POINT('',#10015);
#3416=VERTEX_POINT('',#10019);
#3417=VERTEX_POINT('',#10020);
#3418=VERTEX_POINT('',#10022);
#3419=VERTEX_POINT('',#10024);
#3420=VERTEX_POINT('',#10028);
#3421=VERTEX_POINT('',#10030);
#3422=VERTEX_POINT('',#10034);
#3423=VERTEX_POINT('',#10036);
#3424=VERTEX_POINT('',#10040);
#3425=VERTEX_POINT('',#10041);
#3426=VERTEX_POINT('',#10043);
#3427=VERTEX_POINT('',#10045);
#3428=VERTEX_POINT('',#10049);
#3429=VERTEX_POINT('',#10051);
#3430=VERTEX_POINT('',#10055);
#3431=VERTEX_POINT('',#10057);
#3432=VERTEX_POINT('',#10061);
#3433=VERTEX_POINT('',#10062);
#3434=VERTEX_POINT('',#10064);
#3435=VERTEX_POINT('',#10066);
#3436=VERTEX_POINT('',#10070);
#3437=VERTEX_POINT('',#10072);
#3438=VERTEX_POINT('',#10076);
#3439=VERTEX_POINT('',#10078);
#3440=VERTEX_POINT('',#10129);
#3441=VERTEX_POINT('',#10131);
#3442=VERTEX_POINT('',#10143);
#3443=VERTEX_POINT('',#10146);
#3444=VERTEX_POINT('',#10150);
#3445=VERTEX_POINT('',#10153);
#3446=VERTEX_POINT('',#10158);
#3447=VERTEX_POINT('',#10159);
#3448=VERTEX_POINT('',#10161);
#3449=VERTEX_POINT('',#10163);
#3450=VERTEX_POINT('',#10167);
#3451=VERTEX_POINT('',#10168);
#3452=VERTEX_POINT('',#10170);
#3453=VERTEX_POINT('',#10172);
#3454=VERTEX_POINT('',#10176);
#3455=VERTEX_POINT('',#10177);
#3456=VERTEX_POINT('',#10179);
#3457=VERTEX_POINT('',#10181);
#3458=VERTEX_POINT('',#10185);
#3459=VERTEX_POINT('',#10186);
#3460=VERTEX_POINT('',#10188);
#3461=VERTEX_POINT('',#10190);
#3462=VERTEX_POINT('',#10194);
#3463=VERTEX_POINT('',#10195);
#3464=VERTEX_POINT('',#10197);
#3465=VERTEX_POINT('',#10199);
#3466=VERTEX_POINT('',#10203);
#3467=VERTEX_POINT('',#10204);
#3468=VERTEX_POINT('',#10206);
#3469=VERTEX_POINT('',#10208);
#3470=VERTEX_POINT('',#10212);
#3471=VERTEX_POINT('',#10213);
#3472=VERTEX_POINT('',#10215);
#3473=VERTEX_POINT('',#10217);
#3474=VERTEX_POINT('',#10221);
#3475=VERTEX_POINT('',#10222);
#3476=VERTEX_POINT('',#10224);
#3477=VERTEX_POINT('',#10226);
#3478=VERTEX_POINT('',#10230);
#3479=VERTEX_POINT('',#10231);
#3480=VERTEX_POINT('',#10233);
#3481=VERTEX_POINT('',#10235);
#3482=VERTEX_POINT('',#10239);
#3483=VERTEX_POINT('',#10240);
#3484=VERTEX_POINT('',#10242);
#3485=VERTEX_POINT('',#10244);
#3486=VERTEX_POINT('',#10248);
#3487=VERTEX_POINT('',#10249);
#3488=VERTEX_POINT('',#10251);
#3489=VERTEX_POINT('',#10253);
#3490=VERTEX_POINT('',#10257);
#3491=VERTEX_POINT('',#10258);
#3492=VERTEX_POINT('',#10260);
#3493=VERTEX_POINT('',#10262);
#3494=VERTEX_POINT('',#10266);
#3495=VERTEX_POINT('',#10268);
#3496=VERTEX_POINT('',#10272);
#3497=VERTEX_POINT('',#10274);
#3498=VERTEX_POINT('',#10278);
#3499=VERTEX_POINT('',#10280);
#3500=VERTEX_POINT('',#10284);
#3501=VERTEX_POINT('',#10286);
#3502=VERTEX_POINT('',#10290);
#3503=VERTEX_POINT('',#10292);
#3504=VERTEX_POINT('',#10296);
#3505=VERTEX_POINT('',#10298);
#3506=VERTEX_POINT('',#10302);
#3507=VERTEX_POINT('',#10304);
#3508=VERTEX_POINT('',#10308);
#3509=VERTEX_POINT('',#10310);
#3510=VERTEX_POINT('',#10314);
#3511=VERTEX_POINT('',#10316);
#3512=VERTEX_POINT('',#10320);
#3513=VERTEX_POINT('',#10322);
#3514=VERTEX_POINT('',#10326);
#3515=VERTEX_POINT('',#10328);
#3516=VERTEX_POINT('',#10332);
#3517=VERTEX_POINT('',#10334);
#3518=VERTEX_POINT('',#10338);
#3519=VERTEX_POINT('',#10340);
#3520=VERTEX_POINT('',#10344);
#3521=VERTEX_POINT('',#10346);
#3522=VERTEX_POINT('',#10350);
#3523=VERTEX_POINT('',#10352);
#3524=VERTEX_POINT('',#10356);
#3525=VERTEX_POINT('',#10358);
#3526=VERTEX_POINT('',#10362);
#3527=VERTEX_POINT('',#10364);
#3528=VERTEX_POINT('',#10368);
#3529=VERTEX_POINT('',#10370);
#3530=VERTEX_POINT('',#10374);
#3531=VERTEX_POINT('',#10376);
#3532=VERTEX_POINT('',#10380);
#3533=VERTEX_POINT('',#10382);
#3534=VERTEX_POINT('',#10386);
#3535=VERTEX_POINT('',#10388);
#3536=VERTEX_POINT('',#10392);
#3537=VERTEX_POINT('',#10394);
#3538=VERTEX_POINT('',#10398);
#3539=VERTEX_POINT('',#10400);
#3540=VERTEX_POINT('',#10404);
#3541=VERTEX_POINT('',#10406);
#3542=VERTEX_POINT('',#10410);
#3543=VERTEX_POINT('',#10411);
#3544=VERTEX_POINT('',#10413);
#3545=VERTEX_POINT('',#10415);
#3546=VERTEX_POINT('',#10419);
#3547=VERTEX_POINT('',#10420);
#3548=VERTEX_POINT('',#10422);
#3549=VERTEX_POINT('',#10424);
#3550=VERTEX_POINT('',#10428);
#3551=VERTEX_POINT('',#10429);
#3552=VERTEX_POINT('',#10431);
#3553=VERTEX_POINT('',#10433);
#3554=VERTEX_POINT('',#10437);
#3555=VERTEX_POINT('',#10438);
#3556=VERTEX_POINT('',#10440);
#3557=VERTEX_POINT('',#10442);
#3558=VERTEX_POINT('',#10446);
#3559=VERTEX_POINT('',#10447);
#3560=VERTEX_POINT('',#10449);
#3561=VERTEX_POINT('',#10451);
#3562=VERTEX_POINT('',#10455);
#3563=VERTEX_POINT('',#10456);
#3564=VERTEX_POINT('',#10458);
#3565=VERTEX_POINT('',#10460);
#3566=VERTEX_POINT('',#10464);
#3567=VERTEX_POINT('',#10466);
#3568=VERTEX_POINT('',#10470);
#3569=VERTEX_POINT('',#10472);
#3570=VERTEX_POINT('',#10476);
#3571=VERTEX_POINT('',#10478);
#3572=VERTEX_POINT('',#10482);
#3573=VERTEX_POINT('',#10484);
#3574=VERTEX_POINT('',#10488);
#3575=VERTEX_POINT('',#10490);
#3576=VERTEX_POINT('',#10494);
#3577=VERTEX_POINT('',#10496);
#3578=VERTEX_POINT('',#10500);
#3579=VERTEX_POINT('',#10502);
#3580=VERTEX_POINT('',#10506);
#3581=VERTEX_POINT('',#10508);
#3582=VERTEX_POINT('',#10512);
#3583=VERTEX_POINT('',#10514);
#3584=VERTEX_POINT('',#10518);
#3585=VERTEX_POINT('',#10520);
#3586=VERTEX_POINT('',#10524);
#3587=VERTEX_POINT('',#10526);
#3588=VERTEX_POINT('',#10530);
#3589=VERTEX_POINT('',#10532);
#3590=VERTEX_POINT('',#10554);
#3591=VERTEX_POINT('',#10555);
#3592=VERTEX_POINT('',#10557);
#3593=VERTEX_POINT('',#10559);
#3594=VERTEX_POINT('',#10563);
#3595=VERTEX_POINT('',#10565);
#3596=VERTEX_POINT('',#10568);
#3597=VERTEX_POINT('',#10570);
#3598=VERTEX_POINT('',#10573);
#3599=VERTEX_POINT('',#10575);
#3600=VERTEX_POINT('',#10578);
#3601=VERTEX_POINT('',#10580);
#3602=VERTEX_POINT('',#10583);
#3603=VERTEX_POINT('',#10585);
#3604=VERTEX_POINT('',#10588);
#3605=VERTEX_POINT('',#10590);
#3606=VERTEX_POINT('',#10593);
#3607=VERTEX_POINT('',#10595);
#3608=VERTEX_POINT('',#10599);
#3609=VERTEX_POINT('',#10602);
#3610=VERTEX_POINT('',#10604);
#3611=VERTEX_POINT('',#10606);
#3612=VERTEX_POINT('',#10608);
#3613=VERTEX_POINT('',#10611);
#3614=VERTEX_POINT('',#10613);
#3615=VERTEX_POINT('',#10616);
#3616=VERTEX_POINT('',#10618);
#3617=VERTEX_POINT('',#10621);
#3618=VERTEX_POINT('',#10623);
#3619=VERTEX_POINT('',#10626);
#3620=VERTEX_POINT('',#10628);
#3621=VERTEX_POINT('',#10631);
#3622=VERTEX_POINT('',#10635);
#3623=VERTEX_POINT('',#10637);
#3624=VERTEX_POINT('',#10641);
#3625=VERTEX_POINT('',#10643);
#3626=VERTEX_POINT('',#10647);
#3627=VERTEX_POINT('',#10649);
#3628=VERTEX_POINT('',#10653);
#3629=VERTEX_POINT('',#10655);
#3630=VERTEX_POINT('',#10659);
#3631=VERTEX_POINT('',#10661);
#3632=VERTEX_POINT('',#10665);
#3633=VERTEX_POINT('',#10666);
#3634=VERTEX_POINT('',#10695);
#3635=VERTEX_POINT('',#10697);
#3636=VERTEX_POINT('',#10701);
#3637=VERTEX_POINT('',#10703);
#3638=VERTEX_POINT('',#10707);
#3639=VERTEX_POINT('',#10709);
#3640=VERTEX_POINT('',#10799);
#3641=VERTEX_POINT('',#10800);
#3642=VERTEX_POINT('',#10802);
#3643=VERTEX_POINT('',#10804);
#3644=VERTEX_POINT('',#10808);
#3645=VERTEX_POINT('',#10809);
#3646=VERTEX_POINT('',#10811);
#3647=VERTEX_POINT('',#10813);
#3648=VERTEX_POINT('',#10817);
#3649=VERTEX_POINT('',#10818);
#3650=VERTEX_POINT('',#10820);
#3651=VERTEX_POINT('',#10822);
#3652=VERTEX_POINT('',#10826);
#3653=VERTEX_POINT('',#10827);
#3654=VERTEX_POINT('',#10829);
#3655=VERTEX_POINT('',#10831);
#3656=VERTEX_POINT('',#10835);
#3657=VERTEX_POINT('',#10836);
#3658=VERTEX_POINT('',#10838);
#3659=VERTEX_POINT('',#10840);
#3660=VERTEX_POINT('',#10844);
#3661=VERTEX_POINT('',#10845);
#3662=VERTEX_POINT('',#10847);
#3663=VERTEX_POINT('',#10849);
#3664=VERTEX_POINT('',#10853);
#3665=VERTEX_POINT('',#10855);
#3666=VERTEX_POINT('',#10859);
#3667=VERTEX_POINT('',#10861);
#3668=VERTEX_POINT('',#10865);
#3669=VERTEX_POINT('',#10867);
#3670=VERTEX_POINT('',#10871);
#3671=VERTEX_POINT('',#10873);
#3672=VERTEX_POINT('',#10877);
#3673=VERTEX_POINT('',#10879);
#3674=VERTEX_POINT('',#10883);
#3675=VERTEX_POINT('',#10885);
#3676=VERTEX_POINT('',#10889);
#3677=VERTEX_POINT('',#10891);
#3678=VERTEX_POINT('',#10895);
#3679=VERTEX_POINT('',#10897);
#3680=VERTEX_POINT('',#10901);
#3681=VERTEX_POINT('',#10903);
#3682=VERTEX_POINT('',#10907);
#3683=VERTEX_POINT('',#10909);
#3684=VERTEX_POINT('',#10913);
#3685=VERTEX_POINT('',#10915);
#3686=VERTEX_POINT('',#10919);
#3687=VERTEX_POINT('',#10921);
#3688=VERTEX_POINT('',#10925);
#3689=VERTEX_POINT('',#10926);
#3690=VERTEX_POINT('',#10931);
#3691=VERTEX_POINT('',#10933);
#3692=VERTEX_POINT('',#10937);
#3693=VERTEX_POINT('',#10939);
#3694=VERTEX_POINT('',#10943);
#3695=VERTEX_POINT('',#10945);
#3696=VERTEX_POINT('',#10949);
#3697=VERTEX_POINT('',#10951);
#3698=VERTEX_POINT('',#10955);
#3699=VERTEX_POINT('',#10957);
#3700=VERTEX_POINT('',#10961);
#3701=VERTEX_POINT('',#10963);
#3702=VERTEX_POINT('',#10967);
#3703=VERTEX_POINT('',#10969);
#3704=VERTEX_POINT('',#10973);
#3705=VERTEX_POINT('',#10975);
#3706=VERTEX_POINT('',#10979);
#3707=VERTEX_POINT('',#10981);
#3708=VERTEX_POINT('',#10985);
#3709=VERTEX_POINT('',#10987);
#3710=VERTEX_POINT('',#10991);
#3711=VERTEX_POINT('',#10993);
#3712=VERTEX_POINT('',#10997);
#3713=VERTEX_POINT('',#10999);
#3714=VERTEX_POINT('',#11003);
#3715=VERTEX_POINT('',#11005);
#3716=VERTEX_POINT('',#11009);
#3717=VERTEX_POINT('',#11011);
#3718=VERTEX_POINT('',#11015);
#3719=VERTEX_POINT('',#11017);
#3720=VERTEX_POINT('',#11021);
#3721=VERTEX_POINT('',#11023);
#3722=VERTEX_POINT('',#11027);
#3723=VERTEX_POINT('',#11029);
#3724=VERTEX_POINT('',#11033);
#3725=VERTEX_POINT('',#11035);
#3726=VERTEX_POINT('',#11039);
#3727=VERTEX_POINT('',#11041);
#3728=VERTEX_POINT('',#11045);
#3729=VERTEX_POINT('',#11047);
#3730=VERTEX_POINT('',#11051);
#3731=VERTEX_POINT('',#11053);
#3732=VERTEX_POINT('',#11057);
#3733=VERTEX_POINT('',#11059);
#3734=VERTEX_POINT('',#11063);
#3735=VERTEX_POINT('',#11065);
#3736=VERTEX_POINT('',#11069);
#3737=VERTEX_POINT('',#11071);
#3738=VERTEX_POINT('',#11075);
#3739=VERTEX_POINT('',#11077);
#3740=VERTEX_POINT('',#11081);
#3741=VERTEX_POINT('',#11083);
#3742=VERTEX_POINT('',#11087);
#3743=VERTEX_POINT('',#11089);
#3744=VERTEX_POINT('',#11093);
#3745=VERTEX_POINT('',#11095);
#3746=VERTEX_POINT('',#11099);
#3747=VERTEX_POINT('',#11101);
#3748=VERTEX_POINT('',#11105);
#3749=VERTEX_POINT('',#11107);
#3750=VERTEX_POINT('',#11111);
#3751=VERTEX_POINT('',#11113);
#3752=VERTEX_POINT('',#11117);
#3753=VERTEX_POINT('',#11119);
#3754=VERTEX_POINT('',#11123);
#3755=VERTEX_POINT('',#11125);
#3756=VERTEX_POINT('',#11129);
#3757=VERTEX_POINT('',#11131);
#3758=VERTEX_POINT('',#11135);
#3759=VERTEX_POINT('',#11137);
#3760=VERTEX_POINT('',#11141);
#3761=VERTEX_POINT('',#11142);
#3762=VERTEX_POINT('',#11147);
#3763=VERTEX_POINT('',#11149);
#3764=VERTEX_POINT('',#11153);
#3765=VERTEX_POINT('',#11155);
#3766=VERTEX_POINT('',#11159);
#3767=VERTEX_POINT('',#11161);
#3768=VERTEX_POINT('',#11165);
#3769=VERTEX_POINT('',#11167);
#3770=VERTEX_POINT('',#11171);
#3771=VERTEX_POINT('',#11173);
#3772=VERTEX_POINT('',#11177);
#3773=VERTEX_POINT('',#11179);
#3774=VERTEX_POINT('',#11183);
#3775=VERTEX_POINT('',#11185);
#3776=VERTEX_POINT('',#11189);
#3777=VERTEX_POINT('',#11191);
#3778=VERTEX_POINT('',#11195);
#3779=VERTEX_POINT('',#11197);
#3780=VERTEX_POINT('',#11201);
#3781=VERTEX_POINT('',#11203);
#3782=VERTEX_POINT('',#11207);
#3783=VERTEX_POINT('',#11209);
#3784=VERTEX_POINT('',#11213);
#3785=VERTEX_POINT('',#11214);
#3786=VERTEX_POINT('',#11216);
#3787=VERTEX_POINT('',#11218);
#3788=VERTEX_POINT('',#11222);
#3789=VERTEX_POINT('',#11223);
#3790=VERTEX_POINT('',#11225);
#3791=VERTEX_POINT('',#11227);
#3792=VERTEX_POINT('',#11231);
#3793=VERTEX_POINT('',#11232);
#3794=VERTEX_POINT('',#11234);
#3795=VERTEX_POINT('',#11236);
#3796=VERTEX_POINT('',#11240);
#3797=VERTEX_POINT('',#11241);
#3798=VERTEX_POINT('',#11243);
#3799=VERTEX_POINT('',#11245);
#3800=VERTEX_POINT('',#11249);
#3801=VERTEX_POINT('',#11250);
#3802=VERTEX_POINT('',#11252);
#3803=VERTEX_POINT('',#11254);
#3804=VERTEX_POINT('',#11258);
#3805=VERTEX_POINT('',#11259);
#3806=VERTEX_POINT('',#11261);
#3807=VERTEX_POINT('',#11263);
#3808=VERTEX_POINT('',#11267);
#3809=VERTEX_POINT('',#11269);
#3810=VERTEX_POINT('',#11273);
#3811=VERTEX_POINT('',#11275);
#3812=VERTEX_POINT('',#11279);
#3813=VERTEX_POINT('',#11281);
#3814=VERTEX_POINT('',#11285);
#3815=VERTEX_POINT('',#11287);
#3816=VERTEX_POINT('',#11291);
#3817=VERTEX_POINT('',#11293);
#3818=VERTEX_POINT('',#11297);
#3819=VERTEX_POINT('',#11299);
#3820=VERTEX_POINT('',#11303);
#3821=VERTEX_POINT('',#11304);
#3822=VERTEX_POINT('',#11309);
#3823=VERTEX_POINT('',#11311);
#3824=VERTEX_POINT('',#11315);
#3825=VERTEX_POINT('',#11317);
#3826=VERTEX_POINT('',#11321);
#3827=VERTEX_POINT('',#11323);
#3828=VERTEX_POINT('',#11327);
#3829=VERTEX_POINT('',#11329);
#3830=VERTEX_POINT('',#11333);
#3831=VERTEX_POINT('',#11335);
#3832=VERTEX_POINT('',#11339);
#3833=VERTEX_POINT('',#11341);
#3834=VERTEX_POINT('',#11345);
#3835=VERTEX_POINT('',#11347);
#3836=VERTEX_POINT('',#11351);
#3837=VERTEX_POINT('',#11353);
#3838=VERTEX_POINT('',#11357);
#3839=VERTEX_POINT('',#11359);
#3840=VERTEX_POINT('',#11363);
#3841=VERTEX_POINT('',#11365);
#3842=VERTEX_POINT('',#11369);
#3843=VERTEX_POINT('',#11371);
#3844=VERTEX_POINT('',#11375);
#3845=VERTEX_POINT('',#11377);
#3846=VERTEX_POINT('',#11381);
#3847=VERTEX_POINT('',#11383);
#3848=VERTEX_POINT('',#11387);
#3849=VERTEX_POINT('',#11389);
#3850=VERTEX_POINT('',#11393);
#3851=VERTEX_POINT('',#11395);
#3852=VERTEX_POINT('',#11399);
#3853=VERTEX_POINT('',#11401);
#3854=VERTEX_POINT('',#11405);
#3855=VERTEX_POINT('',#11407);
#3856=VERTEX_POINT('',#11411);
#3857=VERTEX_POINT('',#11413);
#3858=VERTEX_POINT('',#11417);
#3859=VERTEX_POINT('',#11419);
#3860=VERTEX_POINT('',#11423);
#3861=VERTEX_POINT('',#11425);
#3862=VERTEX_POINT('',#11429);
#3863=VERTEX_POINT('',#11431);
#3864=VERTEX_POINT('',#11435);
#3865=VERTEX_POINT('',#11437);
#3866=VERTEX_POINT('',#11441);
#3867=VERTEX_POINT('',#11443);
#3868=VERTEX_POINT('',#11447);
#3869=VERTEX_POINT('',#11449);
#3870=VERTEX_POINT('',#11453);
#3871=VERTEX_POINT('',#11455);
#3872=VERTEX_POINT('',#11459);
#3873=VERTEX_POINT('',#11461);
#3874=VERTEX_POINT('',#11465);
#3875=VERTEX_POINT('',#11467);
#3876=VERTEX_POINT('',#11471);
#3877=VERTEX_POINT('',#11473);
#3878=VERTEX_POINT('',#11477);
#3879=VERTEX_POINT('',#11479);
#3880=VERTEX_POINT('',#11483);
#3881=VERTEX_POINT('',#11484);
#3882=VERTEX_POINT('',#11489);
#3883=VERTEX_POINT('',#11491);
#3884=VERTEX_POINT('',#11495);
#3885=VERTEX_POINT('',#11497);
#3886=VERTEX_POINT('',#11501);
#3887=VERTEX_POINT('',#11503);
#3888=VERTEX_POINT('',#11507);
#3889=VERTEX_POINT('',#11509);
#3890=VERTEX_POINT('',#11513);
#3891=VERTEX_POINT('',#11515);
#3892=VERTEX_POINT('',#11519);
#3893=VERTEX_POINT('',#11521);
#3894=VERTEX_POINT('',#11525);
#3895=VERTEX_POINT('',#11527);
#3896=VERTEX_POINT('',#11531);
#3897=VERTEX_POINT('',#11533);
#3898=VERTEX_POINT('',#11537);
#3899=VERTEX_POINT('',#11539);
#3900=VERTEX_POINT('',#11543);
#3901=VERTEX_POINT('',#11545);
#3902=VERTEX_POINT('',#11549);
#3903=VERTEX_POINT('',#11551);
#3904=VERTEX_POINT('',#11555);
#3905=VERTEX_POINT('',#11557);
#3906=VERTEX_POINT('',#11560);
#3907=VERTEX_POINT('',#11562);
#3908=VERTEX_POINT('',#11565);
#3909=VERTEX_POINT('',#11567);
#3910=VERTEX_POINT('',#11570);
#3911=VERTEX_POINT('',#11572);
#3912=VERTEX_POINT('',#11575);
#3913=VERTEX_POINT('',#11577);
#3914=VERTEX_POINT('',#11580);
#3915=VERTEX_POINT('',#11582);
#3916=VERTEX_POINT('',#11584);
#3917=VERTEX_POINT('',#11586);
#3918=VERTEX_POINT('',#11588);
#3919=VERTEX_POINT('',#11590);
#3920=VERTEX_POINT('',#11594);
#3921=VERTEX_POINT('',#11596);
#3922=VERTEX_POINT('',#11600);
#3923=VERTEX_POINT('',#11602);
#3924=VERTEX_POINT('',#11606);
#3925=VERTEX_POINT('',#11608);
#3926=VERTEX_POINT('',#11612);
#3927=VERTEX_POINT('',#11614);
#3928=VERTEX_POINT('',#11618);
#3929=VERTEX_POINT('',#11620);
#3930=VERTEX_POINT('',#11624);
#3931=VERTEX_POINT('',#11626);
#3932=VERTEX_POINT('',#11630);
#3933=VERTEX_POINT('',#11632);
#3934=VERTEX_POINT('',#11636);
#3935=VERTEX_POINT('',#11638);
#3936=VERTEX_POINT('',#11642);
#3937=VERTEX_POINT('',#11644);
#3938=VERTEX_POINT('',#11648);
#3939=VERTEX_POINT('',#11650);
#3940=VERTEX_POINT('',#11654);
#3941=VERTEX_POINT('',#11656);
#3942=VERTEX_POINT('',#11673);
#3943=VERTEX_POINT('',#11675);
#3944=VERTEX_POINT('',#11678);
#3945=VERTEX_POINT('',#11680);
#3946=VERTEX_POINT('',#11683);
#3947=VERTEX_POINT('',#11685);
#3948=VERTEX_POINT('',#11688);
#3949=VERTEX_POINT('',#11690);
#3950=VERTEX_POINT('',#11693);
#3951=VERTEX_POINT('',#11695);
#3952=VERTEX_POINT('',#11698);
#3953=VERTEX_POINT('',#11700);
#3954=VERTEX_POINT('',#11702);
#3955=VERTEX_POINT('',#11704);
#3956=VERTEX_POINT('',#11708);
#3957=VERTEX_POINT('',#11710);
#3958=VERTEX_POINT('',#11714);
#3959=VERTEX_POINT('',#11716);
#3960=VERTEX_POINT('',#11720);
#3961=VERTEX_POINT('',#11722);
#3962=VERTEX_POINT('',#11726);
#3963=VERTEX_POINT('',#11728);
#3964=VERTEX_POINT('',#11732);
#3965=VERTEX_POINT('',#11734);
#3966=VERTEX_POINT('',#11738);
#3967=VERTEX_POINT('',#11740);
#3968=VERTEX_POINT('',#11744);
#3969=VERTEX_POINT('',#11746);
#3970=VERTEX_POINT('',#11750);
#3971=VERTEX_POINT('',#11752);
#3972=VERTEX_POINT('',#11756);
#3973=VERTEX_POINT('',#11758);
#3974=LINE('',#9728,#4886);
#3975=LINE('',#9731,#4887);
#3976=LINE('',#9733,#4888);
#3977=LINE('',#9735,#4889);
#3978=LINE('',#9737,#4890);
#3979=LINE('',#9740,#4891);
#3980=LINE('',#9742,#4892);
#3981=LINE('',#9744,#4893);
#3982=LINE('',#9746,#4894);
#3983=LINE('',#9749,#4895);
#3984=LINE('',#9750,#4896);
#3985=LINE('',#9751,#4897);
#3986=LINE('',#9753,#4898);
#3987=LINE('',#9755,#4899);
#3988=LINE('',#9757,#4900);
#3989=LINE('',#9759,#4901);
#3990=LINE('',#9761,#4902);
#3991=LINE('',#9763,#4903);
#3992=LINE('',#9765,#4904);
#3993=LINE('',#9767,#4905);
#3994=LINE('',#9769,#4906);
#3995=LINE('',#9771,#4907);
#3996=LINE('',#9773,#4908);
#3997=LINE('',#9775,#4909);
#3998=LINE('',#9777,#4910);
#3999=LINE('',#9779,#4911);
#4000=LINE('',#9780,#4912);
#4001=LINE('',#9782,#4913);
#4002=LINE('',#9784,#4914);
#4003=LINE('',#9785,#4915);
#4004=LINE('',#9787,#4916);
#4005=LINE('',#9790,#4917);
#4006=LINE('',#9792,#4918);
#4007=LINE('',#9794,#4919);
#4008=LINE('',#9796,#4920);
#4009=LINE('',#9798,#4921);
#4010=LINE('',#9800,#4922);
#4011=LINE('',#9802,#4923);
#4012=LINE('',#9804,#4924);
#4013=LINE('',#9806,#4925);
#4014=LINE('',#9808,#4926);
#4015=LINE('',#9811,#4927);
#4016=LINE('',#9813,#4928);
#4017=LINE('',#9815,#4929);
#4018=LINE('',#9817,#4930);
#4019=LINE('',#9819,#4931);
#4020=LINE('',#9821,#4932);
#4021=LINE('',#9823,#4933);
#4022=LINE('',#9825,#4934);
#4023=LINE('',#9827,#4935);
#4024=LINE('',#9829,#4936);
#4025=LINE('',#9832,#4937);
#4026=LINE('',#9834,#4938);
#4027=LINE('',#9836,#4939);
#4028=LINE('',#9838,#4940);
#4029=LINE('',#9840,#4941);
#4030=LINE('',#9842,#4942);
#4031=LINE('',#9844,#4943);
#4032=LINE('',#9846,#4944);
#4033=LINE('',#9848,#4945);
#4034=LINE('',#9850,#4946);
#4035=LINE('',#9853,#4947);
#4036=LINE('',#9855,#4948);
#4037=LINE('',#9857,#4949);
#4038=LINE('',#9859,#4950);
#4039=LINE('',#9861,#4951);
#4040=LINE('',#9863,#4952);
#4041=LINE('',#9865,#4953);
#4042=LINE('',#9867,#4954);
#4043=LINE('',#9869,#4955);
#4044=LINE('',#9871,#4956);
#4045=LINE('',#9874,#4957);
#4046=LINE('',#9876,#4958);
#4047=LINE('',#9878,#4959);
#4048=LINE('',#9880,#4960);
#4049=LINE('',#9882,#4961);
#4050=LINE('',#9884,#4962);
#4051=LINE('',#9886,#4963);
#4052=LINE('',#9888,#4964);
#4053=LINE('',#9890,#4965);
#4054=LINE('',#9892,#4966);
#4055=LINE('',#9895,#4967);
#4056=LINE('',#9897,#4968);
#4057=LINE('',#9899,#4969);
#4058=LINE('',#9901,#4970);
#4059=LINE('',#9903,#4971);
#4060=LINE('',#9905,#4972);
#4061=LINE('',#9907,#4973);
#4062=LINE('',#9909,#4974);
#4063=LINE('',#9911,#4975);
#4064=LINE('',#9913,#4976);
#4065=LINE('',#9916,#4977);
#4066=LINE('',#9918,#4978);
#4067=LINE('',#9920,#4979);
#4068=LINE('',#9922,#4980);
#4069=LINE('',#9924,#4981);
#4070=LINE('',#9926,#4982);
#4071=LINE('',#9928,#4983);
#4072=LINE('',#9930,#4984);
#4073=LINE('',#9932,#4985);
#4074=LINE('',#9934,#4986);
#4075=LINE('',#9937,#4987);
#4076=LINE('',#9939,#4988);
#4077=LINE('',#9941,#4989);
#4078=LINE('',#9943,#4990);
#4079=LINE('',#9945,#4991);
#4080=LINE('',#9947,#4992);
#4081=LINE('',#9949,#4993);
#4082=LINE('',#9951,#4994);
#4083=LINE('',#9953,#4995);
#4084=LINE('',#9955,#4996);
#4085=LINE('',#9958,#4997);
#4086=LINE('',#9960,#4998);
#4087=LINE('',#9962,#4999);
#4088=LINE('',#9964,#5000);
#4089=LINE('',#9966,#5001);
#4090=LINE('',#9968,#5002);
#4091=LINE('',#9970,#5003);
#4092=LINE('',#9972,#5004);
#4093=LINE('',#9974,#5005);
#4094=LINE('',#9976,#5006);
#4095=LINE('',#9979,#5007);
#4096=LINE('',#9981,#5008);
#4097=LINE('',#9983,#5009);
#4098=LINE('',#9985,#5010);
#4099=LINE('',#9987,#5011);
#4100=LINE('',#9989,#5012);
#4101=LINE('',#9991,#5013);
#4102=LINE('',#9993,#5014);
#4103=LINE('',#9995,#5015);
#4104=LINE('',#9997,#5016);
#4105=LINE('',#10000,#5017);
#4106=LINE('',#10002,#5018);
#4107=LINE('',#10004,#5019);
#4108=LINE('',#10006,#5020);
#4109=LINE('',#10008,#5021);
#4110=LINE('',#10010,#5022);
#4111=LINE('',#10012,#5023);
#4112=LINE('',#10014,#5024);
#4113=LINE('',#10016,#5025);
#4114=LINE('',#10018,#5026);
#4115=LINE('',#10021,#5027);
#4116=LINE('',#10023,#5028);
#4117=LINE('',#10025,#5029);
#4118=LINE('',#10027,#5030);
#4119=LINE('',#10029,#5031);
#4120=LINE('',#10031,#5032);
#4121=LINE('',#10033,#5033);
#4122=LINE('',#10035,#5034);
#4123=LINE('',#10037,#5035);
#4124=LINE('',#10039,#5036);
#4125=LINE('',#10042,#5037);
#4126=LINE('',#10044,#5038);
#4127=LINE('',#10046,#5039);
#4128=LINE('',#10048,#5040);
#4129=LINE('',#10050,#5041);
#4130=LINE('',#10052,#5042);
#4131=LINE('',#10054,#5043);
#4132=LINE('',#10056,#5044);
#4133=LINE('',#10058,#5045);
#4134=LINE('',#10060,#5046);
#4135=LINE('',#10063,#5047);
#4136=LINE('',#10065,#5048);
#4137=LINE('',#10067,#5049);
#4138=LINE('',#10069,#5050);
#4139=LINE('',#10071,#5051);
#4140=LINE('',#10073,#5052);
#4141=LINE('',#10075,#5053);
#4142=LINE('',#10077,#5054);
#4143=LINE('',#10079,#5055);
#4144=LINE('',#10081,#5056);
#4145=LINE('',#10082,#5057);
#4146=LINE('',#10084,#5058);
#4147=LINE('',#10085,#5059);
#4148=LINE('',#10087,#5060);
#4149=LINE('',#10088,#5061);
#4150=LINE('',#10090,#5062);
#4151=LINE('',#10091,#5063);
#4152=LINE('',#10093,#5064);
#4153=LINE('',#10094,#5065);
#4154=LINE('',#10096,#5066);
#4155=LINE('',#10097,#5067);
#4156=LINE('',#10099,#5068);
#4157=LINE('',#10100,#5069);
#4158=LINE('',#10102,#5070);
#4159=LINE('',#10103,#5071);
#4160=LINE('',#10105,#5072);
#4161=LINE('',#10106,#5073);
#4162=LINE('',#10108,#5074);
#4163=LINE('',#10109,#5075);
#4164=LINE('',#10111,#5076);
#4165=LINE('',#10112,#5077);
#4166=LINE('',#10114,#5078);
#4167=LINE('',#10115,#5079);
#4168=LINE('',#10117,#5080);
#4169=LINE('',#10118,#5081);
#4170=LINE('',#10120,#5082);
#4171=LINE('',#10121,#5083);
#4172=LINE('',#10123,#5084);
#4173=LINE('',#10124,#5085);
#4174=LINE('',#10132,#5086);
#4175=LINE('',#10133,#5087);
#4176=LINE('',#10137,#5088);
#4177=LINE('',#10139,#5089);
#4178=LINE('',#10157,#5090);
#4179=LINE('',#10160,#5091);
#4180=LINE('',#10162,#5092);
#4181=LINE('',#10164,#5093);
#4182=LINE('',#10166,#5094);
#4183=LINE('',#10169,#5095);
#4184=LINE('',#10171,#5096);
#4185=LINE('',#10173,#5097);
#4186=LINE('',#10175,#5098);
#4187=LINE('',#10178,#5099);
#4188=LINE('',#10180,#5100);
#4189=LINE('',#10182,#5101);
#4190=LINE('',#10184,#5102);
#4191=LINE('',#10187,#5103);
#4192=LINE('',#10189,#5104);
#4193=LINE('',#10191,#5105);
#4194=LINE('',#10193,#5106);
#4195=LINE('',#10196,#5107);
#4196=LINE('',#10198,#5108);
#4197=LINE('',#10200,#5109);
#4198=LINE('',#10202,#5110);
#4199=LINE('',#10205,#5111);
#4200=LINE('',#10207,#5112);
#4201=LINE('',#10209,#5113);
#4202=LINE('',#10211,#5114);
#4203=LINE('',#10214,#5115);
#4204=LINE('',#10216,#5116);
#4205=LINE('',#10218,#5117);
#4206=LINE('',#10220,#5118);
#4207=LINE('',#10223,#5119);
#4208=LINE('',#10225,#5120);
#4209=LINE('',#10227,#5121);
#4210=LINE('',#10229,#5122);
#4211=LINE('',#10232,#5123);
#4212=LINE('',#10234,#5124);
#4213=LINE('',#10236,#5125);
#4214=LINE('',#10238,#5126);
#4215=LINE('',#10241,#5127);
#4216=LINE('',#10243,#5128);
#4217=LINE('',#10245,#5129);
#4218=LINE('',#10247,#5130);
#4219=LINE('',#10250,#5131);
#4220=LINE('',#10252,#5132);
#4221=LINE('',#10254,#5133);
#4222=LINE('',#10256,#5134);
#4223=LINE('',#10259,#5135);
#4224=LINE('',#10261,#5136);
#4225=LINE('',#10263,#5137);
#4226=LINE('',#10265,#5138);
#4227=LINE('',#10267,#5139);
#4228=LINE('',#10269,#5140);
#4229=LINE('',#10271,#5141);
#4230=LINE('',#10273,#5142);
#4231=LINE('',#10275,#5143);
#4232=LINE('',#10277,#5144);
#4233=LINE('',#10279,#5145);
#4234=LINE('',#10281,#5146);
#4235=LINE('',#10283,#5147);
#4236=LINE('',#10285,#5148);
#4237=LINE('',#10287,#5149);
#4238=LINE('',#10289,#5150);
#4239=LINE('',#10291,#5151);
#4240=LINE('',#10293,#5152);
#4241=LINE('',#10295,#5153);
#4242=LINE('',#10297,#5154);
#4243=LINE('',#10299,#5155);
#4244=LINE('',#10301,#5156);
#4245=LINE('',#10303,#5157);
#4246=LINE('',#10305,#5158);
#4247=LINE('',#10307,#5159);
#4248=LINE('',#10309,#5160);
#4249=LINE('',#10311,#5161);
#4250=LINE('',#10313,#5162);
#4251=LINE('',#10315,#5163);
#4252=LINE('',#10317,#5164);
#4253=LINE('',#10319,#5165);
#4254=LINE('',#10321,#5166);
#4255=LINE('',#10323,#5167);
#4256=LINE('',#10325,#5168);
#4257=LINE('',#10327,#5169);
#4258=LINE('',#10329,#5170);
#4259=LINE('',#10331,#5171);
#4260=LINE('',#10333,#5172);
#4261=LINE('',#10335,#5173);
#4262=LINE('',#10337,#5174);
#4263=LINE('',#10339,#5175);
#4264=LINE('',#10341,#5176);
#4265=LINE('',#10343,#5177);
#4266=LINE('',#10345,#5178);
#4267=LINE('',#10347,#5179);
#4268=LINE('',#10349,#5180);
#4269=LINE('',#10351,#5181);
#4270=LINE('',#10353,#5182);
#4271=LINE('',#10355,#5183);
#4272=LINE('',#10357,#5184);
#4273=LINE('',#10359,#5185);
#4274=LINE('',#10361,#5186);
#4275=LINE('',#10363,#5187);
#4276=LINE('',#10365,#5188);
#4277=LINE('',#10367,#5189);
#4278=LINE('',#10369,#5190);
#4279=LINE('',#10371,#5191);
#4280=LINE('',#10373,#5192);
#4281=LINE('',#10375,#5193);
#4282=LINE('',#10377,#5194);
#4283=LINE('',#10379,#5195);
#4284=LINE('',#10381,#5196);
#4285=LINE('',#10383,#5197);
#4286=LINE('',#10385,#5198);
#4287=LINE('',#10387,#5199);
#4288=LINE('',#10389,#5200);
#4289=LINE('',#10391,#5201);
#4290=LINE('',#10393,#5202);
#4291=LINE('',#10395,#5203);
#4292=LINE('',#10397,#5204);
#4293=LINE('',#10399,#5205);
#4294=LINE('',#10401,#5206);
#4295=LINE('',#10403,#5207);
#4296=LINE('',#10405,#5208);
#4297=LINE('',#10407,#5209);
#4298=LINE('',#10409,#5210);
#4299=LINE('',#10412,#5211);
#4300=LINE('',#10414,#5212);
#4301=LINE('',#10416,#5213);
#4302=LINE('',#10418,#5214);
#4303=LINE('',#10421,#5215);
#4304=LINE('',#10423,#5216);
#4305=LINE('',#10425,#5217);
#4306=LINE('',#10427,#5218);
#4307=LINE('',#10430,#5219);
#4308=LINE('',#10432,#5220);
#4309=LINE('',#10434,#5221);
#4310=LINE('',#10436,#5222);
#4311=LINE('',#10439,#5223);
#4312=LINE('',#10441,#5224);
#4313=LINE('',#10443,#5225);
#4314=LINE('',#10445,#5226);
#4315=LINE('',#10448,#5227);
#4316=LINE('',#10450,#5228);
#4317=LINE('',#10452,#5229);
#4318=LINE('',#10454,#5230);
#4319=LINE('',#10457,#5231);
#4320=LINE('',#10459,#5232);
#4321=LINE('',#10461,#5233);
#4322=LINE('',#10463,#5234);
#4323=LINE('',#10465,#5235);
#4324=LINE('',#10467,#5236);
#4325=LINE('',#10469,#5237);
#4326=LINE('',#10471,#5238);
#4327=LINE('',#10473,#5239);
#4328=LINE('',#10475,#5240);
#4329=LINE('',#10477,#5241);
#4330=LINE('',#10479,#5242);
#4331=LINE('',#10481,#5243);
#4332=LINE('',#10483,#5244);
#4333=LINE('',#10485,#5245);
#4334=LINE('',#10487,#5246);
#4335=LINE('',#10489,#5247);
#4336=LINE('',#10491,#5248);
#4337=LINE('',#10493,#5249);
#4338=LINE('',#10495,#5250);
#4339=LINE('',#10497,#5251);
#4340=LINE('',#10499,#5252);
#4341=LINE('',#10501,#5253);
#4342=LINE('',#10503,#5254);
#4343=LINE('',#10505,#5255);
#4344=LINE('',#10507,#5256);
#4345=LINE('',#10509,#5257);
#4346=LINE('',#10511,#5258);
#4347=LINE('',#10513,#5259);
#4348=LINE('',#10515,#5260);
#4349=LINE('',#10517,#5261);
#4350=LINE('',#10519,#5262);
#4351=LINE('',#10521,#5263);
#4352=LINE('',#10523,#5264);
#4353=LINE('',#10525,#5265);
#4354=LINE('',#10527,#5266);
#4355=LINE('',#10529,#5267);
#4356=LINE('',#10531,#5268);
#4357=LINE('',#10533,#5269);
#4358=LINE('',#10535,#5270);
#4359=LINE('',#10536,#5271);
#4360=LINE('',#10538,#5272);
#4361=LINE('',#10539,#5273);
#4362=LINE('',#10541,#5274);
#4363=LINE('',#10542,#5275);
#4364=LINE('',#10544,#5276);
#4365=LINE('',#10545,#5277);
#4366=LINE('',#10547,#5278);
#4367=LINE('',#10548,#5279);
#4368=LINE('',#10550,#5280);
#4369=LINE('',#10551,#5281);
#4370=LINE('',#10553,#5282);
#4371=LINE('',#10556,#5283);
#4372=LINE('',#10558,#5284);
#4373=LINE('',#10560,#5285);
#4374=LINE('',#10562,#5286);
#4375=LINE('',#10564,#5287);
#4376=LINE('',#10566,#5288);
#4377=LINE('',#10567,#5289);
#4378=LINE('',#10569,#5290);
#4379=LINE('',#10571,#5291);
#4380=LINE('',#10572,#5292);
#4381=LINE('',#10574,#5293);
#4382=LINE('',#10576,#5294);
#4383=LINE('',#10577,#5295);
#4384=LINE('',#10579,#5296);
#4385=LINE('',#10581,#5297);
#4386=LINE('',#10582,#5298);
#4387=LINE('',#10584,#5299);
#4388=LINE('',#10586,#5300);
#4389=LINE('',#10587,#5301);
#4390=LINE('',#10589,#5302);
#4391=LINE('',#10591,#5303);
#4392=LINE('',#10592,#5304);
#4393=LINE('',#10594,#5305);
#4394=LINE('',#10596,#5306);
#4395=LINE('',#10598,#5307);
#4396=LINE('',#10600,#5308);
#4397=LINE('',#10601,#5309);
#4398=LINE('',#10603,#5310);
#4399=LINE('',#10605,#5311);
#4400=LINE('',#10607,#5312);
#4401=LINE('',#10609,#5313);
#4402=LINE('',#10610,#5314);
#4403=LINE('',#10612,#5315);
#4404=LINE('',#10614,#5316);
#4405=LINE('',#10615,#5317);
#4406=LINE('',#10617,#5318);
#4407=LINE('',#10619,#5319);
#4408=LINE('',#10620,#5320);
#4409=LINE('',#10622,#5321);
#4410=LINE('',#10624,#5322);
#4411=LINE('',#10625,#5323);
#4412=LINE('',#10627,#5324);
#4413=LINE('',#10629,#5325);
#4414=LINE('',#10630,#5326);
#4415=LINE('',#10632,#5327);
#4416=LINE('',#10634,#5328);
#4417=LINE('',#10636,#5329);
#4418=LINE('',#10638,#5330);
#4419=LINE('',#10640,#5331);
#4420=LINE('',#10642,#5332);
#4421=LINE('',#10644,#5333);
#4422=LINE('',#10646,#5334);
#4423=LINE('',#10648,#5335);
#4424=LINE('',#10650,#5336);
#4425=LINE('',#10652,#5337);
#4426=LINE('',#10654,#5338);
#4427=LINE('',#10656,#5339);
#4428=LINE('',#10658,#5340);
#4429=LINE('',#10660,#5341);
#4430=LINE('',#10662,#5342);
#4431=LINE('',#10664,#5343);
#4432=LINE('',#10667,#5344);
#4433=LINE('',#10668,#5345);
#4434=LINE('',#10669,#5346);
#4435=LINE('',#10670,#5347);
#4436=LINE('',#10671,#5348);
#4437=LINE('',#10672,#5349);
#4438=LINE('',#10673,#5350);
#4439=LINE('',#10674,#5351);
#4440=LINE('',#10675,#5352);
#4441=LINE('',#10676,#5353);
#4442=LINE('',#10677,#5354);
#4443=LINE('',#10678,#5355);
#4444=LINE('',#10679,#5356);
#4445=LINE('',#10680,#5357);
#4446=LINE('',#10681,#5358);
#4447=LINE('',#10682,#5359);
#4448=LINE('',#10683,#5360);
#4449=LINE('',#10684,#5361);
#4450=LINE('',#10685,#5362);
#4451=LINE('',#10686,#5363);
#4452=LINE('',#10687,#5364);
#4453=LINE('',#10688,#5365);
#4454=LINE('',#10689,#5366);
#4455=LINE('',#10690,#5367);
#4456=LINE('',#10691,#5368);
#4457=LINE('',#10692,#5369);
#4458=LINE('',#10694,#5370);
#4459=LINE('',#10696,#5371);
#4460=LINE('',#10698,#5372);
#4461=LINE('',#10700,#5373);
#4462=LINE('',#10702,#5374);
#4463=LINE('',#10704,#5375);
#4464=LINE('',#10706,#5376);
#4465=LINE('',#10708,#5377);
#4466=LINE('',#10710,#5378);
#4467=LINE('',#10712,#5379);
#4468=LINE('',#10713,#5380);
#4469=LINE('',#10715,#5381);
#4470=LINE('',#10716,#5382);
#4471=LINE('',#10718,#5383);
#4472=LINE('',#10719,#5384);
#4473=LINE('',#10725,#5385);
#4474=LINE('',#10727,#5386);
#4475=LINE('',#10731,#5387);
#4476=LINE('',#10733,#5388);
#4477=LINE('',#10737,#5389);
#4478=LINE('',#10739,#5390);
#4479=LINE('',#10743,#5391);
#4480=LINE('',#10745,#5392);
#4481=LINE('',#10749,#5393);
#4482=LINE('',#10751,#5394);
#4483=LINE('',#10755,#5395);
#4484=LINE('',#10757,#5396);
#4485=LINE('',#10761,#5397);
#4486=LINE('',#10763,#5398);
#4487=LINE('',#10767,#5399);
#4488=LINE('',#10769,#5400);
#4489=LINE('',#10773,#5401);
#4490=LINE('',#10775,#5402);
#4491=LINE('',#10779,#5403);
#4492=LINE('',#10781,#5404);
#4493=LINE('',#10785,#5405);
#4494=LINE('',#10787,#5406);
#4495=LINE('',#10791,#5407);
#4496=LINE('',#10793,#5408);
#4497=LINE('',#10798,#5409);
#4498=LINE('',#10801,#5410);
#4499=LINE('',#10803,#5411);
#4500=LINE('',#10805,#5412);
#4501=LINE('',#10807,#5413);
#4502=LINE('',#10810,#5414);
#4503=LINE('',#10812,#5415);
#4504=LINE('',#10814,#5416);
#4505=LINE('',#10816,#5417);
#4506=LINE('',#10819,#5418);
#4507=LINE('',#10821,#5419);
#4508=LINE('',#10823,#5420);
#4509=LINE('',#10825,#5421);
#4510=LINE('',#10828,#5422);
#4511=LINE('',#10830,#5423);
#4512=LINE('',#10832,#5424);
#4513=LINE('',#10834,#5425);
#4514=LINE('',#10837,#5426);
#4515=LINE('',#10839,#5427);
#4516=LINE('',#10841,#5428);
#4517=LINE('',#10843,#5429);
#4518=LINE('',#10846,#5430);
#4519=LINE('',#10848,#5431);
#4520=LINE('',#10850,#5432);
#4521=LINE('',#10856,#5433);
#4522=LINE('',#10860,#5434);
#4523=LINE('',#10866,#5435);
#4524=LINE('',#10872,#5436);
#4525=LINE('',#10878,#5437);
#4526=LINE('',#10884,#5438);
#4527=LINE('',#10888,#5439);
#4528=LINE('',#10890,#5440);
#4529=LINE('',#10892,#5441);
#4530=LINE('',#10894,#5442);
#4531=LINE('',#10896,#5443);
#4532=LINE('',#10898,#5444);
#4533=LINE('',#10900,#5445);
#4534=LINE('',#10902,#5446);
#4535=LINE('',#10904,#5447);
#4536=LINE('',#10906,#5448);
#4537=LINE('',#10908,#5449);
#4538=LINE('',#10910,#5450);
#4539=LINE('',#10912,#5451);
#4540=LINE('',#10914,#5452);
#4541=LINE('',#10916,#5453);
#4542=LINE('',#10918,#5454);
#4543=LINE('',#10920,#5455);
#4544=LINE('',#10922,#5456);
#4545=LINE('',#10924,#5457);
#4546=LINE('',#10932,#5458);
#4547=LINE('',#10938,#5459);
#4548=LINE('',#10944,#5460);
#4549=LINE('',#10950,#5461);
#4550=LINE('',#10956,#5462);
#4551=LINE('',#10960,#5463);
#4552=LINE('',#10962,#5464);
#4553=LINE('',#10964,#5465);
#4554=LINE('',#10966,#5466);
#4555=LINE('',#10968,#5467);
#4556=LINE('',#10970,#5468);
#4557=LINE('',#10972,#5469);
#4558=LINE('',#10974,#5470);
#4559=LINE('',#10976,#5471);
#4560=LINE('',#10978,#5472);
#4561=LINE('',#10980,#5473);
#4562=LINE('',#10982,#5474);
#4563=LINE('',#10984,#5475);
#4564=LINE('',#10986,#5476);
#4565=LINE('',#10988,#5477);
#4566=LINE('',#10990,#5478);
#4567=LINE('',#10992,#5479);
#4568=LINE('',#10994,#5480);
#4569=LINE('',#10996,#5481);
#4570=LINE('',#10998,#5482);
#4571=LINE('',#11000,#5483);
#4572=LINE('',#11002,#5484);
#4573=LINE('',#11004,#5485);
#4574=LINE('',#11006,#5486);
#4575=LINE('',#11008,#5487);
#4576=LINE('',#11010,#5488);
#4577=LINE('',#11012,#5489);
#4578=LINE('',#11014,#5490);
#4579=LINE('',#11016,#5491);
#4580=LINE('',#11018,#5492);
#4581=LINE('',#11020,#5493);
#4582=LINE('',#11022,#5494);
#4583=LINE('',#11024,#5495);
#4584=LINE('',#11026,#5496);
#4585=LINE('',#11028,#5497);
#4586=LINE('',#11030,#5498);
#4587=LINE('',#11032,#5499);
#4588=LINE('',#11034,#5500);
#4589=LINE('',#11036,#5501);
#4590=LINE('',#11038,#5502);
#4591=LINE('',#11040,#5503);
#4592=LINE('',#11042,#5504);
#4593=LINE('',#11044,#5505);
#4594=LINE('',#11046,#5506);
#4595=LINE('',#11048,#5507);
#4596=LINE('',#11050,#5508);
#4597=LINE('',#11052,#5509);
#4598=LINE('',#11054,#5510);
#4599=LINE('',#11056,#5511);
#4600=LINE('',#11058,#5512);
#4601=LINE('',#11060,#5513);
#4602=LINE('',#11062,#5514);
#4603=LINE('',#11064,#5515);
#4604=LINE('',#11066,#5516);
#4605=LINE('',#11072,#5517);
#4606=LINE('',#11076,#5518);
#4607=LINE('',#11082,#5519);
#4608=LINE('',#11088,#5520);
#4609=LINE('',#11094,#5521);
#4610=LINE('',#11100,#5522);
#4611=LINE('',#11104,#5523);
#4612=LINE('',#11106,#5524);
#4613=LINE('',#11108,#5525);
#4614=LINE('',#11110,#5526);
#4615=LINE('',#11112,#5527);
#4616=LINE('',#11114,#5528);
#4617=LINE('',#11116,#5529);
#4618=LINE('',#11118,#5530);
#4619=LINE('',#11120,#5531);
#4620=LINE('',#11122,#5532);
#4621=LINE('',#11124,#5533);
#4622=LINE('',#11126,#5534);
#4623=LINE('',#11128,#5535);
#4624=LINE('',#11130,#5536);
#4625=LINE('',#11132,#5537);
#4626=LINE('',#11134,#5538);
#4627=LINE('',#11136,#5539);
#4628=LINE('',#11138,#5540);
#4629=LINE('',#11140,#5541);
#4630=LINE('',#11148,#5542);
#4631=LINE('',#11154,#5543);
#4632=LINE('',#11160,#5544);
#4633=LINE('',#11166,#5545);
#4634=LINE('',#11172,#5546);
#4635=LINE('',#11176,#5547);
#4636=LINE('',#11178,#5548);
#4637=LINE('',#11180,#5549);
#4638=LINE('',#11182,#5550);
#4639=LINE('',#11184,#5551);
#4640=LINE('',#11186,#5552);
#4641=LINE('',#11188,#5553);
#4642=LINE('',#11190,#5554);
#4643=LINE('',#11192,#5555);
#4644=LINE('',#11194,#5556);
#4645=LINE('',#11196,#5557);
#4646=LINE('',#11198,#5558);
#4647=LINE('',#11200,#5559);
#4648=LINE('',#11202,#5560);
#4649=LINE('',#11204,#5561);
#4650=LINE('',#11206,#5562);
#4651=LINE('',#11208,#5563);
#4652=LINE('',#11210,#5564);
#4653=LINE('',#11212,#5565);
#4654=LINE('',#11215,#5566);
#4655=LINE('',#11217,#5567);
#4656=LINE('',#11219,#5568);
#4657=LINE('',#11221,#5569);
#4658=LINE('',#11224,#5570);
#4659=LINE('',#11226,#5571);
#4660=LINE('',#11228,#5572);
#4661=LINE('',#11230,#5573);
#4662=LINE('',#11233,#5574);
#4663=LINE('',#11235,#5575);
#4664=LINE('',#11237,#5576);
#4665=LINE('',#11239,#5577);
#4666=LINE('',#11242,#5578);
#4667=LINE('',#11244,#5579);
#4668=LINE('',#11246,#5580);
#4669=LINE('',#11248,#5581);
#4670=LINE('',#11251,#5582);
#4671=LINE('',#11253,#5583);
#4672=LINE('',#11255,#5584);
#4673=LINE('',#11257,#5585);
#4674=LINE('',#11260,#5586);
#4675=LINE('',#11262,#5587);
#4676=LINE('',#11264,#5588);
#4677=LINE('',#11270,#5589);
#4678=LINE('',#11274,#5590);
#4679=LINE('',#11280,#5591);
#4680=LINE('',#11286,#5592);
#4681=LINE('',#11292,#5593);
#4682=LINE('',#11298,#5594);
#4683=LINE('',#11302,#5595);
#4684=LINE('',#11310,#5596);
#4685=LINE('',#11316,#5597);
#4686=LINE('',#11322,#5598);
#4687=LINE('',#11328,#5599);
#4688=LINE('',#11334,#5600);
#4689=LINE('',#11338,#5601);
#4690=LINE('',#11340,#5602);
#4691=LINE('',#11342,#5603);
#4692=LINE('',#11344,#5604);
#4693=LINE('',#11346,#5605);
#4694=LINE('',#11348,#5606);
#4695=LINE('',#11350,#5607);
#4696=LINE('',#11352,#5608);
#4697=LINE('',#11354,#5609);
#4698=LINE('',#11356,#5610);
#4699=LINE('',#11358,#5611);
#4700=LINE('',#11360,#5612);
#4701=LINE('',#11362,#5613);
#4702=LINE('',#11364,#5614);
#4703=LINE('',#11366,#5615);
#4704=LINE('',#11368,#5616);
#4705=LINE('',#11370,#5617);
#4706=LINE('',#11372,#5618);
#4707=LINE('',#11374,#5619);
#4708=LINE('',#11376,#5620);
#4709=LINE('',#11378,#5621);
#4710=LINE('',#11380,#5622);
#4711=LINE('',#11382,#5623);
#4712=LINE('',#11384,#5624);
#4713=LINE('',#11386,#5625);
#4714=LINE('',#11388,#5626);
#4715=LINE('',#11390,#5627);
#4716=LINE('',#11392,#5628);
#4717=LINE('',#11394,#5629);
#4718=LINE('',#11396,#5630);
#4719=LINE('',#11398,#5631);
#4720=LINE('',#11400,#5632);
#4721=LINE('',#11402,#5633);
#4722=LINE('',#11404,#5634);
#4723=LINE('',#11406,#5635);
#4724=LINE('',#11408,#5636);
#4725=LINE('',#11410,#5637);
#4726=LINE('',#11412,#5638);
#4727=LINE('',#11414,#5639);
#4728=LINE('',#11416,#5640);
#4729=LINE('',#11418,#5641);
#4730=LINE('',#11420,#5642);
#4731=LINE('',#11422,#5643);
#4732=LINE('',#11424,#5644);
#4733=LINE('',#11426,#5645);
#4734=LINE('',#11428,#5646);
#4735=LINE('',#11430,#5647);
#4736=LINE('',#11432,#5648);
#4737=LINE('',#11434,#5649);
#4738=LINE('',#11436,#5650);
#4739=LINE('',#11438,#5651);
#4740=LINE('',#11440,#5652);
#4741=LINE('',#11442,#5653);
#4742=LINE('',#11444,#5654);
#4743=LINE('',#11450,#5655);
#4744=LINE('',#11454,#5656);
#4745=LINE('',#11460,#5657);
#4746=LINE('',#11466,#5658);
#4747=LINE('',#11472,#5659);
#4748=LINE('',#11478,#5660);
#4749=LINE('',#11482,#5661);
#4750=LINE('',#11490,#5662);
#4751=LINE('',#11496,#5663);
#4752=LINE('',#11502,#5664);
#4753=LINE('',#11508,#5665);
#4754=LINE('',#11514,#5666);
#4755=LINE('',#11518,#5667);
#4756=LINE('',#11520,#5668);
#4757=LINE('',#11522,#5669);
#4758=LINE('',#11524,#5670);
#4759=LINE('',#11526,#5671);
#4760=LINE('',#11528,#5672);
#4761=LINE('',#11530,#5673);
#4762=LINE('',#11532,#5674);
#4763=LINE('',#11534,#5675);
#4764=LINE('',#11536,#5676);
#4765=LINE('',#11538,#5677);
#4766=LINE('',#11540,#5678);
#4767=LINE('',#11542,#5679);
#4768=LINE('',#11544,#5680);
#4769=LINE('',#11546,#5681);
#4770=LINE('',#11548,#5682);
#4771=LINE('',#11550,#5683);
#4772=LINE('',#11552,#5684);
#4773=LINE('',#11554,#5685);
#4774=LINE('',#11556,#5686);
#4775=LINE('',#11558,#5687);
#4776=LINE('',#11559,#5688);
#4777=LINE('',#11561,#5689);
#4778=LINE('',#11563,#5690);
#4779=LINE('',#11564,#5691);
#4780=LINE('',#11566,#5692);
#4781=LINE('',#11568,#5693);
#4782=LINE('',#11569,#5694);
#4783=LINE('',#11571,#5695);
#4784=LINE('',#11573,#5696);
#4785=LINE('',#11574,#5697);
#4786=LINE('',#11576,#5698);
#4787=LINE('',#11578,#5699);
#4788=LINE('',#11579,#5700);
#4789=LINE('',#11581,#5701);
#4790=LINE('',#11583,#5702);
#4791=LINE('',#11585,#5703);
#4792=LINE('',#11587,#5704);
#4793=LINE('',#11589,#5705);
#4794=LINE('',#11591,#5706);
#4795=LINE('',#11593,#5707);
#4796=LINE('',#11595,#5708);
#4797=LINE('',#11597,#5709);
#4798=LINE('',#11601,#5710);
#4799=LINE('',#11605,#5711);
#4800=LINE('',#11607,#5712);
#4801=LINE('',#11609,#5713);
#4802=LINE('',#11613,#5714);
#4803=LINE('',#11617,#5715);
#4804=LINE('',#11619,#5716);
#4805=LINE('',#11621,#5717);
#4806=LINE('',#11623,#5718);
#4807=LINE('',#11625,#5719);
#4808=LINE('',#11627,#5720);
#4809=LINE('',#11629,#5721);
#4810=LINE('',#11631,#5722);
#4811=LINE('',#11633,#5723);
#4812=LINE('',#11637,#5724);
#4813=LINE('',#11641,#5725);
#4814=LINE('',#11643,#5726);
#4815=LINE('',#11645,#5727);
#4816=LINE('',#11649,#5728);
#4817=LINE('',#11653,#5729);
#4818=LINE('',#11655,#5730);
#4819=LINE('',#11657,#5731);
#4820=LINE('',#11659,#5732);
#4821=LINE('',#11660,#5733);
#4822=LINE('',#11661,#5734);
#4823=LINE('',#11662,#5735);
#4824=LINE('',#11663,#5736);
#4825=LINE('',#11664,#5737);
#4826=LINE('',#11665,#5738);
#4827=LINE('',#11666,#5739);
#4828=LINE('',#11667,#5740);
#4829=LINE('',#11668,#5741);
#4830=LINE('',#11669,#5742);
#4831=LINE('',#11670,#5743);
#4832=LINE('',#11671,#5744);
#4833=LINE('',#11672,#5745);
#4834=LINE('',#11674,#5746);
#4835=LINE('',#11676,#5747);
#4836=LINE('',#11677,#5748);
#4837=LINE('',#11679,#5749);
#4838=LINE('',#11681,#5750);
#4839=LINE('',#11682,#5751);
#4840=LINE('',#11684,#5752);
#4841=LINE('',#11686,#5753);
#4842=LINE('',#11687,#5754);
#4843=LINE('',#11689,#5755);
#4844=LINE('',#11691,#5756);
#4845=LINE('',#11692,#5757);
#4846=LINE('',#11694,#5758);
#4847=LINE('',#11696,#5759);
#4848=LINE('',#11697,#5760);
#4849=LINE('',#11699,#5761);
#4850=LINE('',#11701,#5762);
#4851=LINE('',#11703,#5763);
#4852=LINE('',#11705,#5764);
#4853=LINE('',#11707,#5765);
#4854=LINE('',#11709,#5766);
#4855=LINE('',#11711,#5767);
#4856=LINE('',#11715,#5768);
#4857=LINE('',#11721,#5769);
#4858=LINE('',#11725,#5770);
#4859=LINE('',#11727,#5771);
#4860=LINE('',#11729,#5772);
#4861=LINE('',#11731,#5773);
#4862=LINE('',#11733,#5774);
#4863=LINE('',#11735,#5775);
#4864=LINE('',#11737,#5776);
#4865=LINE('',#11739,#5777);
#4866=LINE('',#11741,#5778);
#4867=LINE('',#11745,#5779);
#4868=LINE('',#11751,#5780);
#4869=LINE('',#11755,#5781);
#4870=LINE('',#11757,#5782);
#4871=LINE('',#11759,#5783);
#4872=LINE('',#11761,#5784);
#4873=LINE('',#11762,#5785);
#4874=LINE('',#11763,#5786);
#4875=LINE('',#11764,#5787);
#4876=LINE('',#11765,#5788);
#4877=LINE('',#11766,#5789);
#4878=LINE('',#11767,#5790);
#4879=LINE('',#11768,#5791);
#4880=LINE('',#11769,#5792);
#4881=LINE('',#11770,#5793);
#4882=LINE('',#11771,#5794);
#4883=LINE('',#11772,#5795);
#4884=LINE('',#11773,#5796);
#4885=LINE('',#11774,#5797);
#4886=VECTOR('',#7830,39.3700787401575);
#4887=VECTOR('',#7831,39.3700787401575);
#4888=VECTOR('',#7832,39.3700787401575);
#4889=VECTOR('',#7833,39.3700787401575);
#4890=VECTOR('',#7836,39.3700787401575);
#4891=VECTOR('',#7837,39.3700787401575);
#4892=VECTOR('',#7838,39.3700787401575);
#4893=VECTOR('',#7839,39.3700787401575);
#4894=VECTOR('',#7842,39.3700787401575);
#4895=VECTOR('',#7843,39.3700787401575);
#4896=VECTOR('',#7844,39.3700787401575);
#4897=VECTOR('',#7845,39.3700787401575);
#4898=VECTOR('',#7846,39.3700787401575);
#4899=VECTOR('',#7847,39.3700787401575);
#4900=VECTOR('',#7848,39.3700787401575);
#4901=VECTOR('',#7849,39.3700787401575);
#4902=VECTOR('',#7850,39.3700787401575);
#4903=VECTOR('',#7851,39.3700787401575);
#4904=VECTOR('',#7854,39.3700787401575);
#4905=VECTOR('',#7855,39.3700787401575);
#4906=VECTOR('',#7856,39.3700787401575);
#4907=VECTOR('',#7859,39.3700787401575);
#4908=VECTOR('',#7860,39.3700787401575);
#4909=VECTOR('',#7861,39.3700787401575);
#4910=VECTOR('',#7862,39.3700787401575);
#4911=VECTOR('',#7863,39.3700787401575);
#4912=VECTOR('',#7864,39.3700787401575);
#4913=VECTOR('',#7865,39.3700787401575);
#4914=VECTOR('',#7866,39.3700787401575);
#4915=VECTOR('',#7867,39.3700787401575);
#4916=VECTOR('',#7870,39.3700787401575);
#4917=VECTOR('',#7871,39.3700787401575);
#4918=VECTOR('',#7872,39.3700787401575);
#4919=VECTOR('',#7873,39.3700787401575);
#4920=VECTOR('',#7876,39.3700787401575);
#4921=VECTOR('',#7877,39.3700787401575);
#4922=VECTOR('',#7878,39.3700787401575);
#4923=VECTOR('',#7881,39.3700787401575);
#4924=VECTOR('',#7882,39.3700787401575);
#4925=VECTOR('',#7883,39.3700787401575);
#4926=VECTOR('',#7886,39.3700787401575);
#4927=VECTOR('',#7887,39.3700787401575);
#4928=VECTOR('',#7888,39.3700787401575);
#4929=VECTOR('',#7889,39.3700787401575);
#4930=VECTOR('',#7892,39.3700787401575);
#4931=VECTOR('',#7893,39.3700787401575);
#4932=VECTOR('',#7894,39.3700787401575);
#4933=VECTOR('',#7897,39.3700787401575);
#4934=VECTOR('',#7898,39.3700787401575);
#4935=VECTOR('',#7899,39.3700787401575);
#4936=VECTOR('',#7902,39.3700787401575);
#4937=VECTOR('',#7903,39.3700787401575);
#4938=VECTOR('',#7904,39.3700787401575);
#4939=VECTOR('',#7905,39.3700787401575);
#4940=VECTOR('',#7908,39.3700787401575);
#4941=VECTOR('',#7909,39.3700787401575);
#4942=VECTOR('',#7910,39.3700787401575);
#4943=VECTOR('',#7913,39.3700787401575);
#4944=VECTOR('',#7914,39.3700787401575);
#4945=VECTOR('',#7915,39.3700787401575);
#4946=VECTOR('',#7918,39.3700787401575);
#4947=VECTOR('',#7919,39.3700787401575);
#4948=VECTOR('',#7920,39.3700787401575);
#4949=VECTOR('',#7921,39.3700787401575);
#4950=VECTOR('',#7924,39.3700787401575);
#4951=VECTOR('',#7925,39.3700787401575);
#4952=VECTOR('',#7926,39.3700787401575);
#4953=VECTOR('',#7929,39.3700787401575);
#4954=VECTOR('',#7930,39.3700787401575);
#4955=VECTOR('',#7931,39.3700787401575);
#4956=VECTOR('',#7934,39.3700787401575);
#4957=VECTOR('',#7935,39.3700787401575);
#4958=VECTOR('',#7936,39.3700787401575);
#4959=VECTOR('',#7937,39.3700787401575);
#4960=VECTOR('',#7940,39.3700787401575);
#4961=VECTOR('',#7941,39.3700787401575);
#4962=VECTOR('',#7942,39.3700787401575);
#4963=VECTOR('',#7945,39.3700787401575);
#4964=VECTOR('',#7946,39.3700787401575);
#4965=VECTOR('',#7947,39.3700787401575);
#4966=VECTOR('',#7950,39.3700787401575);
#4967=VECTOR('',#7951,39.3700787401575);
#4968=VECTOR('',#7952,39.3700787401575);
#4969=VECTOR('',#7953,39.3700787401575);
#4970=VECTOR('',#7956,39.3700787401575);
#4971=VECTOR('',#7957,39.3700787401575);
#4972=VECTOR('',#7958,39.3700787401575);
#4973=VECTOR('',#7961,39.3700787401575);
#4974=VECTOR('',#7962,39.3700787401575);
#4975=VECTOR('',#7963,39.3700787401575);
#4976=VECTOR('',#7966,39.3700787401575);
#4977=VECTOR('',#7967,39.3700787401575);
#4978=VECTOR('',#7968,39.3700787401575);
#4979=VECTOR('',#7969,39.3700787401575);
#4980=VECTOR('',#7972,39.3700787401575);
#4981=VECTOR('',#7973,39.3700787401575);
#4982=VECTOR('',#7974,39.3700787401575);
#4983=VECTOR('',#7977,39.3700787401575);
#4984=VECTOR('',#7978,39.3700787401575);
#4985=VECTOR('',#7979,39.3700787401575);
#4986=VECTOR('',#7982,39.3700787401575);
#4987=VECTOR('',#7983,39.3700787401575);
#4988=VECTOR('',#7984,39.3700787401575);
#4989=VECTOR('',#7985,39.3700787401575);
#4990=VECTOR('',#7988,39.3700787401575);
#4991=VECTOR('',#7989,39.3700787401575);
#4992=VECTOR('',#7990,39.3700787401575);
#4993=VECTOR('',#7993,39.3700787401575);
#4994=VECTOR('',#7994,39.3700787401575);
#4995=VECTOR('',#7995,39.3700787401575);
#4996=VECTOR('',#7998,39.3700787401575);
#4997=VECTOR('',#7999,39.3700787401575);
#4998=VECTOR('',#8000,39.3700787401575);
#4999=VECTOR('',#8001,39.3700787401575);
#5000=VECTOR('',#8004,39.3700787401575);
#5001=VECTOR('',#8005,39.3700787401575);
#5002=VECTOR('',#8006,39.3700787401575);
#5003=VECTOR('',#8009,39.3700787401575);
#5004=VECTOR('',#8010,39.3700787401575);
#5005=VECTOR('',#8011,39.3700787401575);
#5006=VECTOR('',#8014,39.3700787401575);
#5007=VECTOR('',#8015,39.3700787401575);
#5008=VECTOR('',#8016,39.3700787401575);
#5009=VECTOR('',#8017,39.3700787401575);
#5010=VECTOR('',#8020,39.3700787401575);
#5011=VECTOR('',#8021,39.3700787401575);
#5012=VECTOR('',#8022,39.3700787401575);
#5013=VECTOR('',#8025,39.3700787401575);
#5014=VECTOR('',#8026,39.3700787401575);
#5015=VECTOR('',#8027,39.3700787401575);
#5016=VECTOR('',#8030,39.3700787401575);
#5017=VECTOR('',#8031,39.3700787401575);
#5018=VECTOR('',#8032,39.3700787401575);
#5019=VECTOR('',#8033,39.3700787401575);
#5020=VECTOR('',#8036,39.3700787401575);
#5021=VECTOR('',#8037,39.3700787401575);
#5022=VECTOR('',#8038,39.3700787401575);
#5023=VECTOR('',#8041,39.3700787401575);
#5024=VECTOR('',#8042,39.3700787401575);
#5025=VECTOR('',#8043,39.3700787401575);
#5026=VECTOR('',#8046,39.3700787401575);
#5027=VECTOR('',#8047,39.3700787401575);
#5028=VECTOR('',#8048,39.3700787401575);
#5029=VECTOR('',#8049,39.3700787401575);
#5030=VECTOR('',#8052,39.3700787401575);
#5031=VECTOR('',#8053,39.3700787401575);
#5032=VECTOR('',#8054,39.3700787401575);
#5033=VECTOR('',#8057,39.3700787401575);
#5034=VECTOR('',#8058,39.3700787401575);
#5035=VECTOR('',#8059,39.3700787401575);
#5036=VECTOR('',#8062,39.3700787401575);
#5037=VECTOR('',#8063,39.3700787401575);
#5038=VECTOR('',#8064,39.3700787401575);
#5039=VECTOR('',#8065,39.3700787401575);
#5040=VECTOR('',#8068,39.3700787401575);
#5041=VECTOR('',#8069,39.3700787401575);
#5042=VECTOR('',#8070,39.3700787401575);
#5043=VECTOR('',#8073,39.3700787401575);
#5044=VECTOR('',#8074,39.3700787401575);
#5045=VECTOR('',#8075,39.3700787401575);
#5046=VECTOR('',#8078,39.3700787401575);
#5047=VECTOR('',#8079,39.3700787401575);
#5048=VECTOR('',#8080,39.3700787401575);
#5049=VECTOR('',#8081,39.3700787401575);
#5050=VECTOR('',#8084,39.3700787401575);
#5051=VECTOR('',#8085,39.3700787401575);
#5052=VECTOR('',#8086,39.3700787401575);
#5053=VECTOR('',#8089,39.3700787401575);
#5054=VECTOR('',#8090,39.3700787401575);
#5055=VECTOR('',#8091,39.3700787401575);
#5056=VECTOR('',#8094,39.3700787401575);
#5057=VECTOR('',#8095,39.3700787401575);
#5058=VECTOR('',#8098,39.3700787401575);
#5059=VECTOR('',#8099,39.3700787401575);
#5060=VECTOR('',#8102,39.3700787401575);
#5061=VECTOR('',#8103,39.3700787401575);
#5062=VECTOR('',#8106,39.3700787401575);
#5063=VECTOR('',#8107,39.3700787401575);
#5064=VECTOR('',#8110,39.3700787401575);
#5065=VECTOR('',#8111,39.3700787401575);
#5066=VECTOR('',#8114,39.3700787401575);
#5067=VECTOR('',#8115,39.3700787401575);
#5068=VECTOR('',#8118,39.3700787401575);
#5069=VECTOR('',#8119,39.3700787401575);
#5070=VECTOR('',#8122,39.3700787401575);
#5071=VECTOR('',#8123,39.3700787401575);
#5072=VECTOR('',#8126,39.3700787401575);
#5073=VECTOR('',#8127,39.3700787401575);
#5074=VECTOR('',#8130,39.3700787401575);
#5075=VECTOR('',#8131,39.3700787401575);
#5076=VECTOR('',#8134,39.3700787401575);
#5077=VECTOR('',#8135,39.3700787401575);
#5078=VECTOR('',#8138,39.3700787401575);
#5079=VECTOR('',#8139,39.3700787401575);
#5080=VECTOR('',#8142,39.3700787401575);
#5081=VECTOR('',#8143,39.3700787401575);
#5082=VECTOR('',#8146,39.3700787401575);
#5083=VECTOR('',#8147,39.3700787401575);
#5084=VECTOR('',#8150,39.3700787401575);
#5085=VECTOR('',#8151,39.3700787401575);
#5086=VECTOR('',#8162,39.3700787401575);
#5087=VECTOR('',#8163,39.3700787401575);
#5088=VECTOR('',#8170,39.3700787401575);
#5089=VECTOR('',#8173,39.3700787401575);
#5090=VECTOR('',#8200,39.3700787401575);
#5091=VECTOR('',#8201,39.3700787401575);
#5092=VECTOR('',#8202,39.3700787401575);
#5093=VECTOR('',#8203,39.3700787401575);
#5094=VECTOR('',#8206,39.3700787401575);
#5095=VECTOR('',#8207,39.3700787401575);
#5096=VECTOR('',#8208,39.3700787401575);
#5097=VECTOR('',#8209,39.3700787401575);
#5098=VECTOR('',#8212,39.3700787401575);
#5099=VECTOR('',#8213,39.3700787401575);
#5100=VECTOR('',#8214,39.3700787401575);
#5101=VECTOR('',#8215,39.3700787401575);
#5102=VECTOR('',#8218,39.3700787401575);
#5103=VECTOR('',#8219,39.3700787401575);
#5104=VECTOR('',#8220,39.3700787401575);
#5105=VECTOR('',#8221,39.3700787401575);
#5106=VECTOR('',#8224,39.3700787401575);
#5107=VECTOR('',#8225,39.3700787401575);
#5108=VECTOR('',#8226,39.3700787401575);
#5109=VECTOR('',#8227,39.3700787401575);
#5110=VECTOR('',#8230,39.3700787401575);
#5111=VECTOR('',#8231,39.3700787401575);
#5112=VECTOR('',#8232,39.3700787401575);
#5113=VECTOR('',#8233,39.3700787401575);
#5114=VECTOR('',#8236,39.3700787401575);
#5115=VECTOR('',#8237,39.3700787401575);
#5116=VECTOR('',#8238,39.3700787401575);
#5117=VECTOR('',#8239,39.3700787401575);
#5118=VECTOR('',#8242,39.3700787401575);
#5119=VECTOR('',#8243,39.3700787401575);
#5120=VECTOR('',#8244,39.3700787401575);
#5121=VECTOR('',#8245,39.3700787401575);
#5122=VECTOR('',#8248,39.3700787401575);
#5123=VECTOR('',#8249,39.3700787401575);
#5124=VECTOR('',#8250,39.3700787401575);
#5125=VECTOR('',#8251,39.3700787401575);
#5126=VECTOR('',#8254,39.3700787401575);
#5127=VECTOR('',#8255,39.3700787401575);
#5128=VECTOR('',#8256,39.3700787401575);
#5129=VECTOR('',#8257,39.3700787401575);
#5130=VECTOR('',#8260,39.3700787401575);
#5131=VECTOR('',#8261,39.3700787401575);
#5132=VECTOR('',#8262,39.3700787401575);
#5133=VECTOR('',#8263,39.3700787401575);
#5134=VECTOR('',#8266,39.3700787401575);
#5135=VECTOR('',#8267,39.3700787401575);
#5136=VECTOR('',#8268,39.3700787401575);
#5137=VECTOR('',#8269,39.3700787401575);
#5138=VECTOR('',#8272,39.3700787401575);
#5139=VECTOR('',#8273,39.3700787401575);
#5140=VECTOR('',#8274,39.3700787401575);
#5141=VECTOR('',#8277,39.3700787401575);
#5142=VECTOR('',#8278,39.3700787401575);
#5143=VECTOR('',#8279,39.3700787401575);
#5144=VECTOR('',#8282,39.3700787401575);
#5145=VECTOR('',#8283,39.3700787401575);
#5146=VECTOR('',#8284,39.3700787401575);
#5147=VECTOR('',#8287,39.3700787401575);
#5148=VECTOR('',#8288,39.3700787401575);
#5149=VECTOR('',#8289,39.3700787401575);
#5150=VECTOR('',#8292,39.3700787401575);
#5151=VECTOR('',#8293,39.3700787401575);
#5152=VECTOR('',#8294,39.3700787401575);
#5153=VECTOR('',#8297,39.3700787401575);
#5154=VECTOR('',#8298,39.3700787401575);
#5155=VECTOR('',#8299,39.3700787401575);
#5156=VECTOR('',#8302,39.3700787401575);
#5157=VECTOR('',#8303,39.3700787401575);
#5158=VECTOR('',#8304,39.3700787401575);
#5159=VECTOR('',#8307,39.3700787401575);
#5160=VECTOR('',#8308,39.3700787401575);
#5161=VECTOR('',#8309,39.3700787401575);
#5162=VECTOR('',#8312,39.3700787401575);
#5163=VECTOR('',#8313,39.3700787401575);
#5164=VECTOR('',#8314,39.3700787401575);
#5165=VECTOR('',#8317,39.3700787401575);
#5166=VECTOR('',#8318,39.3700787401575);
#5167=VECTOR('',#8319,39.3700787401575);
#5168=VECTOR('',#8322,39.3700787401575);
#5169=VECTOR('',#8323,39.3700787401575);
#5170=VECTOR('',#8324,39.3700787401575);
#5171=VECTOR('',#8327,39.3700787401575);
#5172=VECTOR('',#8328,39.3700787401575);
#5173=VECTOR('',#8329,39.3700787401575);
#5174=VECTOR('',#8332,39.3700787401575);
#5175=VECTOR('',#8333,39.3700787401575);
#5176=VECTOR('',#8334,39.3700787401575);
#5177=VECTOR('',#8337,39.3700787401575);
#5178=VECTOR('',#8338,39.3700787401575);
#5179=VECTOR('',#8339,39.3700787401575);
#5180=VECTOR('',#8342,39.3700787401575);
#5181=VECTOR('',#8343,39.3700787401575);
#5182=VECTOR('',#8344,39.3700787401575);
#5183=VECTOR('',#8347,39.3700787401575);
#5184=VECTOR('',#8348,39.3700787401575);
#5185=VECTOR('',#8349,39.3700787401575);
#5186=VECTOR('',#8352,39.3700787401575);
#5187=VECTOR('',#8353,39.3700787401575);
#5188=VECTOR('',#8354,39.3700787401575);
#5189=VECTOR('',#8357,39.3700787401575);
#5190=VECTOR('',#8358,39.3700787401575);
#5191=VECTOR('',#8359,39.3700787401575);
#5192=VECTOR('',#8362,39.3700787401575);
#5193=VECTOR('',#8363,39.3700787401575);
#5194=VECTOR('',#8364,39.3700787401575);
#5195=VECTOR('',#8367,39.3700787401575);
#5196=VECTOR('',#8368,39.3700787401575);
#5197=VECTOR('',#8369,39.3700787401575);
#5198=VECTOR('',#8372,39.3700787401575);
#5199=VECTOR('',#8373,39.3700787401575);
#5200=VECTOR('',#8374,39.3700787401575);
#5201=VECTOR('',#8377,39.3700787401575);
#5202=VECTOR('',#8378,39.3700787401575);
#5203=VECTOR('',#8379,39.3700787401575);
#5204=VECTOR('',#8382,39.3700787401575);
#5205=VECTOR('',#8383,39.3700787401575);
#5206=VECTOR('',#8384,39.3700787401575);
#5207=VECTOR('',#8387,39.3700787401575);
#5208=VECTOR('',#8388,39.3700787401575);
#5209=VECTOR('',#8389,39.3700787401575);
#5210=VECTOR('',#8392,39.3700787401575);
#5211=VECTOR('',#8393,39.3700787401575);
#5212=VECTOR('',#8394,39.3700787401575);
#5213=VECTOR('',#8395,39.3700787401575);
#5214=VECTOR('',#8398,39.3700787401575);
#5215=VECTOR('',#8399,39.3700787401575);
#5216=VECTOR('',#8400,39.3700787401575);
#5217=VECTOR('',#8401,39.3700787401575);
#5218=VECTOR('',#8404,39.3700787401575);
#5219=VECTOR('',#8405,39.3700787401575);
#5220=VECTOR('',#8406,39.3700787401575);
#5221=VECTOR('',#8407,39.3700787401575);
#5222=VECTOR('',#8410,39.3700787401575);
#5223=VECTOR('',#8411,39.3700787401575);
#5224=VECTOR('',#8412,39.3700787401575);
#5225=VECTOR('',#8413,39.3700787401575);
#5226=VECTOR('',#8416,39.3700787401575);
#5227=VECTOR('',#8417,39.3700787401575);
#5228=VECTOR('',#8418,39.3700787401575);
#5229=VECTOR('',#8419,39.3700787401575);
#5230=VECTOR('',#8422,39.3700787401575);
#5231=VECTOR('',#8423,39.3700787401575);
#5232=VECTOR('',#8424,39.3700787401575);
#5233=VECTOR('',#8425,39.3700787401575);
#5234=VECTOR('',#8428,39.3700787401575);
#5235=VECTOR('',#8429,39.3700787401575);
#5236=VECTOR('',#8430,39.3700787401575);
#5237=VECTOR('',#8433,39.3700787401575);
#5238=VECTOR('',#8434,39.3700787401575);
#5239=VECTOR('',#8435,39.3700787401575);
#5240=VECTOR('',#8438,39.3700787401575);
#5241=VECTOR('',#8439,39.3700787401575);
#5242=VECTOR('',#8440,39.3700787401575);
#5243=VECTOR('',#8443,39.3700787401575);
#5244=VECTOR('',#8444,39.3700787401575);
#5245=VECTOR('',#8445,39.3700787401575);
#5246=VECTOR('',#8448,39.3700787401575);
#5247=VECTOR('',#8449,39.3700787401575);
#5248=VECTOR('',#8450,39.3700787401575);
#5249=VECTOR('',#8453,39.3700787401575);
#5250=VECTOR('',#8454,39.3700787401575);
#5251=VECTOR('',#8455,39.3700787401575);
#5252=VECTOR('',#8458,39.3700787401575);
#5253=VECTOR('',#8459,39.3700787401575);
#5254=VECTOR('',#8460,39.3700787401575);
#5255=VECTOR('',#8463,39.3700787401575);
#5256=VECTOR('',#8464,39.3700787401575);
#5257=VECTOR('',#8465,39.3700787401575);
#5258=VECTOR('',#8468,39.3700787401575);
#5259=VECTOR('',#8469,39.3700787401575);
#5260=VECTOR('',#8470,39.3700787401575);
#5261=VECTOR('',#8473,39.3700787401575);
#5262=VECTOR('',#8474,39.3700787401575);
#5263=VECTOR('',#8475,39.3700787401575);
#5264=VECTOR('',#8478,39.3700787401575);
#5265=VECTOR('',#8479,39.3700787401575);
#5266=VECTOR('',#8480,39.3700787401575);
#5267=VECTOR('',#8483,39.3700787401575);
#5268=VECTOR('',#8484,39.3700787401575);
#5269=VECTOR('',#8485,39.3700787401575);
#5270=VECTOR('',#8488,39.3700787401575);
#5271=VECTOR('',#8489,39.3700787401575);
#5272=VECTOR('',#8492,39.3700787401575);
#5273=VECTOR('',#8493,39.3700787401575);
#5274=VECTOR('',#8496,39.3700787401575);
#5275=VECTOR('',#8497,39.3700787401575);
#5276=VECTOR('',#8500,39.3700787401575);
#5277=VECTOR('',#8501,39.3700787401575);
#5278=VECTOR('',#8504,39.3700787401575);
#5279=VECTOR('',#8505,39.3700787401575);
#5280=VECTOR('',#8508,39.3700787401575);
#5281=VECTOR('',#8509,39.3700787401575);
#5282=VECTOR('',#8512,39.3700787401575);
#5283=VECTOR('',#8513,39.3700787401575);
#5284=VECTOR('',#8514,39.3700787401575);
#5285=VECTOR('',#8515,39.3700787401575);
#5286=VECTOR('',#8518,39.3700787401575);
#5287=VECTOR('',#8519,39.3700787401575);
#5288=VECTOR('',#8520,39.3700787401575);
#5289=VECTOR('',#8521,39.3700787401575);
#5290=VECTOR('',#8522,39.3700787401575);
#5291=VECTOR('',#8523,39.3700787401575);
#5292=VECTOR('',#8524,39.3700787401575);
#5293=VECTOR('',#8525,39.3700787401575);
#5294=VECTOR('',#8526,39.3700787401575);
#5295=VECTOR('',#8527,39.3700787401575);
#5296=VECTOR('',#8528,39.3700787401575);
#5297=VECTOR('',#8529,39.3700787401575);
#5298=VECTOR('',#8530,39.3700787401575);
#5299=VECTOR('',#8531,39.3700787401575);
#5300=VECTOR('',#8532,39.3700787401575);
#5301=VECTOR('',#8533,39.3700787401575);
#5302=VECTOR('',#8534,39.3700787401575);
#5303=VECTOR('',#8535,39.3700787401575);
#5304=VECTOR('',#8536,39.3700787401575);
#5305=VECTOR('',#8537,39.3700787401575);
#5306=VECTOR('',#8538,39.3700787401575);
#5307=VECTOR('',#8541,39.3700787401575);
#5308=VECTOR('',#8542,39.3700787401575);
#5309=VECTOR('',#8543,39.3700787401575);
#5310=VECTOR('',#8544,39.3700787401575);
#5311=VECTOR('',#8545,39.3700787401575);
#5312=VECTOR('',#8546,39.3700787401575);
#5313=VECTOR('',#8547,39.3700787401575);
#5314=VECTOR('',#8548,39.3700787401575);
#5315=VECTOR('',#8549,39.3700787401575);
#5316=VECTOR('',#8550,39.3700787401575);
#5317=VECTOR('',#8551,39.3700787401575);
#5318=VECTOR('',#8552,39.3700787401575);
#5319=VECTOR('',#8553,39.3700787401575);
#5320=VECTOR('',#8554,39.3700787401575);
#5321=VECTOR('',#8555,39.3700787401575);
#5322=VECTOR('',#8556,39.3700787401575);
#5323=VECTOR('',#8557,39.3700787401575);
#5324=VECTOR('',#8558,39.3700787401575);
#5325=VECTOR('',#8559,39.3700787401575);
#5326=VECTOR('',#8560,39.3700787401575);
#5327=VECTOR('',#8561,39.3700787401575);
#5328=VECTOR('',#8564,39.3700787401575);
#5329=VECTOR('',#8565,39.3700787401575);
#5330=VECTOR('',#8566,39.3700787401575);
#5331=VECTOR('',#8569,39.3700787401575);
#5332=VECTOR('',#8570,39.3700787401575);
#5333=VECTOR('',#8571,39.3700787401575);
#5334=VECTOR('',#8574,39.3700787401575);
#5335=VECTOR('',#8575,39.3700787401575);
#5336=VECTOR('',#8576,39.3700787401575);
#5337=VECTOR('',#8579,39.3700787401575);
#5338=VECTOR('',#8580,39.3700787401575);
#5339=VECTOR('',#8581,39.3700787401575);
#5340=VECTOR('',#8584,39.3700787401575);
#5341=VECTOR('',#8585,39.3700787401575);
#5342=VECTOR('',#8586,39.3700787401575);
#5343=VECTOR('',#8589,39.3700787401575);
#5344=VECTOR('',#8590,39.3700787401575);
#5345=VECTOR('',#8591,39.3700787401575);
#5346=VECTOR('',#8592,39.3700787401575);
#5347=VECTOR('',#8593,39.3700787401575);
#5348=VECTOR('',#8594,39.3700787401575);
#5349=VECTOR('',#8595,39.3700787401575);
#5350=VECTOR('',#8596,39.3700787401575);
#5351=VECTOR('',#8597,39.3700787401575);
#5352=VECTOR('',#8598,39.3700787401575);
#5353=VECTOR('',#8599,39.3700787401575);
#5354=VECTOR('',#8600,39.3700787401575);
#5355=VECTOR('',#8601,39.3700787401575);
#5356=VECTOR('',#8602,39.3700787401575);
#5357=VECTOR('',#8603,39.3700787401575);
#5358=VECTOR('',#8604,39.3700787401575);
#5359=VECTOR('',#8605,39.3700787401575);
#5360=VECTOR('',#8606,39.3700787401575);
#5361=VECTOR('',#8607,39.3700787401575);
#5362=VECTOR('',#8608,39.3700787401575);
#5363=VECTOR('',#8609,39.3700787401575);
#5364=VECTOR('',#8610,39.3700787401575);
#5365=VECTOR('',#8611,39.3700787401575);
#5366=VECTOR('',#8612,39.3700787401575);
#5367=VECTOR('',#8613,39.3700787401575);
#5368=VECTOR('',#8614,39.3700787401575);
#5369=VECTOR('',#8615,39.3700787401575);
#5370=VECTOR('',#8618,39.3700787401575);
#5371=VECTOR('',#8619,39.3700787401575);
#5372=VECTOR('',#8620,39.3700787401575);
#5373=VECTOR('',#8623,39.3700787401575);
#5374=VECTOR('',#8624,39.3700787401575);
#5375=VECTOR('',#8625,39.3700787401575);
#5376=VECTOR('',#8628,39.3700787401575);
#5377=VECTOR('',#8629,39.3700787401575);
#5378=VECTOR('',#8630,39.3700787401575);
#5379=VECTOR('',#8633,39.3700787401575);
#5380=VECTOR('',#8634,39.3700787401575);
#5381=VECTOR('',#8637,39.3700787401575);
#5382=VECTOR('',#8638,39.3700787401575);
#5383=VECTOR('',#8641,39.3700787401575);
#5384=VECTOR('',#8642,39.3700787401575);
#5385=VECTOR('',#8653,39.3700787401575);
#5386=VECTOR('',#8656,39.3700787401575);
#5387=VECTOR('',#8663,39.3700787401575);
#5388=VECTOR('',#8666,39.3700787401575);
#5389=VECTOR('',#8673,39.3700787401575);
#5390=VECTOR('',#8676,39.3700787401575);
#5391=VECTOR('',#8683,39.3700787401575);
#5392=VECTOR('',#8686,39.3700787401575);
#5393=VECTOR('',#8693,39.3700787401575);
#5394=VECTOR('',#8696,39.3700787401575);
#5395=VECTOR('',#8703,39.3700787401575);
#5396=VECTOR('',#8706,39.3700787401575);
#5397=VECTOR('',#8713,39.3700787401575);
#5398=VECTOR('',#8716,39.3700787401575);
#5399=VECTOR('',#8723,39.3700787401575);
#5400=VECTOR('',#8726,39.3700787401575);
#5401=VECTOR('',#8733,39.3700787401575);
#5402=VECTOR('',#8736,39.3700787401575);
#5403=VECTOR('',#8743,39.3700787401575);
#5404=VECTOR('',#8746,39.3700787401575);
#5405=VECTOR('',#8753,39.3700787401575);
#5406=VECTOR('',#8756,39.3700787401575);
#5407=VECTOR('',#8763,39.3700787401575);
#5408=VECTOR('',#8766,39.3700787401575);
#5409=VECTOR('',#8775,39.3700787401575);
#5410=VECTOR('',#8776,39.3700787401575);
#5411=VECTOR('',#8777,39.3700787401575);
#5412=VECTOR('',#8778,39.3700787401575);
#5413=VECTOR('',#8781,39.3700787401575);
#5414=VECTOR('',#8782,39.3700787401575);
#5415=VECTOR('',#8783,39.3700787401575);
#5416=VECTOR('',#8784,39.3700787401575);
#5417=VECTOR('',#8787,39.3700787401575);
#5418=VECTOR('',#8788,39.3700787401575);
#5419=VECTOR('',#8789,39.3700787401575);
#5420=VECTOR('',#8790,39.3700787401575);
#5421=VECTOR('',#8793,39.3700787401575);
#5422=VECTOR('',#8794,39.3700787401575);
#5423=VECTOR('',#8795,39.3700787401575);
#5424=VECTOR('',#8796,39.3700787401575);
#5425=VECTOR('',#8799,39.3700787401575);
#5426=VECTOR('',#8800,39.3700787401575);
#5427=VECTOR('',#8801,39.3700787401575);
#5428=VECTOR('',#8802,39.3700787401575);
#5429=VECTOR('',#8805,39.3700787401575);
#5430=VECTOR('',#8806,39.3700787401575);
#5431=VECTOR('',#8807,39.3700787401575);
#5432=VECTOR('',#8808,39.3700787401575);
#5433=VECTOR('',#8815,39.3700787401575);
#5434=VECTOR('',#8820,39.3700787401575);
#5435=VECTOR('',#8827,39.3700787401575);
#5436=VECTOR('',#8834,39.3700787401575);
#5437=VECTOR('',#8841,39.3700787401575);
#5438=VECTOR('',#8848,39.3700787401575);
#5439=VECTOR('',#8853,39.3700787401575);
#5440=VECTOR('',#8854,39.3700787401575);
#5441=VECTOR('',#8855,39.3700787401575);
#5442=VECTOR('',#8858,39.3700787401575);
#5443=VECTOR('',#8859,39.3700787401575);
#5444=VECTOR('',#8860,39.3700787401575);
#5445=VECTOR('',#8863,39.3700787401575);
#5446=VECTOR('',#8864,39.3700787401575);
#5447=VECTOR('',#8865,39.3700787401575);
#5448=VECTOR('',#8868,39.3700787401575);
#5449=VECTOR('',#8869,39.3700787401575);
#5450=VECTOR('',#8870,39.3700787401575);
#5451=VECTOR('',#8873,39.3700787401575);
#5452=VECTOR('',#8874,39.3700787401575);
#5453=VECTOR('',#8875,39.3700787401575);
#5454=VECTOR('',#8878,39.3700787401575);
#5455=VECTOR('',#8879,39.3700787401575);
#5456=VECTOR('',#8880,39.3700787401575);
#5457=VECTOR('',#8883,39.3700787401575);
#5458=VECTOR('',#8892,39.3700787401575);
#5459=VECTOR('',#8899,39.3700787401575);
#5460=VECTOR('',#8906,39.3700787401575);
#5461=VECTOR('',#8913,39.3700787401575);
#5462=VECTOR('',#8920,39.3700787401575);
#5463=VECTOR('',#8925,39.3700787401575);
#5464=VECTOR('',#8926,39.3700787401575);
#5465=VECTOR('',#8927,39.3700787401575);
#5466=VECTOR('',#8930,39.3700787401575);
#5467=VECTOR('',#8931,39.3700787401575);
#5468=VECTOR('',#8932,39.3700787401575);
#5469=VECTOR('',#8935,39.3700787401575);
#5470=VECTOR('',#8936,39.3700787401575);
#5471=VECTOR('',#8937,39.3700787401575);
#5472=VECTOR('',#8940,39.3700787401575);
#5473=VECTOR('',#8941,39.3700787401575);
#5474=VECTOR('',#8942,39.3700787401575);
#5475=VECTOR('',#8945,39.3700787401575);
#5476=VECTOR('',#8946,39.3700787401575);
#5477=VECTOR('',#8947,39.3700787401575);
#5478=VECTOR('',#8950,39.3700787401575);
#5479=VECTOR('',#8951,39.3700787401575);
#5480=VECTOR('',#8952,39.3700787401575);
#5481=VECTOR('',#8955,39.3700787401575);
#5482=VECTOR('',#8956,39.3700787401575);
#5483=VECTOR('',#8957,39.3700787401575);
#5484=VECTOR('',#8960,39.3700787401575);
#5485=VECTOR('',#8961,39.3700787401575);
#5486=VECTOR('',#8962,39.3700787401575);
#5487=VECTOR('',#8965,39.3700787401575);
#5488=VECTOR('',#8966,39.3700787401575);
#5489=VECTOR('',#8967,39.3700787401575);
#5490=VECTOR('',#8970,39.3700787401575);
#5491=VECTOR('',#8971,39.3700787401575);
#5492=VECTOR('',#8972,39.3700787401575);
#5493=VECTOR('',#8975,39.3700787401575);
#5494=VECTOR('',#8976,39.3700787401575);
#5495=VECTOR('',#8977,39.3700787401575);
#5496=VECTOR('',#8980,39.3700787401575);
#5497=VECTOR('',#8981,39.3700787401575);
#5498=VECTOR('',#8982,39.3700787401575);
#5499=VECTOR('',#8985,39.3700787401575);
#5500=VECTOR('',#8986,39.3700787401575);
#5501=VECTOR('',#8987,39.3700787401575);
#5502=VECTOR('',#8990,39.3700787401575);
#5503=VECTOR('',#8991,39.3700787401575);
#5504=VECTOR('',#8992,39.3700787401575);
#5505=VECTOR('',#8995,39.3700787401575);
#5506=VECTOR('',#8996,39.3700787401575);
#5507=VECTOR('',#8997,39.3700787401575);
#5508=VECTOR('',#9000,39.3700787401575);
#5509=VECTOR('',#9001,39.3700787401575);
#5510=VECTOR('',#9002,39.3700787401575);
#5511=VECTOR('',#9005,39.3700787401575);
#5512=VECTOR('',#9006,39.3700787401575);
#5513=VECTOR('',#9007,39.3700787401575);
#5514=VECTOR('',#9010,39.3700787401575);
#5515=VECTOR('',#9011,39.3700787401575);
#5516=VECTOR('',#9012,39.3700787401575);
#5517=VECTOR('',#9019,39.3700787401575);
#5518=VECTOR('',#9024,39.3700787401575);
#5519=VECTOR('',#9031,39.3700787401575);
#5520=VECTOR('',#9038,39.3700787401575);
#5521=VECTOR('',#9045,39.3700787401575);
#5522=VECTOR('',#9052,39.3700787401575);
#5523=VECTOR('',#9057,39.3700787401575);
#5524=VECTOR('',#9058,39.3700787401575);
#5525=VECTOR('',#9059,39.3700787401575);
#5526=VECTOR('',#9062,39.3700787401575);
#5527=VECTOR('',#9063,39.3700787401575);
#5528=VECTOR('',#9064,39.3700787401575);
#5529=VECTOR('',#9067,39.3700787401575);
#5530=VECTOR('',#9068,39.3700787401575);
#5531=VECTOR('',#9069,39.3700787401575);
#5532=VECTOR('',#9072,39.3700787401575);
#5533=VECTOR('',#9073,39.3700787401575);
#5534=VECTOR('',#9074,39.3700787401575);
#5535=VECTOR('',#9077,39.3700787401575);
#5536=VECTOR('',#9078,39.3700787401575);
#5537=VECTOR('',#9079,39.3700787401575);
#5538=VECTOR('',#9082,39.3700787401575);
#5539=VECTOR('',#9083,39.3700787401575);
#5540=VECTOR('',#9084,39.3700787401575);
#5541=VECTOR('',#9087,39.3700787401575);
#5542=VECTOR('',#9096,39.3700787401575);
#5543=VECTOR('',#9103,39.3700787401575);
#5544=VECTOR('',#9110,39.3700787401575);
#5545=VECTOR('',#9117,39.3700787401575);
#5546=VECTOR('',#9124,39.3700787401575);
#5547=VECTOR('',#9129,39.3700787401575);
#5548=VECTOR('',#9130,39.3700787401575);
#5549=VECTOR('',#9131,39.3700787401575);
#5550=VECTOR('',#9134,39.3700787401575);
#5551=VECTOR('',#9135,39.3700787401575);
#5552=VECTOR('',#9136,39.3700787401575);
#5553=VECTOR('',#9139,39.3700787401575);
#5554=VECTOR('',#9140,39.3700787401575);
#5555=VECTOR('',#9141,39.3700787401575);
#5556=VECTOR('',#9144,39.3700787401575);
#5557=VECTOR('',#9145,39.3700787401575);
#5558=VECTOR('',#9146,39.3700787401575);
#5559=VECTOR('',#9149,39.3700787401575);
#5560=VECTOR('',#9150,39.3700787401575);
#5561=VECTOR('',#9151,39.3700787401575);
#5562=VECTOR('',#9154,39.3700787401575);
#5563=VECTOR('',#9155,39.3700787401575);
#5564=VECTOR('',#9156,39.3700787401575);
#5565=VECTOR('',#9159,39.3700787401575);
#5566=VECTOR('',#9160,39.3700787401575);
#5567=VECTOR('',#9161,39.3700787401575);
#5568=VECTOR('',#9162,39.3700787401575);
#5569=VECTOR('',#9165,39.3700787401575);
#5570=VECTOR('',#9166,39.3700787401575);
#5571=VECTOR('',#9167,39.3700787401575);
#5572=VECTOR('',#9168,39.3700787401575);
#5573=VECTOR('',#9171,39.3700787401575);
#5574=VECTOR('',#9172,39.3700787401575);
#5575=VECTOR('',#9173,39.3700787401575);
#5576=VECTOR('',#9174,39.3700787401575);
#5577=VECTOR('',#9177,39.3700787401575);
#5578=VECTOR('',#9178,39.3700787401575);
#5579=VECTOR('',#9179,39.3700787401575);
#5580=VECTOR('',#9180,39.3700787401575);
#5581=VECTOR('',#9183,39.3700787401575);
#5582=VECTOR('',#9184,39.3700787401575);
#5583=VECTOR('',#9185,39.3700787401575);
#5584=VECTOR('',#9186,39.3700787401575);
#5585=VECTOR('',#9189,39.3700787401575);
#5586=VECTOR('',#9190,39.3700787401575);
#5587=VECTOR('',#9191,39.3700787401575);
#5588=VECTOR('',#9192,39.3700787401575);
#5589=VECTOR('',#9199,39.3700787401575);
#5590=VECTOR('',#9204,39.3700787401575);
#5591=VECTOR('',#9211,39.3700787401575);
#5592=VECTOR('',#9218,39.3700787401575);
#5593=VECTOR('',#9225,39.3700787401575);
#5594=VECTOR('',#9232,39.3700787401575);
#5595=VECTOR('',#9237,39.3700787401575);
#5596=VECTOR('',#9246,39.3700787401575);
#5597=VECTOR('',#9253,39.3700787401575);
#5598=VECTOR('',#9260,39.3700787401575);
#5599=VECTOR('',#9267,39.3700787401575);
#5600=VECTOR('',#9274,39.3700787401575);
#5601=VECTOR('',#9279,39.3700787401575);
#5602=VECTOR('',#9280,39.3700787401575);
#5603=VECTOR('',#9281,39.3700787401575);
#5604=VECTOR('',#9284,39.3700787401575);
#5605=VECTOR('',#9285,39.3700787401575);
#5606=VECTOR('',#9286,39.3700787401575);
#5607=VECTOR('',#9289,39.3700787401575);
#5608=VECTOR('',#9290,39.3700787401575);
#5609=VECTOR('',#9291,39.3700787401575);
#5610=VECTOR('',#9294,39.3700787401575);
#5611=VECTOR('',#9295,39.3700787401575);
#5612=VECTOR('',#9296,39.3700787401575);
#5613=VECTOR('',#9299,39.3700787401575);
#5614=VECTOR('',#9300,39.3700787401575);
#5615=VECTOR('',#9301,39.3700787401575);
#5616=VECTOR('',#9304,39.3700787401575);
#5617=VECTOR('',#9305,39.3700787401575);
#5618=VECTOR('',#9306,39.3700787401575);
#5619=VECTOR('',#9309,39.3700787401575);
#5620=VECTOR('',#9310,39.3700787401575);
#5621=VECTOR('',#9311,39.3700787401575);
#5622=VECTOR('',#9314,39.3700787401575);
#5623=VECTOR('',#9315,39.3700787401575);
#5624=VECTOR('',#9316,39.3700787401575);
#5625=VECTOR('',#9319,39.3700787401575);
#5626=VECTOR('',#9320,39.3700787401575);
#5627=VECTOR('',#9321,39.3700787401575);
#5628=VECTOR('',#9324,39.3700787401575);
#5629=VECTOR('',#9325,39.3700787401575);
#5630=VECTOR('',#9326,39.3700787401575);
#5631=VECTOR('',#9329,39.3700787401575);
#5632=VECTOR('',#9330,39.3700787401575);
#5633=VECTOR('',#9331,39.3700787401575);
#5634=VECTOR('',#9334,39.3700787401575);
#5635=VECTOR('',#9335,39.3700787401575);
#5636=VECTOR('',#9336,39.3700787401575);
#5637=VECTOR('',#9339,39.3700787401575);
#5638=VECTOR('',#9340,39.3700787401575);
#5639=VECTOR('',#9341,39.3700787401575);
#5640=VECTOR('',#9344,39.3700787401575);
#5641=VECTOR('',#9345,39.3700787401575);
#5642=VECTOR('',#9346,39.3700787401575);
#5643=VECTOR('',#9349,39.3700787401575);
#5644=VECTOR('',#9350,39.3700787401575);
#5645=VECTOR('',#9351,39.3700787401575);
#5646=VECTOR('',#9354,39.3700787401575);
#5647=VECTOR('',#9355,39.3700787401575);
#5648=VECTOR('',#9356,39.3700787401575);
#5649=VECTOR('',#9359,39.3700787401575);
#5650=VECTOR('',#9360,39.3700787401575);
#5651=VECTOR('',#9361,39.3700787401575);
#5652=VECTOR('',#9364,39.3700787401575);
#5653=VECTOR('',#9365,39.3700787401575);
#5654=VECTOR('',#9366,39.3700787401575);
#5655=VECTOR('',#9373,39.3700787401575);
#5656=VECTOR('',#9378,39.3700787401575);
#5657=VECTOR('',#9385,39.3700787401575);
#5658=VECTOR('',#9392,39.3700787401575);
#5659=VECTOR('',#9399,39.3700787401575);
#5660=VECTOR('',#9406,39.3700787401575);
#5661=VECTOR('',#9411,39.3700787401575);
#5662=VECTOR('',#9420,39.3700787401575);
#5663=VECTOR('',#9427,39.3700787401575);
#5664=VECTOR('',#9434,39.3700787401575);
#5665=VECTOR('',#9441,39.3700787401575);
#5666=VECTOR('',#9448,39.3700787401575);
#5667=VECTOR('',#9453,39.3700787401575);
#5668=VECTOR('',#9454,39.3700787401575);
#5669=VECTOR('',#9455,39.3700787401575);
#5670=VECTOR('',#9458,39.3700787401575);
#5671=VECTOR('',#9459,39.3700787401575);
#5672=VECTOR('',#9460,39.3700787401575);
#5673=VECTOR('',#9463,39.3700787401575);
#5674=VECTOR('',#9464,39.3700787401575);
#5675=VECTOR('',#9465,39.3700787401575);
#5676=VECTOR('',#9468,39.3700787401575);
#5677=VECTOR('',#9469,39.3700787401575);
#5678=VECTOR('',#9470,39.3700787401575);
#5679=VECTOR('',#9473,39.3700787401575);
#5680=VECTOR('',#9474,39.3700787401575);
#5681=VECTOR('',#9475,39.3700787401575);
#5682=VECTOR('',#9478,39.3700787401575);
#5683=VECTOR('',#9479,39.3700787401575);
#5684=VECTOR('',#9480,39.3700787401575);
#5685=VECTOR('',#9483,39.3700787401575);
#5686=VECTOR('',#9484,39.3700787401575);
#5687=VECTOR('',#9485,39.3700787401575);
#5688=VECTOR('',#9486,39.3700787401575);
#5689=VECTOR('',#9487,39.3700787401575);
#5690=VECTOR('',#9488,39.3700787401575);
#5691=VECTOR('',#9489,39.3700787401575);
#5692=VECTOR('',#9490,39.3700787401575);
#5693=VECTOR('',#9491,39.3700787401575);
#5694=VECTOR('',#9492,39.3700787401575);
#5695=VECTOR('',#9493,39.3700787401575);
#5696=VECTOR('',#9494,39.3700787401575);
#5697=VECTOR('',#9495,39.3700787401575);
#5698=VECTOR('',#9496,39.3700787401575);
#5699=VECTOR('',#9497,39.3700787401575);
#5700=VECTOR('',#9498,39.3700787401575);
#5701=VECTOR('',#9499,39.3700787401575);
#5702=VECTOR('',#9500,39.3700787401575);
#5703=VECTOR('',#9501,39.3700787401575);
#5704=VECTOR('',#9502,39.3700787401575);
#5705=VECTOR('',#9503,39.3700787401575);
#5706=VECTOR('',#9504,39.3700787401575);
#5707=VECTOR('',#9507,39.3700787401575);
#5708=VECTOR('',#9508,39.3700787401575);
#5709=VECTOR('',#9509,39.3700787401575);
#5710=VECTOR('',#9514,39.3700787401575);
#5711=VECTOR('',#9519,39.3700787401575);
#5712=VECTOR('',#9520,39.3700787401575);
#5713=VECTOR('',#9521,39.3700787401575);
#5714=VECTOR('',#9526,39.3700787401575);
#5715=VECTOR('',#9531,39.3700787401575);
#5716=VECTOR('',#9532,39.3700787401575);
#5717=VECTOR('',#9533,39.3700787401575);
#5718=VECTOR('',#9536,39.3700787401575);
#5719=VECTOR('',#9537,39.3700787401575);
#5720=VECTOR('',#9538,39.3700787401575);
#5721=VECTOR('',#9541,39.3700787401575);
#5722=VECTOR('',#9542,39.3700787401575);
#5723=VECTOR('',#9543,39.3700787401575);
#5724=VECTOR('',#9548,39.3700787401575);
#5725=VECTOR('',#9553,39.3700787401575);
#5726=VECTOR('',#9554,39.3700787401575);
#5727=VECTOR('',#9555,39.3700787401575);
#5728=VECTOR('',#9560,39.3700787401575);
#5729=VECTOR('',#9565,39.3700787401575);
#5730=VECTOR('',#9566,39.3700787401575);
#5731=VECTOR('',#9567,39.3700787401575);
#5732=VECTOR('',#9570,39.3700787401575);
#5733=VECTOR('',#9571,39.3700787401575);
#5734=VECTOR('',#9572,39.3700787401575);
#5735=VECTOR('',#9573,39.3700787401575);
#5736=VECTOR('',#9574,39.3700787401575);
#5737=VECTOR('',#9575,39.3700787401575);
#5738=VECTOR('',#9576,39.3700787401575);
#5739=VECTOR('',#9577,39.3700787401575);
#5740=VECTOR('',#9578,39.3700787401575);
#5741=VECTOR('',#9579,39.3700787401575);
#5742=VECTOR('',#9580,39.3700787401575);
#5743=VECTOR('',#9581,39.3700787401575);
#5744=VECTOR('',#9582,39.3700787401575);
#5745=VECTOR('',#9583,39.3700787401575);
#5746=VECTOR('',#9584,39.3700787401575);
#5747=VECTOR('',#9585,39.3700787401575);
#5748=VECTOR('',#9586,39.3700787401575);
#5749=VECTOR('',#9587,39.3700787401575);
#5750=VECTOR('',#9588,39.3700787401575);
#5751=VECTOR('',#9589,39.3700787401575);
#5752=VECTOR('',#9590,39.3700787401575);
#5753=VECTOR('',#9591,39.3700787401575);
#5754=VECTOR('',#9592,39.3700787401575);
#5755=VECTOR('',#9593,39.3700787401575);
#5756=VECTOR('',#9594,39.3700787401575);
#5757=VECTOR('',#9595,39.3700787401575);
#5758=VECTOR('',#9596,39.3700787401575);
#5759=VECTOR('',#9597,39.3700787401575);
#5760=VECTOR('',#9598,39.3700787401575);
#5761=VECTOR('',#9599,39.3700787401575);
#5762=VECTOR('',#9600,39.3700787401575);
#5763=VECTOR('',#9601,39.3700787401575);
#5764=VECTOR('',#9602,39.3700787401575);
#5765=VECTOR('',#9605,39.3700787401575);
#5766=VECTOR('',#9606,39.3700787401575);
#5767=VECTOR('',#9607,39.3700787401575);
#5768=VECTOR('',#9612,39.3700787401575);
#5769=VECTOR('',#9619,39.3700787401575);
#5770=VECTOR('',#9624,39.3700787401575);
#5771=VECTOR('',#9625,39.3700787401575);
#5772=VECTOR('',#9626,39.3700787401575);
#5773=VECTOR('',#9629,39.3700787401575);
#5774=VECTOR('',#9630,39.3700787401575);
#5775=VECTOR('',#9631,39.3700787401575);
#5776=VECTOR('',#9634,39.3700787401575);
#5777=VECTOR('',#9635,39.3700787401575);
#5778=VECTOR('',#9636,39.3700787401575);
#5779=VECTOR('',#9641,39.3700787401575);
#5780=VECTOR('',#9648,39.3700787401575);
#5781=VECTOR('',#9653,39.3700787401575);
#5782=VECTOR('',#9654,39.3700787401575);
#5783=VECTOR('',#9655,39.3700787401575);
#5784=VECTOR('',#9658,39.3700787401575);
#5785=VECTOR('',#9659,39.3700787401575);
#5786=VECTOR('',#9660,39.3700787401575);
#5787=VECTOR('',#9661,39.3700787401575);
#5788=VECTOR('',#9662,39.3700787401575);
#5789=VECTOR('',#9663,39.3700787401575);
#5790=VECTOR('',#9664,39.3700787401575);
#5791=VECTOR('',#9665,39.3700787401575);
#5792=VECTOR('',#9666,39.3700787401575);
#5793=VECTOR('',#9667,39.3700787401575);
#5794=VECTOR('',#9668,39.3700787401575);
#5795=VECTOR('',#9669,39.3700787401575);
#5796=VECTOR('',#9670,39.3700787401575);
#5797=VECTOR('',#9671,39.3700787401575);
#5798=EDGE_LOOP('',(#214,#215,#216,#217));
#5799=EDGE_LOOP('',(#218,#219,#220,#221));
#5800=EDGE_LOOP('',(#222,#223,#224,#225,#226,#227,#228,#229,#230,#231,#232,
#233));
#5801=EDGE_LOOP('',(#234,#235,#236,#237));
#5802=EDGE_LOOP('',(#238,#239,#240,#241,#242,#243,#244,#245,#246,#247,#248,
#249));
#5803=EDGE_LOOP('',(#250,#251,#252,#253));
#5804=EDGE_LOOP('',(#254,#255,#256,#257));
#5805=EDGE_LOOP('',(#258,#259,#260,#261));
#5806=EDGE_LOOP('',(#262,#263,#264,#265));
#5807=EDGE_LOOP('',(#266,#267,#268,#269));
#5808=EDGE_LOOP('',(#270,#271,#272,#273));
#5809=EDGE_LOOP('',(#274,#275,#276,#277));
#5810=EDGE_LOOP('',(#278,#279,#280,#281));
#5811=EDGE_LOOP('',(#282,#283,#284,#285));
#5812=EDGE_LOOP('',(#286,#287,#288,#289));
#5813=EDGE_LOOP('',(#290,#291,#292,#293));
#5814=EDGE_LOOP('',(#294,#295,#296,#297));
#5815=EDGE_LOOP('',(#298,#299,#300,#301));
#5816=EDGE_LOOP('',(#302,#303,#304,#305));
#5817=EDGE_LOOP('',(#306,#307,#308,#309));
#5818=EDGE_LOOP('',(#310,#311,#312,#313));
#5819=EDGE_LOOP('',(#314,#315,#316,#317));
#5820=EDGE_LOOP('',(#318,#319,#320,#321));
#5821=EDGE_LOOP('',(#322,#323,#324,#325));
#5822=EDGE_LOOP('',(#326,#327,#328,#329));
#5823=EDGE_LOOP('',(#330,#331,#332,#333));
#5824=EDGE_LOOP('',(#334,#335,#336,#337));
#5825=EDGE_LOOP('',(#338,#339,#340,#341));
#5826=EDGE_LOOP('',(#342,#343,#344,#345));
#5827=EDGE_LOOP('',(#346,#347,#348,#349));
#5828=EDGE_LOOP('',(#350,#351,#352,#353));
#5829=EDGE_LOOP('',(#354,#355,#356,#357));
#5830=EDGE_LOOP('',(#358,#359,#360,#361));
#5831=EDGE_LOOP('',(#362,#363,#364,#365));
#5832=EDGE_LOOP('',(#366,#367,#368,#369));
#5833=EDGE_LOOP('',(#370,#371,#372,#373));
#5834=EDGE_LOOP('',(#374,#375,#376,#377));
#5835=EDGE_LOOP('',(#378,#379,#380,#381));
#5836=EDGE_LOOP('',(#382,#383,#384,#385));
#5837=EDGE_LOOP('',(#386,#387,#388,#389));
#5838=EDGE_LOOP('',(#390,#391,#392,#393));
#5839=EDGE_LOOP('',(#394,#395,#396,#397));
#5840=EDGE_LOOP('',(#398,#399,#400,#401));
#5841=EDGE_LOOP('',(#402,#403,#404,#405));
#5842=EDGE_LOOP('',(#406,#407,#408,#409));
#5843=EDGE_LOOP('',(#410,#411,#412,#413));
#5844=EDGE_LOOP('',(#414,#415,#416,#417));
#5845=EDGE_LOOP('',(#418,#419,#420,#421));
#5846=EDGE_LOOP('',(#422,#423,#424,#425));
#5847=EDGE_LOOP('',(#426,#427,#428,#429));
#5848=EDGE_LOOP('',(#430,#431,#432,#433));
#5849=EDGE_LOOP('',(#434,#435,#436,#437));
#5850=EDGE_LOOP('',(#438,#439,#440,#441));
#5851=EDGE_LOOP('',(#442,#443,#444,#445));
#5852=EDGE_LOOP('',(#446,#447,#448,#449));
#5853=EDGE_LOOP('',(#450,#451,#452,#453));
#5854=EDGE_LOOP('',(#454,#455,#456,#457));
#5855=EDGE_LOOP('',(#458,#459,#460,#461));
#5856=EDGE_LOOP('',(#462,#463,#464,#465));
#5857=EDGE_LOOP('',(#466,#467,#468,#469));
#5858=EDGE_LOOP('',(#470,#471,#472,#473));
#5859=EDGE_LOOP('',(#474,#475,#476,#477));
#5860=EDGE_LOOP('',(#478,#479,#480,#481));
#5861=EDGE_LOOP('',(#482,#483,#484,#485));
#5862=EDGE_LOOP('',(#486,#487,#488,#489));
#5863=EDGE_LOOP('',(#490,#491,#492,#493));
#5864=EDGE_LOOP('',(#494,#495,#496,#497));
#5865=EDGE_LOOP('',(#498,#499,#500,#501));
#5866=EDGE_LOOP('',(#502,#503,#504,#505));
#5867=EDGE_LOOP('',(#506,#507,#508,#509));
#5868=EDGE_LOOP('',(#510,#511,#512,#513));
#5869=EDGE_LOOP('',(#514,#515,#516,#517));
#5870=EDGE_LOOP('',(#518,#519,#520,#521));
#5871=EDGE_LOOP('',(#522,#523,#524,#525));
#5872=EDGE_LOOP('',(#526,#527,#528,#529));
#5873=EDGE_LOOP('',(#530,#531,#532,#533));
#5874=EDGE_LOOP('',(#534,#535,#536,#537));
#5875=EDGE_LOOP('',(#538,#539,#540,#541));
#5876=EDGE_LOOP('',(#542,#543,#544,#545));
#5877=EDGE_LOOP('',(#546,#547,#548,#549));
#5878=EDGE_LOOP('',(#550,#551,#552,#553));
#5879=EDGE_LOOP('',(#554,#555,#556,#557));
#5880=EDGE_LOOP('',(#558,#559,#560,#561));
#5881=EDGE_LOOP('',(#562,#563,#564,#565));
#5882=EDGE_LOOP('',(#566,#567,#568,#569));
#5883=EDGE_LOOP('',(#570,#571,#572,#573));
#5884=EDGE_LOOP('',(#574,#575,#576,#577));
#5885=EDGE_LOOP('',(#578,#579,#580,#581));
#5886=EDGE_LOOP('',(#582,#583,#584,#585));
#5887=EDGE_LOOP('',(#586,#587,#588,#589));
#5888=EDGE_LOOP('',(#590,#591,#592,#593));
#5889=EDGE_LOOP('',(#594,#595,#596,#597));
#5890=EDGE_LOOP('',(#598));
#5891=EDGE_LOOP('',(#599));
#5892=EDGE_LOOP('',(#600,#601,#602,#603));
#5893=EDGE_LOOP('',(#604,#605,#606,#607));
#5894=EDGE_LOOP('',(#608,#609,#610,#611));
#5895=EDGE_LOOP('',(#612,#613,#614,#615));
#5896=EDGE_LOOP('',(#616,#617,#618,#619));
#5897=EDGE_LOOP('',(#620,#621,#622,#623));
#5898=EDGE_LOOP('',(#624));
#5899=EDGE_LOOP('',(#625));
#5900=EDGE_LOOP('',(#626));
#5901=EDGE_LOOP('',(#627));
#5902=EDGE_LOOP('',(#628));
#5903=EDGE_LOOP('',(#629));
#5904=EDGE_LOOP('',(#630));
#5905=EDGE_LOOP('',(#631));
#5906=EDGE_LOOP('',(#632));
#5907=EDGE_LOOP('',(#633));
#5908=EDGE_LOOP('',(#634,#635,#636,#637));
#5909=EDGE_LOOP('',(#638,#639,#640,#641));
#5910=EDGE_LOOP('',(#642,#643,#644,#645));
#5911=EDGE_LOOP('',(#646,#647,#648,#649));
#5912=EDGE_LOOP('',(#650,#651,#652,#653));
#5913=EDGE_LOOP('',(#654,#655,#656,#657));
#5914=EDGE_LOOP('',(#658,#659,#660,#661));
#5915=EDGE_LOOP('',(#662,#663,#664,#665));
#5916=EDGE_LOOP('',(#666,#667,#668,#669));
#5917=EDGE_LOOP('',(#670,#671,#672,#673));
#5918=EDGE_LOOP('',(#674,#675,#676,#677));
#5919=EDGE_LOOP('',(#678,#679,#680,#681));
#5920=EDGE_LOOP('',(#682,#683,#684,#685));
#5921=EDGE_LOOP('',(#686,#687,#688,#689));
#5922=EDGE_LOOP('',(#690,#691,#692,#693));
#5923=EDGE_LOOP('',(#694,#695,#696,#697));
#5924=EDGE_LOOP('',(#698,#699,#700,#701));
#5925=EDGE_LOOP('',(#702,#703,#704,#705));
#5926=EDGE_LOOP('',(#706,#707,#708,#709));
#5927=EDGE_LOOP('',(#710,#711,#712,#713));
#5928=EDGE_LOOP('',(#714,#715,#716,#717));
#5929=EDGE_LOOP('',(#718,#719,#720,#721));
#5930=EDGE_LOOP('',(#722,#723,#724,#725));
#5931=EDGE_LOOP('',(#726,#727,#728,#729));
#5932=EDGE_LOOP('',(#730,#731,#732,#733));
#5933=EDGE_LOOP('',(#734,#735,#736,#737));
#5934=EDGE_LOOP('',(#738,#739,#740,#741));
#5935=EDGE_LOOP('',(#742,#743,#744,#745));
#5936=EDGE_LOOP('',(#746,#747,#748,#749));
#5937=EDGE_LOOP('',(#750,#751,#752,#753));
#5938=EDGE_LOOP('',(#754,#755,#756,#757));
#5939=EDGE_LOOP('',(#758,#759,#760,#761));
#5940=EDGE_LOOP('',(#762,#763,#764,#765));
#5941=EDGE_LOOP('',(#766,#767,#768,#769));
#5942=EDGE_LOOP('',(#770,#771,#772,#773));
#5943=EDGE_LOOP('',(#774,#775,#776,#777));
#5944=EDGE_LOOP('',(#778,#779,#780,#781));
#5945=EDGE_LOOP('',(#782,#783,#784,#785));
#5946=EDGE_LOOP('',(#786,#787,#788,#789));
#5947=EDGE_LOOP('',(#790,#791,#792,#793));
#5948=EDGE_LOOP('',(#794,#795,#796,#797));
#5949=EDGE_LOOP('',(#798,#799,#800,#801));
#5950=EDGE_LOOP('',(#802,#803,#804,#805));
#5951=EDGE_LOOP('',(#806,#807,#808,#809));
#5952=EDGE_LOOP('',(#810,#811,#812,#813));
#5953=EDGE_LOOP('',(#814,#815,#816,#817));
#5954=EDGE_LOOP('',(#818,#819,#820,#821));
#5955=EDGE_LOOP('',(#822,#823,#824,#825));
#5956=EDGE_LOOP('',(#826,#827,#828,#829));
#5957=EDGE_LOOP('',(#830,#831,#832,#833));
#5958=EDGE_LOOP('',(#834,#835,#836,#837));
#5959=EDGE_LOOP('',(#838,#839,#840,#841));
#5960=EDGE_LOOP('',(#842,#843,#844,#845));
#5961=EDGE_LOOP('',(#846,#847,#848,#849));
#5962=EDGE_LOOP('',(#850,#851,#852,#853));
#5963=EDGE_LOOP('',(#854,#855,#856,#857));
#5964=EDGE_LOOP('',(#858,#859,#860,#861));
#5965=EDGE_LOOP('',(#862,#863,#864,#865));
#5966=EDGE_LOOP('',(#866,#867,#868,#869));
#5967=EDGE_LOOP('',(#870,#871,#872,#873));
#5968=EDGE_LOOP('',(#874,#875,#876,#877));
#5969=EDGE_LOOP('',(#878,#879,#880,#881,#882,#883,#884,#885,#886,#887,#888,
#889,#890,#891,#892,#893,#894,#895,#896,#897,#898,#899,#900,#901,#902,#903,
#904,#905));
#5970=EDGE_LOOP('',(#906,#907,#908,#909,#910,#911,#912,#913,#914,#915,#916,
#917,#918,#919,#920,#921,#922,#923,#924,#925,#926,#927,#928,#929,#930,#931,
#932,#933));
#5971=EDGE_LOOP('',(#934,#935,#936,#937));
#5972=EDGE_LOOP('',(#938,#939,#940,#941));
#5973=EDGE_LOOP('',(#942,#943,#944,#945));
#5974=EDGE_LOOP('',(#946,#947,#948,#949));
#5975=EDGE_LOOP('',(#950,#951,#952,#953));
#5976=EDGE_LOOP('',(#954,#955,#956,#957,#958,#959,#960,#961,#962,#963,#964,
#965,#966,#967,#968,#969,#970,#971,#972,#973,#974,#975,#976,#977,#978,#979,
#980,#981,#982,#983,#984,#985,#986,#987,#988,#989,#990,#991,#992,#993,#994,
#995,#996,#997,#998,#999,#1000,#1001,#1002,#1003,#1004,#1005));
#5977=EDGE_LOOP('',(#1006,#1007,#1008,#1009));
#5978=EDGE_LOOP('',(#1010,#1011,#1012,#1013));
#5979=EDGE_LOOP('',(#1014,#1015,#1016,#1017));
#5980=EDGE_LOOP('',(#1018,#1019,#1020,#1021));
#5981=EDGE_LOOP('',(#1022,#1023,#1024,#1025,#1026,#1027,#1028,#1029,#1030));
#5982=EDGE_LOOP('',(#1031,#1032,#1033,#1034,#1035,#1036,#1037,#1038,#1039));
#5983=EDGE_LOOP('',(#1040,#1041,#1042,#1043));
#5984=EDGE_LOOP('',(#1044,#1045,#1046,#1047));
#5985=EDGE_LOOP('',(#1048,#1049,#1050,#1051));
#5986=EDGE_LOOP('',(#1052,#1053,#1054,#1055));
#5987=EDGE_LOOP('',(#1056,#1057,#1058,#1059));
#5988=EDGE_LOOP('',(#1060,#1061,#1062,#1063));
#5989=EDGE_LOOP('',(#1064,#1065,#1066,#1067,#1068));
#5990=EDGE_LOOP('',(#1069,#1070,#1071,#1072,#1073));
#5991=EDGE_LOOP('',(#1074,#1075,#1076,#1077));
#5992=EDGE_LOOP('',(#1078,#1079,#1080,#1081));
#5993=EDGE_LOOP('',(#1082,#1083,#1084,#1085,#1086));
#5994=EDGE_LOOP('',(#1087,#1088,#1089,#1090,#1091));
#5995=EDGE_LOOP('',(#1092,#1093,#1094,#1095));
#5996=EDGE_LOOP('',(#1096,#1097,#1098,#1099));
#5997=EDGE_LOOP('',(#1100,#1101,#1102,#1103,#1104));
#5998=EDGE_LOOP('',(#1105,#1106,#1107,#1108,#1109));
#5999=EDGE_LOOP('',(#1110,#1111,#1112,#1113));
#6000=EDGE_LOOP('',(#1114,#1115,#1116,#1117));
#6001=EDGE_LOOP('',(#1118,#1119,#1120,#1121,#1122));
#6002=EDGE_LOOP('',(#1123,#1124,#1125,#1126,#1127));
#6003=EDGE_LOOP('',(#1128,#1129,#1130,#1131));
#6004=EDGE_LOOP('',(#1132,#1133,#1134,#1135));
#6005=EDGE_LOOP('',(#1136,#1137,#1138,#1139,#1140));
#6006=EDGE_LOOP('',(#1141,#1142,#1143,#1144,#1145));
#6007=EDGE_LOOP('',(#1146,#1147,#1148,#1149));
#6008=EDGE_LOOP('',(#1150,#1151,#1152,#1153));
#6009=EDGE_LOOP('',(#1154,#1155,#1156,#1157,#1158));
#6010=EDGE_LOOP('',(#1159,#1160,#1161,#1162,#1163));
#6011=EDGE_LOOP('',(#1164,#1165,#1166,#1167,#1168));
#6012=EDGE_LOOP('',(#1169,#1170,#1171,#1172,#1173));
#6013=EDGE_LOOP('',(#1174,#1175,#1176,#1177));
#6014=EDGE_LOOP('',(#1178,#1179,#1180,#1181));
#6015=EDGE_LOOP('',(#1182,#1183,#1184,#1185,#1186));
#6016=EDGE_LOOP('',(#1187,#1188,#1189,#1190,#1191));
#6017=EDGE_LOOP('',(#1192,#1193,#1194,#1195));
#6018=EDGE_LOOP('',(#1196,#1197,#1198,#1199));
#6019=EDGE_LOOP('',(#1200,#1201,#1202,#1203,#1204));
#6020=EDGE_LOOP('',(#1205,#1206,#1207,#1208,#1209));
#6021=EDGE_LOOP('',(#1210,#1211,#1212,#1213));
#6022=EDGE_LOOP('',(#1214,#1215,#1216,#1217));
#6023=EDGE_LOOP('',(#1218,#1219,#1220,#1221,#1222));
#6024=EDGE_LOOP('',(#1223,#1224,#1225,#1226,#1227));
#6025=EDGE_LOOP('',(#1228,#1229,#1230,#1231));
#6026=EDGE_LOOP('',(#1232,#1233,#1234,#1235));
#6027=EDGE_LOOP('',(#1236,#1237,#1238,#1239,#1240));
#6028=EDGE_LOOP('',(#1241,#1242,#1243,#1244,#1245));
#6029=EDGE_LOOP('',(#1246,#1247,#1248,#1249));
#6030=EDGE_LOOP('',(#1250,#1251,#1252,#1253));
#6031=EDGE_LOOP('',(#1254,#1255,#1256,#1257,#1258));
#6032=EDGE_LOOP('',(#1259,#1260,#1261,#1262,#1263));
#6033=EDGE_LOOP('',(#1264,#1265,#1266,#1267));
#6034=EDGE_LOOP('',(#1268,#1269,#1270,#1271));
#6035=EDGE_LOOP('',(#1272,#1273,#1274,#1275));
#6036=EDGE_LOOP('',(#1276,#1277,#1278,#1279));
#6037=EDGE_LOOP('',(#1280,#1281,#1282,#1283));
#6038=EDGE_LOOP('',(#1284,#1285,#1286,#1287));
#6039=EDGE_LOOP('',(#1288,#1289,#1290,#1291));
#6040=EDGE_LOOP('',(#1292,#1293,#1294,#1295));
#6041=EDGE_LOOP('',(#1296,#1297,#1298,#1299));
#6042=EDGE_LOOP('',(#1300,#1301,#1302,#1303));
#6043=EDGE_LOOP('',(#1304,#1305,#1306,#1307));
#6044=EDGE_LOOP('',(#1308,#1309,#1310,#1311));
#6045=EDGE_LOOP('',(#1312,#1313,#1314,#1315));
#6046=EDGE_LOOP('',(#1316,#1317,#1318,#1319));
#6047=EDGE_LOOP('',(#1320,#1321,#1322,#1323));
#6048=EDGE_LOOP('',(#1324,#1325,#1326,#1327));
#6049=EDGE_LOOP('',(#1328,#1329,#1330,#1331));
#6050=EDGE_LOOP('',(#1332,#1333,#1334,#1335));
#6051=EDGE_LOOP('',(#1336,#1337,#1338,#1339));
#6052=EDGE_LOOP('',(#1340,#1341,#1342,#1343));
#6053=EDGE_LOOP('',(#1344,#1345,#1346,#1347));
#6054=EDGE_LOOP('',(#1348,#1349,#1350,#1351));
#6055=EDGE_LOOP('',(#1352,#1353,#1354,#1355));
#6056=EDGE_LOOP('',(#1356,#1357,#1358,#1359));
#6057=EDGE_LOOP('',(#1360,#1361,#1362,#1363));
#6058=EDGE_LOOP('',(#1364,#1365,#1366,#1367));
#6059=EDGE_LOOP('',(#1368,#1369,#1370,#1371));
#6060=EDGE_LOOP('',(#1372,#1373,#1374,#1375));
#6061=EDGE_LOOP('',(#1376,#1377,#1378,#1379));
#6062=EDGE_LOOP('',(#1380,#1381,#1382,#1383));
#6063=EDGE_LOOP('',(#1384,#1385,#1386,#1387));
#6064=EDGE_LOOP('',(#1388,#1389,#1390,#1391));
#6065=EDGE_LOOP('',(#1392,#1393,#1394,#1395));
#6066=EDGE_LOOP('',(#1396,#1397,#1398,#1399));
#6067=EDGE_LOOP('',(#1400,#1401,#1402,#1403));
#6068=EDGE_LOOP('',(#1404,#1405,#1406,#1407));
#6069=EDGE_LOOP('',(#1408,#1409,#1410,#1411));
#6070=EDGE_LOOP('',(#1412,#1413,#1414,#1415));
#6071=EDGE_LOOP('',(#1416,#1417,#1418,#1419));
#6072=EDGE_LOOP('',(#1420,#1421,#1422,#1423));
#6073=EDGE_LOOP('',(#1424,#1425,#1426,#1427));
#6074=EDGE_LOOP('',(#1428,#1429,#1430,#1431));
#6075=EDGE_LOOP('',(#1432,#1433,#1434,#1435));
#6076=EDGE_LOOP('',(#1436,#1437,#1438,#1439));
#6077=EDGE_LOOP('',(#1440,#1441,#1442,#1443));
#6078=EDGE_LOOP('',(#1444,#1445,#1446,#1447));
#6079=EDGE_LOOP('',(#1448,#1449,#1450,#1451));
#6080=EDGE_LOOP('',(#1452,#1453,#1454,#1455));
#6081=EDGE_LOOP('',(#1456,#1457,#1458,#1459));
#6082=EDGE_LOOP('',(#1460,#1461,#1462,#1463));
#6083=EDGE_LOOP('',(#1464,#1465,#1466,#1467));
#6084=EDGE_LOOP('',(#1468,#1469,#1470,#1471));
#6085=EDGE_LOOP('',(#1472,#1473,#1474,#1475));
#6086=EDGE_LOOP('',(#1476,#1477,#1478,#1479));
#6087=EDGE_LOOP('',(#1480,#1481,#1482,#1483));
#6088=EDGE_LOOP('',(#1484,#1485,#1486,#1487));
#6089=EDGE_LOOP('',(#1488,#1489,#1490,#1491));
#6090=EDGE_LOOP('',(#1492,#1493,#1494,#1495));
#6091=EDGE_LOOP('',(#1496,#1497,#1498,#1499));
#6092=EDGE_LOOP('',(#1500,#1501,#1502,#1503));
#6093=EDGE_LOOP('',(#1504,#1505,#1506,#1507));
#6094=EDGE_LOOP('',(#1508,#1509,#1510,#1511));
#6095=EDGE_LOOP('',(#1512,#1513,#1514,#1515));
#6096=EDGE_LOOP('',(#1516,#1517,#1518,#1519));
#6097=EDGE_LOOP('',(#1520,#1521,#1522,#1523));
#6098=EDGE_LOOP('',(#1524,#1525,#1526,#1527));
#6099=EDGE_LOOP('',(#1528,#1529,#1530,#1531));
#6100=EDGE_LOOP('',(#1532,#1533,#1534,#1535));
#6101=EDGE_LOOP('',(#1536,#1537,#1538,#1539));
#6102=EDGE_LOOP('',(#1540,#1541,#1542,#1543));
#6103=EDGE_LOOP('',(#1544,#1545,#1546,#1547));
#6104=EDGE_LOOP('',(#1548,#1549,#1550,#1551));
#6105=EDGE_LOOP('',(#1552,#1553,#1554,#1555));
#6106=EDGE_LOOP('',(#1556,#1557,#1558,#1559));
#6107=EDGE_LOOP('',(#1560,#1561,#1562,#1563));
#6108=EDGE_LOOP('',(#1564,#1565,#1566,#1567));
#6109=EDGE_LOOP('',(#1568,#1569,#1570,#1571));
#6110=EDGE_LOOP('',(#1572,#1573,#1574,#1575));
#6111=EDGE_LOOP('',(#1576,#1577,#1578,#1579));
#6112=EDGE_LOOP('',(#1580,#1581,#1582,#1583));
#6113=EDGE_LOOP('',(#1584,#1585,#1586,#1587));
#6114=EDGE_LOOP('',(#1588,#1589,#1590,#1591));
#6115=EDGE_LOOP('',(#1592,#1593,#1594,#1595));
#6116=EDGE_LOOP('',(#1596,#1597,#1598,#1599));
#6117=EDGE_LOOP('',(#1600,#1601,#1602,#1603));
#6118=EDGE_LOOP('',(#1604,#1605,#1606,#1607));
#6119=EDGE_LOOP('',(#1608,#1609,#1610,#1611));
#6120=EDGE_LOOP('',(#1612,#1613,#1614,#1615));
#6121=EDGE_LOOP('',(#1616,#1617,#1618,#1619));
#6122=EDGE_LOOP('',(#1620,#1621,#1622,#1623));
#6123=EDGE_LOOP('',(#1624,#1625,#1626,#1627));
#6124=EDGE_LOOP('',(#1628,#1629,#1630,#1631));
#6125=EDGE_LOOP('',(#1632,#1633,#1634,#1635));
#6126=EDGE_LOOP('',(#1636,#1637,#1638,#1639));
#6127=EDGE_LOOP('',(#1640,#1641,#1642,#1643));
#6128=EDGE_LOOP('',(#1644,#1645,#1646,#1647));
#6129=EDGE_LOOP('',(#1648,#1649,#1650,#1651));
#6130=EDGE_LOOP('',(#1652,#1653,#1654,#1655));
#6131=EDGE_LOOP('',(#1656,#1657,#1658,#1659));
#6132=EDGE_LOOP('',(#1660,#1661,#1662,#1663));
#6133=EDGE_LOOP('',(#1664,#1665,#1666,#1667));
#6134=EDGE_LOOP('',(#1668,#1669,#1670,#1671));
#6135=EDGE_LOOP('',(#1672,#1673,#1674,#1675));
#6136=EDGE_LOOP('',(#1676,#1677,#1678,#1679));
#6137=EDGE_LOOP('',(#1680,#1681,#1682,#1683));
#6138=EDGE_LOOP('',(#1684,#1685,#1686,#1687));
#6139=EDGE_LOOP('',(#1688,#1689,#1690,#1691));
#6140=EDGE_LOOP('',(#1692,#1693,#1694,#1695));
#6141=EDGE_LOOP('',(#1696,#1697,#1698,#1699));
#6142=EDGE_LOOP('',(#1700,#1701,#1702,#1703));
#6143=EDGE_LOOP('',(#1704,#1705,#1706,#1707));
#6144=EDGE_LOOP('',(#1708,#1709,#1710,#1711));
#6145=EDGE_LOOP('',(#1712,#1713,#1714,#1715));
#6146=EDGE_LOOP('',(#1716,#1717,#1718,#1719));
#6147=EDGE_LOOP('',(#1720,#1721,#1722,#1723));
#6148=EDGE_LOOP('',(#1724,#1725,#1726,#1727));
#6149=EDGE_LOOP('',(#1728,#1729,#1730,#1731));
#6150=EDGE_LOOP('',(#1732,#1733,#1734,#1735));
#6151=EDGE_LOOP('',(#1736,#1737,#1738,#1739));
#6152=EDGE_LOOP('',(#1740,#1741,#1742,#1743));
#6153=EDGE_LOOP('',(#1744,#1745,#1746,#1747));
#6154=EDGE_LOOP('',(#1748,#1749,#1750,#1751));
#6155=EDGE_LOOP('',(#1752,#1753,#1754,#1755,#1756,#1757,#1758,#1759,#1760,
#1761,#1762,#1763,#1764,#1765,#1766,#1767,#1768,#1769,#1770,#1771,#1772,
#1773,#1774,#1775,#1776,#1777,#1778,#1779));
#6156=EDGE_LOOP('',(#1780,#1781,#1782,#1783));
#6157=EDGE_LOOP('',(#1784,#1785,#1786,#1787));
#6158=EDGE_LOOP('',(#1788,#1789,#1790,#1791));
#6159=EDGE_LOOP('',(#1792,#1793,#1794,#1795));
#6160=EDGE_LOOP('',(#1796,#1797,#1798,#1799));
#6161=EDGE_LOOP('',(#1800,#1801,#1802,#1803));
#6162=EDGE_LOOP('',(#1804,#1805,#1806,#1807));
#6163=EDGE_LOOP('',(#1808,#1809,#1810,#1811));
#6164=EDGE_LOOP('',(#1812,#1813,#1814,#1815));
#6165=EDGE_LOOP('',(#1816,#1817,#1818,#1819));
#6166=EDGE_LOOP('',(#1820,#1821,#1822,#1823));
#6167=EDGE_LOOP('',(#1824,#1825,#1826,#1827,#1828,#1829,#1830,#1831,#1832,
#1833,#1834,#1835,#1836,#1837,#1838,#1839,#1840,#1841,#1842,#1843,#1844,
#1845,#1846,#1847,#1848,#1849,#1850,#1851,#1852,#1853,#1854,#1855,#1856,
#1857,#1858,#1859,#1860,#1861,#1862,#1863,#1864,#1865,#1866,#1867,#1868,
#1869,#1870,#1871,#1872,#1873,#1874,#1875));
#6168=EDGE_LOOP('',(#1876,#1877,#1878,#1879));
#6169=EDGE_LOOP('',(#1880,#1881,#1882,#1883));
#6170=EDGE_LOOP('',(#1884,#1885,#1886,#1887));
#6171=EDGE_LOOP('',(#1888,#1889,#1890,#1891));
#6172=EDGE_LOOP('',(#1892,#1893,#1894,#1895));
#6173=EDGE_LOOP('',(#1896,#1897,#1898,#1899));
#6174=EDGE_LOOP('',(#1900,#1901,#1902,#1903));
#6175=EDGE_LOOP('',(#1904,#1905,#1906,#1907));
#6176=EDGE_LOOP('',(#1908,#1909,#1910,#1911));
#6177=EDGE_LOOP('',(#1912,#1913,#1914,#1915,#1916,#1917,#1918,#1919,#1920,
#1921,#1922,#1923,#1924,#1925,#1926,#1927,#1928,#1929,#1930,#1931,#1932,
#1933,#1934,#1935,#1936,#1937,#1938,#1939));
#6178=EDGE_LOOP('',(#1940,#1941,#1942,#1943,#1944,#1945,#1946,#1947,#1948,
#1949,#1950,#1951,#1952,#1953,#1954,#1955,#1956,#1957,#1958,#1959,#1960,
#1961,#1962));
#6179=EDGE_LOOP('',(#1963,#1964,#1965,#1966,#1967,#1968,#1969,#1970,#1971,
#1972,#1973,#1974,#1975,#1976,#1977,#1978,#1979,#1980,#1981,#1982,#1983,
#1984,#1985));
#6180=EDGE_LOOP('',(#1986,#1987,#1988,#1989,#1990,#1991,#1992,#1993,#1994,
#1995,#1996));
#6181=EDGE_LOOP('',(#1997,#1998,#1999,#2000,#2001,#2002,#2003,#2004,#2005,
#2006,#2007));
#6182=EDGE_LOOP('',(#2008,#2009,#2010,#2011,#2012,#2013,#2014,#2015,#2016,
#2017,#2018));
#6183=EDGE_LOOP('',(#2019,#2020,#2021,#2022,#2023,#2024,#2025,#2026,#2027,
#2028,#2029));
#6184=EDGE_LOOP('',(#2030,#2031,#2032,#2033,#2034,#2035,#2036,#2037,#2038,
#2039,#2040));
#6185=EDGE_LOOP('',(#2041,#2042,#2043,#2044,#2045,#2046,#2047,#2048,#2049,
#2050,#2051));
#6186=EDGE_LOOP('',(#2052,#2053,#2054,#2055,#2056,#2057,#2058,#2059,#2060,
#2061,#2062));
#6187=EDGE_LOOP('',(#2063,#2064,#2065,#2066,#2067,#2068,#2069,#2070,#2071,
#2072,#2073));
#6188=EDGE_LOOP('',(#2074,#2075,#2076,#2077,#2078,#2079,#2080,#2081,#2082,
#2083,#2084));
#6189=EDGE_LOOP('',(#2085,#2086,#2087,#2088,#2089,#2090,#2091,#2092,#2093,
#2094,#2095));
#6190=EDGE_LOOP('',(#2096,#2097,#2098,#2099,#2100,#2101,#2102,#2103,#2104,
#2105,#2106));
#6191=EDGE_LOOP('',(#2107,#2108,#2109,#2110,#2111,#2112,#2113,#2114,#2115,
#2116,#2117));
#6192=EDGE_LOOP('',(#2118,#2119,#2120,#2121,#2122,#2123,#2124,#2125,#2126,
#2127,#2128,#2129,#2130));
#6193=EDGE_LOOP('',(#2131,#2132,#2133,#2134,#2135,#2136,#2137,#2138,#2139,
#2140,#2141,#2142,#2143));
#6194=EDGE_LOOP('',(#2144,#2145,#2146,#2147,#2148,#2149,#2150,#2151,#2152,
#2153,#2154,#2155,#2156));
#6195=EDGE_LOOP('',(#2157,#2158,#2159,#2160,#2161,#2162,#2163,#2164,#2165,
#2166,#2167,#2168,#2169));
#6196=EDGE_LOOP('',(#2170,#2171,#2172,#2173,#2174,#2175,#2176,#2177,#2178,
#2179,#2180,#2181,#2182));
#6197=EDGE_LOOP('',(#2183,#2184,#2185,#2186,#2187,#2188,#2189,#2190,#2191,
#2192,#2193,#2194,#2195));
#6198=EDGE_LOOP('',(#2196,#2197,#2198,#2199,#2200,#2201,#2202,#2203,#2204,
#2205,#2206,#2207,#2208));
#6199=EDGE_LOOP('',(#2209,#2210,#2211,#2212,#2213,#2214,#2215,#2216,#2217,
#2218,#2219,#2220,#2221));
#6200=EDGE_LOOP('',(#2222,#2223,#2224,#2225,#2226,#2227,#2228,#2229,#2230,
#2231,#2232,#2233,#2234));
#6201=EDGE_LOOP('',(#2235,#2236,#2237,#2238,#2239,#2240,#2241,#2242,#2243,
#2244,#2245,#2246,#2247));
#6202=EDGE_LOOP('',(#2248,#2249,#2250,#2251,#2252,#2253,#2254,#2255,#2256,
#2257,#2258,#2259,#2260));
#6203=EDGE_LOOP('',(#2261,#2262,#2263,#2264,#2265,#2266,#2267,#2268,#2269,
#2270,#2271,#2272,#2273));
#6204=FACE_BOUND('',#5798,.T.);
#6205=FACE_BOUND('',#5799,.T.);
#6206=FACE_BOUND('',#5800,.T.);
#6207=FACE_BOUND('',#5801,.T.);
#6208=FACE_BOUND('',#5802,.T.);
#6209=FACE_BOUND('',#5803,.T.);
#6210=FACE_BOUND('',#5804,.T.);
#6211=FACE_BOUND('',#5805,.T.);
#6212=FACE_BOUND('',#5806,.T.);
#6213=FACE_BOUND('',#5807,.T.);
#6214=FACE_BOUND('',#5808,.T.);
#6215=FACE_BOUND('',#5809,.T.);
#6216=FACE_BOUND('',#5810,.T.);
#6217=FACE_BOUND('',#5811,.T.);
#6218=FACE_BOUND('',#5812,.T.);
#6219=FACE_BOUND('',#5813,.T.);
#6220=FACE_BOUND('',#5814,.T.);
#6221=FACE_BOUND('',#5815,.T.);
#6222=FACE_BOUND('',#5816,.T.);
#6223=FACE_BOUND('',#5817,.T.);
#6224=FACE_BOUND('',#5818,.T.);
#6225=FACE_BOUND('',#5819,.T.);
#6226=FACE_BOUND('',#5820,.T.);
#6227=FACE_BOUND('',#5821,.T.);
#6228=FACE_BOUND('',#5822,.T.);
#6229=FACE_BOUND('',#5823,.T.);
#6230=FACE_BOUND('',#5824,.T.);
#6231=FACE_BOUND('',#5825,.T.);
#6232=FACE_BOUND('',#5826,.T.);
#6233=FACE_BOUND('',#5827,.T.);
#6234=FACE_BOUND('',#5828,.T.);
#6235=FACE_BOUND('',#5829,.T.);
#6236=FACE_BOUND('',#5830,.T.);
#6237=FACE_BOUND('',#5831,.T.);
#6238=FACE_BOUND('',#5832,.T.);
#6239=FACE_BOUND('',#5833,.T.);
#6240=FACE_BOUND('',#5834,.T.);
#6241=FACE_BOUND('',#5835,.T.);
#6242=FACE_BOUND('',#5836,.T.);
#6243=FACE_BOUND('',#5837,.T.);
#6244=FACE_BOUND('',#5838,.T.);
#6245=FACE_BOUND('',#5839,.T.);
#6246=FACE_BOUND('',#5840,.T.);
#6247=FACE_BOUND('',#5841,.T.);
#6248=FACE_BOUND('',#5842,.T.);
#6249=FACE_BOUND('',#5843,.T.);
#6250=FACE_BOUND('',#5844,.T.);
#6251=FACE_BOUND('',#5845,.T.);
#6252=FACE_BOUND('',#5846,.T.);
#6253=FACE_BOUND('',#5847,.T.);
#6254=FACE_BOUND('',#5848,.T.);
#6255=FACE_BOUND('',#5849,.T.);
#6256=FACE_BOUND('',#5850,.T.);
#6257=FACE_BOUND('',#5851,.T.);
#6258=FACE_BOUND('',#5852,.T.);
#6259=FACE_BOUND('',#5853,.T.);
#6260=FACE_BOUND('',#5854,.T.);
#6261=FACE_BOUND('',#5855,.T.);
#6262=FACE_BOUND('',#5856,.T.);
#6263=FACE_BOUND('',#5857,.T.);
#6264=FACE_BOUND('',#5858,.T.);
#6265=FACE_BOUND('',#5859,.T.);
#6266=FACE_BOUND('',#5860,.T.);
#6267=FACE_BOUND('',#5861,.T.);
#6268=FACE_BOUND('',#5862,.T.);
#6269=FACE_BOUND('',#5863,.T.);
#6270=FACE_BOUND('',#5864,.T.);
#6271=FACE_BOUND('',#5865,.T.);
#6272=FACE_BOUND('',#5866,.T.);
#6273=FACE_BOUND('',#5867,.T.);
#6274=FACE_BOUND('',#5868,.T.);
#6275=FACE_BOUND('',#5869,.T.);
#6276=FACE_BOUND('',#5870,.T.);
#6277=FACE_BOUND('',#5871,.T.);
#6278=FACE_BOUND('',#5872,.T.);
#6279=FACE_BOUND('',#5873,.T.);
#6280=FACE_BOUND('',#5874,.T.);
#6281=FACE_BOUND('',#5875,.T.);
#6282=FACE_BOUND('',#5876,.T.);
#6283=FACE_BOUND('',#5877,.T.);
#6284=FACE_BOUND('',#5878,.T.);
#6285=FACE_BOUND('',#5879,.T.);
#6286=FACE_BOUND('',#5880,.T.);
#6287=FACE_BOUND('',#5881,.T.);
#6288=FACE_BOUND('',#5882,.T.);
#6289=FACE_BOUND('',#5883,.T.);
#6290=FACE_BOUND('',#5884,.T.);
#6291=FACE_BOUND('',#5885,.T.);
#6292=FACE_BOUND('',#5886,.T.);
#6293=FACE_BOUND('',#5887,.T.);
#6294=FACE_BOUND('',#5888,.T.);
#6295=FACE_BOUND('',#5889,.T.);
#6296=FACE_BOUND('',#5890,.T.);
#6297=FACE_BOUND('',#5891,.T.);
#6298=FACE_BOUND('',#5892,.T.);
#6299=FACE_BOUND('',#5893,.T.);
#6300=FACE_BOUND('',#5894,.T.);
#6301=FACE_BOUND('',#5895,.T.);
#6302=FACE_BOUND('',#5896,.T.);
#6303=FACE_BOUND('',#5897,.T.);
#6304=FACE_BOUND('',#5898,.T.);
#6305=FACE_BOUND('',#5899,.T.);
#6306=FACE_BOUND('',#5900,.T.);
#6307=FACE_BOUND('',#5901,.T.);
#6308=FACE_BOUND('',#5902,.T.);
#6309=FACE_BOUND('',#5903,.T.);
#6310=FACE_BOUND('',#5904,.T.);
#6311=FACE_BOUND('',#5905,.T.);
#6312=FACE_BOUND('',#5906,.T.);
#6313=FACE_BOUND('',#5907,.T.);
#6314=FACE_BOUND('',#5908,.T.);
#6315=FACE_BOUND('',#5909,.T.);
#6316=FACE_BOUND('',#5910,.T.);
#6317=FACE_BOUND('',#5911,.T.);
#6318=FACE_BOUND('',#5912,.T.);
#6319=FACE_BOUND('',#5913,.T.);
#6320=FACE_BOUND('',#5914,.T.);
#6321=FACE_BOUND('',#5915,.T.);
#6322=FACE_BOUND('',#5916,.T.);
#6323=FACE_BOUND('',#5917,.T.);
#6324=FACE_BOUND('',#5918,.T.);
#6325=FACE_BOUND('',#5919,.T.);
#6326=FACE_BOUND('',#5920,.T.);
#6327=FACE_BOUND('',#5921,.T.);
#6328=FACE_BOUND('',#5922,.T.);
#6329=FACE_BOUND('',#5923,.T.);
#6330=FACE_BOUND('',#5924,.T.);
#6331=FACE_BOUND('',#5925,.T.);
#6332=FACE_BOUND('',#5926,.T.);
#6333=FACE_BOUND('',#5927,.T.);
#6334=FACE_BOUND('',#5928,.T.);
#6335=FACE_BOUND('',#5929,.T.);
#6336=FACE_BOUND('',#5930,.T.);
#6337=FACE_BOUND('',#5931,.T.);
#6338=FACE_BOUND('',#5932,.T.);
#6339=FACE_BOUND('',#5933,.T.);
#6340=FACE_BOUND('',#5934,.T.);
#6341=FACE_BOUND('',#5935,.T.);
#6342=FACE_BOUND('',#5936,.T.);
#6343=FACE_BOUND('',#5937,.T.);
#6344=FACE_BOUND('',#5938,.T.);
#6345=FACE_BOUND('',#5939,.T.);
#6346=FACE_BOUND('',#5940,.T.);
#6347=FACE_BOUND('',#5941,.T.);
#6348=FACE_BOUND('',#5942,.T.);
#6349=FACE_BOUND('',#5943,.T.);
#6350=FACE_BOUND('',#5944,.T.);
#6351=FACE_BOUND('',#5945,.T.);
#6352=FACE_BOUND('',#5946,.T.);
#6353=FACE_BOUND('',#5947,.T.);
#6354=FACE_BOUND('',#5948,.T.);
#6355=FACE_BOUND('',#5949,.T.);
#6356=FACE_BOUND('',#5950,.T.);
#6357=FACE_BOUND('',#5951,.T.);
#6358=FACE_BOUND('',#5952,.T.);
#6359=FACE_BOUND('',#5953,.T.);
#6360=FACE_BOUND('',#5954,.T.);
#6361=FACE_BOUND('',#5955,.T.);
#6362=FACE_BOUND('',#5956,.T.);
#6363=FACE_BOUND('',#5957,.T.);
#6364=FACE_BOUND('',#5958,.T.);
#6365=FACE_BOUND('',#5959,.T.);
#6366=FACE_BOUND('',#5960,.T.);
#6367=FACE_BOUND('',#5961,.T.);
#6368=FACE_BOUND('',#5962,.T.);
#6369=FACE_BOUND('',#5963,.T.);
#6370=FACE_BOUND('',#5964,.T.);
#6371=FACE_BOUND('',#5965,.T.);
#6372=FACE_BOUND('',#5966,.T.);
#6373=FACE_BOUND('',#5967,.T.);
#6374=FACE_BOUND('',#5968,.T.);
#6375=FACE_BOUND('',#5969,.T.);
#6376=FACE_BOUND('',#5970,.T.);
#6377=FACE_BOUND('',#5971,.T.);
#6378=FACE_BOUND('',#5972,.T.);
#6379=FACE_BOUND('',#5973,.T.);
#6380=FACE_BOUND('',#5974,.T.);
#6381=FACE_BOUND('',#5975,.T.);
#6382=FACE_BOUND('',#5976,.T.);
#6383=FACE_BOUND('',#5977,.T.);
#6384=FACE_BOUND('',#5978,.T.);
#6385=FACE_BOUND('',#5979,.T.);
#6386=FACE_BOUND('',#5980,.T.);
#6387=FACE_BOUND('',#5981,.T.);
#6388=FACE_BOUND('',#5982,.T.);
#6389=FACE_BOUND('',#5983,.T.);
#6390=FACE_BOUND('',#5984,.T.);
#6391=FACE_BOUND('',#5985,.T.);
#6392=FACE_BOUND('',#5986,.T.);
#6393=FACE_BOUND('',#5987,.T.);
#6394=FACE_BOUND('',#5988,.T.);
#6395=FACE_BOUND('',#5989,.T.);
#6396=FACE_BOUND('',#5990,.T.);
#6397=FACE_BOUND('',#5991,.T.);
#6398=FACE_BOUND('',#5992,.T.);
#6399=FACE_BOUND('',#5993,.T.);
#6400=FACE_BOUND('',#5994,.T.);
#6401=FACE_BOUND('',#5995,.T.);
#6402=FACE_BOUND('',#5996,.T.);
#6403=FACE_BOUND('',#5997,.T.);
#6404=FACE_BOUND('',#5998,.T.);
#6405=FACE_BOUND('',#5999,.T.);
#6406=FACE_BOUND('',#6000,.T.);
#6407=FACE_BOUND('',#6001,.T.);
#6408=FACE_BOUND('',#6002,.T.);
#6409=FACE_BOUND('',#6003,.T.);
#6410=FACE_BOUND('',#6004,.T.);
#6411=FACE_BOUND('',#6005,.T.);
#6412=FACE_BOUND('',#6006,.T.);
#6413=FACE_BOUND('',#6007,.T.);
#6414=FACE_BOUND('',#6008,.T.);
#6415=FACE_BOUND('',#6009,.T.);
#6416=FACE_BOUND('',#6010,.T.);
#6417=FACE_BOUND('',#6011,.T.);
#6418=FACE_BOUND('',#6012,.T.);
#6419=FACE_BOUND('',#6013,.T.);
#6420=FACE_BOUND('',#6014,.T.);
#6421=FACE_BOUND('',#6015,.T.);
#6422=FACE_BOUND('',#6016,.T.);
#6423=FACE_BOUND('',#6017,.T.);
#6424=FACE_BOUND('',#6018,.T.);
#6425=FACE_BOUND('',#6019,.T.);
#6426=FACE_BOUND('',#6020,.T.);
#6427=FACE_BOUND('',#6021,.T.);
#6428=FACE_BOUND('',#6022,.T.);
#6429=FACE_BOUND('',#6023,.T.);
#6430=FACE_BOUND('',#6024,.T.);
#6431=FACE_BOUND('',#6025,.T.);
#6432=FACE_BOUND('',#6026,.T.);
#6433=FACE_BOUND('',#6027,.T.);
#6434=FACE_BOUND('',#6028,.T.);
#6435=FACE_BOUND('',#6029,.T.);
#6436=FACE_BOUND('',#6030,.T.);
#6437=FACE_BOUND('',#6031,.T.);
#6438=FACE_BOUND('',#6032,.T.);
#6439=FACE_BOUND('',#6033,.T.);
#6440=FACE_BOUND('',#6034,.T.);
#6441=FACE_BOUND('',#6035,.T.);
#6442=FACE_BOUND('',#6036,.T.);
#6443=FACE_BOUND('',#6037,.T.);
#6444=FACE_BOUND('',#6038,.T.);
#6445=FACE_BOUND('',#6039,.T.);
#6446=FACE_BOUND('',#6040,.T.);
#6447=FACE_BOUND('',#6041,.T.);
#6448=FACE_BOUND('',#6042,.T.);
#6449=FACE_BOUND('',#6043,.T.);
#6450=FACE_BOUND('',#6044,.T.);
#6451=FACE_BOUND('',#6045,.T.);
#6452=FACE_BOUND('',#6046,.T.);
#6453=FACE_BOUND('',#6047,.T.);
#6454=FACE_BOUND('',#6048,.T.);
#6455=FACE_BOUND('',#6049,.T.);
#6456=FACE_BOUND('',#6050,.T.);
#6457=FACE_BOUND('',#6051,.T.);
#6458=FACE_BOUND('',#6052,.T.);
#6459=FACE_BOUND('',#6053,.T.);
#6460=FACE_BOUND('',#6054,.T.);
#6461=FACE_BOUND('',#6055,.T.);
#6462=FACE_BOUND('',#6056,.T.);
#6463=FACE_BOUND('',#6057,.T.);
#6464=FACE_BOUND('',#6058,.T.);
#6465=FACE_BOUND('',#6059,.T.);
#6466=FACE_BOUND('',#6060,.T.);
#6467=FACE_BOUND('',#6061,.T.);
#6468=FACE_BOUND('',#6062,.T.);
#6469=FACE_BOUND('',#6063,.T.);
#6470=FACE_BOUND('',#6064,.T.);
#6471=FACE_BOUND('',#6065,.T.);
#6472=FACE_BOUND('',#6066,.T.);
#6473=FACE_BOUND('',#6067,.T.);
#6474=FACE_BOUND('',#6068,.T.);
#6475=FACE_BOUND('',#6069,.T.);
#6476=FACE_BOUND('',#6070,.T.);
#6477=FACE_BOUND('',#6071,.T.);
#6478=FACE_BOUND('',#6072,.T.);
#6479=FACE_BOUND('',#6073,.T.);
#6480=FACE_BOUND('',#6074,.T.);
#6481=FACE_BOUND('',#6075,.T.);
#6482=FACE_BOUND('',#6076,.T.);
#6483=FACE_BOUND('',#6077,.T.);
#6484=FACE_BOUND('',#6078,.T.);
#6485=FACE_BOUND('',#6079,.T.);
#6486=FACE_BOUND('',#6080,.T.);
#6487=FACE_BOUND('',#6081,.T.);
#6488=FACE_BOUND('',#6082,.T.);
#6489=FACE_BOUND('',#6083,.T.);
#6490=FACE_BOUND('',#6084,.T.);
#6491=FACE_BOUND('',#6085,.T.);
#6492=FACE_BOUND('',#6086,.T.);
#6493=FACE_BOUND('',#6087,.T.);
#6494=FACE_BOUND('',#6088,.T.);
#6495=FACE_BOUND('',#6089,.T.);
#6496=FACE_BOUND('',#6090,.T.);
#6497=FACE_BOUND('',#6091,.T.);
#6498=FACE_BOUND('',#6092,.T.);
#6499=FACE_BOUND('',#6093,.T.);
#6500=FACE_BOUND('',#6094,.T.);
#6501=FACE_BOUND('',#6095,.T.);
#6502=FACE_BOUND('',#6096,.T.);
#6503=FACE_BOUND('',#6097,.T.);
#6504=FACE_BOUND('',#6098,.T.);
#6505=FACE_BOUND('',#6099,.T.);
#6506=FACE_BOUND('',#6100,.T.);
#6507=FACE_BOUND('',#6101,.T.);
#6508=FACE_BOUND('',#6102,.T.);
#6509=FACE_BOUND('',#6103,.T.);
#6510=FACE_BOUND('',#6104,.T.);
#6511=FACE_BOUND('',#6105,.T.);
#6512=FACE_BOUND('',#6106,.T.);
#6513=FACE_BOUND('',#6107,.T.);
#6514=FACE_BOUND('',#6108,.T.);
#6515=FACE_BOUND('',#6109,.T.);
#6516=FACE_BOUND('',#6110,.T.);
#6517=FACE_BOUND('',#6111,.T.);
#6518=FACE_BOUND('',#6112,.T.);
#6519=FACE_BOUND('',#6113,.T.);
#6520=FACE_BOUND('',#6114,.T.);
#6521=FACE_BOUND('',#6115,.T.);
#6522=FACE_BOUND('',#6116,.T.);
#6523=FACE_BOUND('',#6117,.T.);
#6524=FACE_BOUND('',#6118,.T.);
#6525=FACE_BOUND('',#6119,.T.);
#6526=FACE_BOUND('',#6120,.T.);
#6527=FACE_BOUND('',#6121,.T.);
#6528=FACE_BOUND('',#6122,.T.);
#6529=FACE_BOUND('',#6123,.T.);
#6530=FACE_BOUND('',#6124,.T.);
#6531=FACE_BOUND('',#6125,.T.);
#6532=FACE_BOUND('',#6126,.T.);
#6533=FACE_BOUND('',#6127,.T.);
#6534=FACE_BOUND('',#6128,.T.);
#6535=FACE_BOUND('',#6129,.T.);
#6536=FACE_BOUND('',#6130,.T.);
#6537=FACE_BOUND('',#6131,.T.);
#6538=FACE_BOUND('',#6132,.T.);
#6539=FACE_BOUND('',#6133,.T.);
#6540=FACE_BOUND('',#6134,.T.);
#6541=FACE_BOUND('',#6135,.T.);
#6542=FACE_BOUND('',#6136,.T.);
#6543=FACE_BOUND('',#6137,.T.);
#6544=FACE_BOUND('',#6138,.T.);
#6545=FACE_BOUND('',#6139,.T.);
#6546=FACE_BOUND('',#6140,.T.);
#6547=FACE_BOUND('',#6141,.T.);
#6548=FACE_BOUND('',#6142,.T.);
#6549=FACE_BOUND('',#6143,.T.);
#6550=FACE_BOUND('',#6144,.T.);
#6551=FACE_BOUND('',#6145,.T.);
#6552=FACE_BOUND('',#6146,.T.);
#6553=FACE_BOUND('',#6147,.T.);
#6554=FACE_BOUND('',#6148,.T.);
#6555=FACE_BOUND('',#6149,.T.);
#6556=FACE_BOUND('',#6150,.T.);
#6557=FACE_BOUND('',#6151,.T.);
#6558=FACE_BOUND('',#6152,.T.);
#6559=FACE_BOUND('',#6153,.T.);
#6560=FACE_BOUND('',#6154,.T.);
#6561=FACE_BOUND('',#6155,.T.);
#6562=FACE_BOUND('',#6156,.T.);
#6563=FACE_BOUND('',#6157,.T.);
#6564=FACE_BOUND('',#6158,.T.);
#6565=FACE_BOUND('',#6159,.T.);
#6566=FACE_BOUND('',#6160,.T.);
#6567=FACE_BOUND('',#6161,.T.);
#6568=FACE_BOUND('',#6162,.T.);
#6569=FACE_BOUND('',#6163,.T.);
#6570=FACE_BOUND('',#6164,.T.);
#6571=FACE_BOUND('',#6165,.T.);
#6572=FACE_BOUND('',#6166,.T.);
#6573=FACE_BOUND('',#6167,.T.);
#6574=FACE_BOUND('',#6168,.T.);
#6575=FACE_BOUND('',#6169,.T.);
#6576=FACE_BOUND('',#6170,.T.);
#6577=FACE_BOUND('',#6171,.T.);
#6578=FACE_BOUND('',#6172,.T.);
#6579=FACE_BOUND('',#6173,.T.);
#6580=FACE_BOUND('',#6174,.T.);
#6581=FACE_BOUND('',#6175,.T.);
#6582=FACE_BOUND('',#6176,.T.);
#6583=FACE_BOUND('',#6177,.T.);
#6584=FACE_BOUND('',#6178,.T.);
#6585=FACE_BOUND('',#6179,.T.);
#6586=FACE_BOUND('',#6180,.T.);
#6587=FACE_BOUND('',#6181,.T.);
#6588=FACE_BOUND('',#6182,.T.);
#6589=FACE_BOUND('',#6183,.T.);
#6590=FACE_BOUND('',#6184,.T.);
#6591=FACE_BOUND('',#6185,.T.);
#6592=FACE_BOUND('',#6186,.T.);
#6593=FACE_BOUND('',#6187,.T.);
#6594=FACE_BOUND('',#6188,.T.);
#6595=FACE_BOUND('',#6189,.T.);
#6596=FACE_BOUND('',#6190,.T.);
#6597=FACE_BOUND('',#6191,.T.);
#6598=FACE_BOUND('',#6192,.T.);
#6599=FACE_BOUND('',#6193,.T.);
#6600=FACE_BOUND('',#6194,.T.);
#6601=FACE_BOUND('',#6195,.T.);
#6602=FACE_BOUND('',#6196,.T.);
#6603=FACE_BOUND('',#6197,.T.);
#6604=FACE_BOUND('',#6198,.T.);
#6605=FACE_BOUND('',#6199,.T.);
#6606=FACE_BOUND('',#6200,.T.);
#6607=FACE_BOUND('',#6201,.T.);
#6608=FACE_BOUND('',#6202,.T.);
#6609=FACE_BOUND('',#6203,.T.);
#6610=PLANE('',#7333);
#6611=PLANE('',#7334);
#6612=PLANE('',#7335);
#6613=PLANE('',#7336);
#6614=PLANE('',#7337);
#6615=PLANE('',#7338);
#6616=PLANE('',#7339);
#6617=PLANE('',#7340);
#6618=PLANE('',#7341);
#6619=PLANE('',#7342);
#6620=PLANE('',#7343);
#6621=PLANE('',#7344);
#6622=PLANE('',#7345);
#6623=PLANE('',#7346);
#6624=PLANE('',#7347);
#6625=PLANE('',#7348);
#6626=PLANE('',#7349);
#6627=PLANE('',#7350);
#6628=PLANE('',#7351);
#6629=PLANE('',#7352);
#6630=PLANE('',#7353);
#6631=PLANE('',#7354);
#6632=PLANE('',#7355);
#6633=PLANE('',#7356);
#6634=PLANE('',#7357);
#6635=PLANE('',#7358);
#6636=PLANE('',#7359);
#6637=PLANE('',#7360);
#6638=PLANE('',#7361);
#6639=PLANE('',#7362);
#6640=PLANE('',#7363);
#6641=PLANE('',#7364);
#6642=PLANE('',#7365);
#6643=PLANE('',#7366);
#6644=PLANE('',#7367);
#6645=PLANE('',#7368);
#6646=PLANE('',#7369);
#6647=PLANE('',#7370);
#6648=PLANE('',#7371);
#6649=PLANE('',#7372);
#6650=PLANE('',#7373);
#6651=PLANE('',#7374);
#6652=PLANE('',#7375);
#6653=PLANE('',#7376);
#6654=PLANE('',#7377);
#6655=PLANE('',#7378);
#6656=PLANE('',#7379);
#6657=PLANE('',#7380);
#6658=PLANE('',#7381);
#6659=PLANE('',#7382);
#6660=PLANE('',#7383);
#6661=PLANE('',#7384);
#6662=PLANE('',#7385);
#6663=PLANE('',#7386);
#6664=PLANE('',#7387);
#6665=PLANE('',#7388);
#6666=PLANE('',#7389);
#6667=PLANE('',#7390);
#6668=PLANE('',#7391);
#6669=PLANE('',#7392);
#6670=PLANE('',#7393);
#6671=PLANE('',#7394);
#6672=PLANE('',#7395);
#6673=PLANE('',#7396);
#6674=PLANE('',#7397);
#6675=PLANE('',#7400);
#6676=PLANE('',#7401);
#6677=PLANE('',#7402);
#6678=PLANE('',#7403);
#6679=PLANE('',#7404);
#6680=PLANE('',#7409);
#6681=PLANE('',#7414);
#6682=PLANE('',#7416);
#6683=PLANE('',#7417);
#6684=PLANE('',#7418);
#6685=PLANE('',#7419);
#6686=PLANE('',#7420);
#6687=PLANE('',#7421);
#6688=PLANE('',#7422);
#6689=PLANE('',#7423);
#6690=PLANE('',#7424);
#6691=PLANE('',#7425);
#6692=PLANE('',#7426);
#6693=PLANE('',#7427);
#6694=PLANE('',#7428);
#6695=PLANE('',#7429);
#6696=PLANE('',#7430);
#6697=PLANE('',#7431);
#6698=PLANE('',#7432);
#6699=PLANE('',#7433);
#6700=PLANE('',#7434);
#6701=PLANE('',#7435);
#6702=PLANE('',#7436);
#6703=PLANE('',#7437);
#6704=PLANE('',#7438);
#6705=PLANE('',#7439);
#6706=PLANE('',#7440);
#6707=PLANE('',#7441);
#6708=PLANE('',#7442);
#6709=PLANE('',#7443);
#6710=PLANE('',#7444);
#6711=PLANE('',#7445);
#6712=PLANE('',#7446);
#6713=PLANE('',#7447);
#6714=PLANE('',#7448);
#6715=PLANE('',#7449);
#6716=PLANE('',#7450);
#6717=PLANE('',#7451);
#6718=PLANE('',#7452);
#6719=PLANE('',#7453);
#6720=PLANE('',#7454);
#6721=PLANE('',#7455);
#6722=PLANE('',#7456);
#6723=PLANE('',#7457);
#6724=PLANE('',#7458);
#6725=PLANE('',#7459);
#6726=PLANE('',#7460);
#6727=PLANE('',#7461);
#6728=PLANE('',#7462);
#6729=PLANE('',#7463);
#6730=PLANE('',#7464);
#6731=PLANE('',#7465);
#6732=PLANE('',#7466);
#6733=PLANE('',#7467);
#6734=PLANE('',#7468);
#6735=PLANE('',#7469);
#6736=PLANE('',#7470);
#6737=PLANE('',#7471);
#6738=PLANE('',#7472);
#6739=PLANE('',#7473);
#6740=PLANE('',#7474);
#6741=PLANE('',#7475);
#6742=PLANE('',#7476);
#6743=PLANE('',#7477);
#6744=PLANE('',#7478);
#6745=PLANE('',#7479);
#6746=PLANE('',#7480);
#6747=PLANE('',#7481);
#6748=PLANE('',#7482);
#6749=PLANE('',#7483);
#6750=PLANE('',#7484);
#6751=PLANE('',#7485);
#6752=PLANE('',#7486);
#6753=PLANE('',#7487);
#6754=PLANE('',#7488);
#6755=PLANE('',#7489);
#6756=PLANE('',#7490);
#6757=PLANE('',#7491);
#6758=PLANE('',#7492);
#6759=PLANE('',#7493);
#6760=PLANE('',#7494);
#6761=PLANE('',#7495);
#6762=PLANE('',#7496);
#6763=PLANE('',#7497);
#6764=PLANE('',#7498);
#6765=PLANE('',#7499);
#6766=PLANE('',#7500);
#6767=PLANE('',#7501);
#6768=PLANE('',#7502);
#6769=PLANE('',#7503);
#6770=PLANE('',#7504);
#6771=PLANE('',#7505);
#6772=PLANE('',#7506);
#6773=PLANE('',#7507);
#6774=PLANE('',#7508);
#6775=PLANE('',#7509);
#6776=PLANE('',#7510);
#6777=PLANE('',#7511);
#6778=PLANE('',#7512);
#6779=PLANE('',#7513);
#6780=PLANE('',#7514);
#6781=PLANE('',#7515);
#6782=PLANE('',#7516);
#6783=PLANE('',#7517);
#6784=PLANE('',#7518);
#6785=PLANE('',#7519);
#6786=PLANE('',#7520);
#6787=PLANE('',#7521);
#6788=PLANE('',#7522);
#6789=PLANE('',#7523);
#6790=PLANE('',#7524);
#6791=PLANE('',#7525);
#6792=PLANE('',#7526);
#6793=PLANE('',#7527);
#6794=PLANE('',#7528);
#6795=PLANE('',#7529);
#6796=PLANE('',#7530);
#6797=PLANE('',#7531);
#6798=PLANE('',#7532);
#6799=PLANE('',#7533);
#6800=PLANE('',#7534);
#6801=PLANE('',#7535);
#6802=PLANE('',#7536);
#6803=PLANE('',#7537);
#6804=PLANE('',#7538);
#6805=PLANE('',#7539);
#6806=PLANE('',#7540);
#6807=PLANE('',#7541);
#6808=PLANE('',#7542);
#6809=PLANE('',#7544);
#6810=PLANE('',#7545);
#6811=PLANE('',#7546);
#6812=PLANE('',#7547);
#6813=PLANE('',#7548);
#6814=PLANE('',#7549);
#6815=PLANE('',#7568);
#6816=PLANE('',#7569);
#6817=PLANE('',#7570);
#6818=PLANE('',#7571);
#6819=PLANE('',#7572);
#6820=PLANE('',#7573);
#6821=PLANE('',#7592);
#6822=PLANE('',#7593);
#6823=PLANE('',#7594);
#6824=PLANE('',#7595);
#6825=PLANE('',#7596);
#6826=PLANE('',#7597);
#6827=PLANE('',#7598);
#6828=PLANE('',#7599);
#6829=PLANE('',#7600);
#6830=PLANE('',#7601);
#6831=PLANE('',#7602);
#6832=PLANE('',#7603);
#6833=PLANE('',#7604);
#6834=PLANE('',#7605);
#6835=PLANE('',#7606);
#6836=PLANE('',#7607);
#6837=PLANE('',#7608);
#6838=PLANE('',#7609);
#6839=PLANE('',#7628);
#6840=PLANE('',#7629);
#6841=PLANE('',#7630);
#6842=PLANE('',#7631);
#6843=PLANE('',#7632);
#6844=PLANE('',#7633);
#6845=PLANE('',#7652);
#6846=PLANE('',#7653);
#6847=PLANE('',#7654);
#6848=PLANE('',#7655);
#6849=PLANE('',#7656);
#6850=PLANE('',#7657);
#6851=PLANE('',#7658);
#6852=PLANE('',#7659);
#6853=PLANE('',#7660);
#6854=PLANE('',#7661);
#6855=PLANE('',#7662);
#6856=PLANE('',#7663);
#6857=PLANE('',#7700);
#6858=PLANE('',#7701);
#6859=PLANE('',#7702);
#6860=PLANE('',#7703);
#6861=PLANE('',#7704);
#6862=PLANE('',#7705);
#6863=PLANE('',#7706);
#6864=PLANE('',#7707);
#6865=PLANE('',#7708);
#6866=PLANE('',#7709);
#6867=PLANE('',#7710);
#6868=PLANE('',#7711);
#6869=PLANE('',#7712);
#6870=PLANE('',#7713);
#6871=PLANE('',#7714);
#6872=PLANE('',#7715);
#6873=PLANE('',#7716);
#6874=PLANE('',#7717);
#6875=PLANE('',#7754);
#6876=PLANE('',#7755);
#6877=PLANE('',#7756);
#6878=PLANE('',#7757);
#6879=PLANE('',#7758);
#6880=PLANE('',#7759);
#6881=PLANE('',#7760);
#6882=PLANE('',#7761);
#6883=PLANE('',#7765);
#6884=PLANE('',#7769);
#6885=PLANE('',#7770);
#6886=PLANE('',#7771);
#6887=PLANE('',#7775);
#6888=PLANE('',#7779);
#6889=PLANE('',#7780);
#6890=PLANE('',#7781);
#6891=PLANE('',#7788);
#6892=PLANE('',#7789);
#6893=PLANE('',#7790);
#6894=PLANE('',#7797);
#6895=PLANE('',#7798);
#6896=PLANE('',#7799);
#6897=PLANE('',#7800);
#6898=PLANE('',#7801);
#6899=PLANE('',#7802);
#6900=PLANE('',#7803);
#6901=PLANE('',#7804);
#6902=PLANE('',#7805);
#6903=PLANE('',#7806);
#6904=PLANE('',#7807);
#6905=PLANE('',#7808);
#6906=PLANE('',#7809);
#6907=PLANE('',#7810);
#6908=PLANE('',#7811);
#6909=PLANE('',#7812);
#6910=PLANE('',#7813);
#6911=PLANE('',#7814);
#6912=PLANE('',#7815);
#6913=PLANE('',#7816);
#6914=PLANE('',#7817);
#6915=PLANE('',#7818);
#6916=PLANE('',#7819);
#6917=PLANE('',#7820);
#6918=PLANE('',#7821);
#6919=PLANE('',#7822);
#6920=PLANE('',#7823);
#6921=PLANE('',#7824);
#6922=ADVANCED_FACE('',(#6204),#6610,.F.);
#6923=ADVANCED_FACE('',(#6205),#6611,.F.);
#6924=ADVANCED_FACE('',(#6206),#6612,.F.);
#6925=ADVANCED_FACE('',(#6207),#6613,.F.);
#6926=ADVANCED_FACE('',(#6208),#6614,.F.);
#6927=ADVANCED_FACE('',(#6209),#6615,.T.);
#6928=ADVANCED_FACE('',(#6210),#6616,.T.);
#6929=ADVANCED_FACE('',(#6211),#6617,.T.);
#6930=ADVANCED_FACE('',(#6212),#6618,.T.);
#6931=ADVANCED_FACE('',(#6213),#6619,.T.);
#6932=ADVANCED_FACE('',(#6214),#6620,.T.);
#6933=ADVANCED_FACE('',(#6215),#6621,.T.);
#6934=ADVANCED_FACE('',(#6216),#6622,.T.);
#6935=ADVANCED_FACE('',(#6217),#6623,.T.);
#6936=ADVANCED_FACE('',(#6218),#6624,.T.);
#6937=ADVANCED_FACE('',(#6219),#6625,.T.);
#6938=ADVANCED_FACE('',(#6220),#6626,.T.);
#6939=ADVANCED_FACE('',(#6221),#6627,.T.);
#6940=ADVANCED_FACE('',(#6222),#6628,.T.);
#6941=ADVANCED_FACE('',(#6223),#6629,.T.);
#6942=ADVANCED_FACE('',(#6224),#6630,.T.);
#6943=ADVANCED_FACE('',(#6225),#6631,.T.);
#6944=ADVANCED_FACE('',(#6226),#6632,.T.);
#6945=ADVANCED_FACE('',(#6227),#6633,.T.);
#6946=ADVANCED_FACE('',(#6228),#6634,.T.);
#6947=ADVANCED_FACE('',(#6229),#6635,.T.);
#6948=ADVANCED_FACE('',(#6230),#6636,.T.);
#6949=ADVANCED_FACE('',(#6231),#6637,.T.);
#6950=ADVANCED_FACE('',(#6232),#6638,.T.);
#6951=ADVANCED_FACE('',(#6233),#6639,.T.);
#6952=ADVANCED_FACE('',(#6234),#6640,.T.);
#6953=ADVANCED_FACE('',(#6235),#6641,.T.);
#6954=ADVANCED_FACE('',(#6236),#6642,.T.);
#6955=ADVANCED_FACE('',(#6237),#6643,.T.);
#6956=ADVANCED_FACE('',(#6238),#6644,.T.);
#6957=ADVANCED_FACE('',(#6239),#6645,.T.);
#6958=ADVANCED_FACE('',(#6240),#6646,.T.);
#6959=ADVANCED_FACE('',(#6241),#6647,.T.);
#6960=ADVANCED_FACE('',(#6242),#6648,.T.);
#6961=ADVANCED_FACE('',(#6243),#6649,.T.);
#6962=ADVANCED_FACE('',(#6244),#6650,.T.);
#6963=ADVANCED_FACE('',(#6245),#6651,.T.);
#6964=ADVANCED_FACE('',(#6246),#6652,.T.);
#6965=ADVANCED_FACE('',(#6247),#6653,.T.);
#6966=ADVANCED_FACE('',(#6248),#6654,.T.);
#6967=ADVANCED_FACE('',(#6249),#6655,.T.);
#6968=ADVANCED_FACE('',(#6250),#6656,.T.);
#6969=ADVANCED_FACE('',(#6251),#6657,.T.);
#6970=ADVANCED_FACE('',(#6252),#6658,.T.);
#6971=ADVANCED_FACE('',(#6253),#6659,.T.);
#6972=ADVANCED_FACE('',(#6254),#6660,.T.);
#6973=ADVANCED_FACE('',(#6255),#6661,.T.);
#6974=ADVANCED_FACE('',(#6256),#6662,.T.);
#6975=ADVANCED_FACE('',(#6257),#6663,.T.);
#6976=ADVANCED_FACE('',(#6258),#6664,.T.);
#6977=ADVANCED_FACE('',(#6259),#6665,.T.);
#6978=ADVANCED_FACE('',(#6260),#6666,.T.);
#6979=ADVANCED_FACE('',(#6261),#6667,.T.);
#6980=ADVANCED_FACE('',(#6262),#6668,.T.);
#6981=ADVANCED_FACE('',(#6263),#6669,.T.);
#6982=ADVANCED_FACE('',(#6264),#6670,.T.);
#6983=ADVANCED_FACE('',(#6265),#6671,.F.);
#6984=ADVANCED_FACE('',(#6266,#6267,#6268,#6269,#6270,#6271,#6272,#6273,
#6274,#6275,#6276,#6277,#6278,#6279,#6280),#6672,.T.);
#6985=ADVANCED_FACE('',(#6281,#6282,#6283,#6284,#6285,#6286,#6287,#6288,
#6289,#6290,#6291,#6292,#6293,#6294,#6295),#6673,.F.);
#6986=ADVANCED_FACE('',(#6296,#6297,#6298),#6674,.F.);
#6987=ADVANCED_FACE('',(#6299),#6675,.F.);
#6988=ADVANCED_FACE('',(#6300),#6676,.F.);
#6989=ADVANCED_FACE('',(#6301),#6677,.F.);
#6990=ADVANCED_FACE('',(#6302),#6678,.F.);
#6991=ADVANCED_FACE('',(#6303),#6679,.F.);
#6992=ADVANCED_FACE('',(#6304,#6305),#38,.T.);
#6993=ADVANCED_FACE('',(#6306,#6307),#36,.T.);
#6994=ADVANCED_FACE('',(#6308),#6680,.F.);
#6995=ADVANCED_FACE('',(#6309,#6310),#39,.T.);
#6996=ADVANCED_FACE('',(#6311,#6312),#37,.T.);
#6997=ADVANCED_FACE('',(#6313),#6681,.F.);
#6998=ADVANCED_FACE('',(#6314),#6682,.T.);
#6999=ADVANCED_FACE('',(#6315),#6683,.T.);
#7000=ADVANCED_FACE('',(#6316),#6684,.T.);
#7001=ADVANCED_FACE('',(#6317),#6685,.T.);
#7002=ADVANCED_FACE('',(#6318),#6686,.T.);
#7003=ADVANCED_FACE('',(#6319),#6687,.T.);
#7004=ADVANCED_FACE('',(#6320),#6688,.T.);
#7005=ADVANCED_FACE('',(#6321),#6689,.T.);
#7006=ADVANCED_FACE('',(#6322),#6690,.T.);
#7007=ADVANCED_FACE('',(#6323),#6691,.T.);
#7008=ADVANCED_FACE('',(#6324),#6692,.T.);
#7009=ADVANCED_FACE('',(#6325),#6693,.T.);
#7010=ADVANCED_FACE('',(#6326),#6694,.T.);
#7011=ADVANCED_FACE('',(#6327),#6695,.T.);
#7012=ADVANCED_FACE('',(#6328),#6696,.T.);
#7013=ADVANCED_FACE('',(#6329),#6697,.T.);
#7014=ADVANCED_FACE('',(#6330),#6698,.T.);
#7015=ADVANCED_FACE('',(#6331),#6699,.T.);
#7016=ADVANCED_FACE('',(#6332),#6700,.T.);
#7017=ADVANCED_FACE('',(#6333),#6701,.T.);
#7018=ADVANCED_FACE('',(#6334),#6702,.T.);
#7019=ADVANCED_FACE('',(#6335),#6703,.T.);
#7020=ADVANCED_FACE('',(#6336),#6704,.T.);
#7021=ADVANCED_FACE('',(#6337),#6705,.T.);
#7022=ADVANCED_FACE('',(#6338),#6706,.T.);
#7023=ADVANCED_FACE('',(#6339),#6707,.T.);
#7024=ADVANCED_FACE('',(#6340),#6708,.T.);
#7025=ADVANCED_FACE('',(#6341),#6709,.T.);
#7026=ADVANCED_FACE('',(#6342),#6710,.T.);
#7027=ADVANCED_FACE('',(#6343),#6711,.T.);
#7028=ADVANCED_FACE('',(#6344),#6712,.T.);
#7029=ADVANCED_FACE('',(#6345),#6713,.T.);
#7030=ADVANCED_FACE('',(#6346),#6714,.T.);
#7031=ADVANCED_FACE('',(#6347),#6715,.T.);
#7032=ADVANCED_FACE('',(#6348),#6716,.T.);
#7033=ADVANCED_FACE('',(#6349),#6717,.T.);
#7034=ADVANCED_FACE('',(#6350),#6718,.T.);
#7035=ADVANCED_FACE('',(#6351),#6719,.T.);
#7036=ADVANCED_FACE('',(#6352),#6720,.T.);
#7037=ADVANCED_FACE('',(#6353),#6721,.T.);
#7038=ADVANCED_FACE('',(#6354),#6722,.T.);
#7039=ADVANCED_FACE('',(#6355),#6723,.T.);
#7040=ADVANCED_FACE('',(#6356),#6724,.T.);
#7041=ADVANCED_FACE('',(#6357),#6725,.T.);
#7042=ADVANCED_FACE('',(#6358),#6726,.T.);
#7043=ADVANCED_FACE('',(#6359),#6727,.T.);
#7044=ADVANCED_FACE('',(#6360),#6728,.T.);
#7045=ADVANCED_FACE('',(#6361),#6729,.T.);
#7046=ADVANCED_FACE('',(#6362),#6730,.T.);
#7047=ADVANCED_FACE('',(#6363),#6731,.T.);
#7048=ADVANCED_FACE('',(#6364),#6732,.T.);
#7049=ADVANCED_FACE('',(#6365),#6733,.T.);
#7050=ADVANCED_FACE('',(#6366),#6734,.T.);
#7051=ADVANCED_FACE('',(#6367),#6735,.T.);
#7052=ADVANCED_FACE('',(#6368),#6736,.T.);
#7053=ADVANCED_FACE('',(#6369),#6737,.T.);
#7054=ADVANCED_FACE('',(#6370),#6738,.T.);
#7055=ADVANCED_FACE('',(#6371),#6739,.T.);
#7056=ADVANCED_FACE('',(#6372),#6740,.T.);
#7057=ADVANCED_FACE('',(#6373),#6741,.T.);
#7058=ADVANCED_FACE('',(#6374),#6742,.T.);
#7059=ADVANCED_FACE('',(#6375),#6743,.T.);
#7060=ADVANCED_FACE('',(#6376),#6744,.T.);
#7061=ADVANCED_FACE('',(#6377),#6745,.T.);
#7062=ADVANCED_FACE('',(#6378),#6746,.T.);
#7063=ADVANCED_FACE('',(#6379),#6747,.T.);
#7064=ADVANCED_FACE('',(#6380),#6748,.T.);
#7065=ADVANCED_FACE('',(#6381),#6749,.T.);
#7066=ADVANCED_FACE('',(#6382),#6750,.T.);
#7067=ADVANCED_FACE('',(#6383),#6751,.T.);
#7068=ADVANCED_FACE('',(#6384),#6752,.T.);
#7069=ADVANCED_FACE('',(#6385),#6753,.T.);
#7070=ADVANCED_FACE('',(#6386),#6754,.T.);
#7071=ADVANCED_FACE('',(#6387),#6755,.T.);
#7072=ADVANCED_FACE('',(#6388),#6756,.F.);
#7073=ADVANCED_FACE('',(#6389),#6757,.F.);
#7074=ADVANCED_FACE('',(#6390),#6758,.F.);
#7075=ADVANCED_FACE('',(#6391),#6759,.F.);
#7076=ADVANCED_FACE('',(#6392),#6760,.F.);
#7077=ADVANCED_FACE('',(#6393),#6761,.F.);
#7078=ADVANCED_FACE('',(#6394),#6762,.F.);
#7079=ADVANCED_FACE('',(#6395),#6763,.F.);
#7080=ADVANCED_FACE('',(#6396),#6764,.F.);
#7081=ADVANCED_FACE('',(#6397),#6765,.F.);
#7082=ADVANCED_FACE('',(#6398),#6766,.F.);
#7083=ADVANCED_FACE('',(#6399),#6767,.F.);
#7084=ADVANCED_FACE('',(#6400),#6768,.F.);
#7085=ADVANCED_FACE('',(#6401),#6769,.F.);
#7086=ADVANCED_FACE('',(#6402),#6770,.F.);
#7087=ADVANCED_FACE('',(#6403),#6771,.F.);
#7088=ADVANCED_FACE('',(#6404),#6772,.F.);
#7089=ADVANCED_FACE('',(#6405),#6773,.F.);
#7090=ADVANCED_FACE('',(#6406),#6774,.F.);
#7091=ADVANCED_FACE('',(#6407),#6775,.F.);
#7092=ADVANCED_FACE('',(#6408),#6776,.F.);
#7093=ADVANCED_FACE('',(#6409),#6777,.F.);
#7094=ADVANCED_FACE('',(#6410),#6778,.F.);
#7095=ADVANCED_FACE('',(#6411),#6779,.F.);
#7096=ADVANCED_FACE('',(#6412),#6780,.F.);
#7097=ADVANCED_FACE('',(#6413),#6781,.F.);
#7098=ADVANCED_FACE('',(#6414),#6782,.F.);
#7099=ADVANCED_FACE('',(#6415),#6783,.F.);
#7100=ADVANCED_FACE('',(#6416),#6784,.F.);
#7101=ADVANCED_FACE('',(#6417),#6785,.F.);
#7102=ADVANCED_FACE('',(#6418),#6786,.F.);
#7103=ADVANCED_FACE('',(#6419),#6787,.F.);
#7104=ADVANCED_FACE('',(#6420),#6788,.F.);
#7105=ADVANCED_FACE('',(#6421),#6789,.F.);
#7106=ADVANCED_FACE('',(#6422),#6790,.F.);
#7107=ADVANCED_FACE('',(#6423),#6791,.F.);
#7108=ADVANCED_FACE('',(#6424),#6792,.F.);
#7109=ADVANCED_FACE('',(#6425),#6793,.F.);
#7110=ADVANCED_FACE('',(#6426),#6794,.F.);
#7111=ADVANCED_FACE('',(#6427),#6795,.F.);
#7112=ADVANCED_FACE('',(#6428),#6796,.F.);
#7113=ADVANCED_FACE('',(#6429),#6797,.F.);
#7114=ADVANCED_FACE('',(#6430),#6798,.F.);
#7115=ADVANCED_FACE('',(#6431),#6799,.F.);
#7116=ADVANCED_FACE('',(#6432),#6800,.F.);
#7117=ADVANCED_FACE('',(#6433),#6801,.F.);
#7118=ADVANCED_FACE('',(#6434),#6802,.F.);
#7119=ADVANCED_FACE('',(#6435),#6803,.F.);
#7120=ADVANCED_FACE('',(#6436),#6804,.F.);
#7121=ADVANCED_FACE('',(#6437),#6805,.F.);
#7122=ADVANCED_FACE('',(#6438),#6806,.F.);
#7123=ADVANCED_FACE('',(#6439),#6807,.F.);
#7124=ADVANCED_FACE('',(#6440),#6808,.F.);
#7125=ADVANCED_FACE('',(#6441),#6809,.T.);
#7126=ADVANCED_FACE('',(#6442),#6810,.T.);
#7127=ADVANCED_FACE('',(#6443),#6811,.T.);
#7128=ADVANCED_FACE('',(#6444),#6812,.T.);
#7129=ADVANCED_FACE('',(#6445),#6813,.T.);
#7130=ADVANCED_FACE('',(#6446),#6814,.T.);
#7131=ADVANCED_FACE('',(#6447),#40,.T.);
#7132=ADVANCED_FACE('',(#6448),#41,.T.);
#7133=ADVANCED_FACE('',(#6449),#42,.T.);
#7134=ADVANCED_FACE('',(#6450),#43,.T.);
#7135=ADVANCED_FACE('',(#6451),#44,.T.);
#7136=ADVANCED_FACE('',(#6452),#45,.T.);
#7137=ADVANCED_FACE('',(#6453),#6815,.T.);
#7138=ADVANCED_FACE('',(#6454),#6816,.T.);
#7139=ADVANCED_FACE('',(#6455),#6817,.T.);
#7140=ADVANCED_FACE('',(#6456),#6818,.T.);
#7141=ADVANCED_FACE('',(#6457),#6819,.T.);
#7142=ADVANCED_FACE('',(#6458),#6820,.T.);
#7143=ADVANCED_FACE('',(#6459),#46,.F.);
#7144=ADVANCED_FACE('',(#6460),#47,.F.);
#7145=ADVANCED_FACE('',(#6461),#48,.F.);
#7146=ADVANCED_FACE('',(#6462),#49,.F.);
#7147=ADVANCED_FACE('',(#6463),#50,.F.);
#7148=ADVANCED_FACE('',(#6464),#51,.F.);
#7149=ADVANCED_FACE('',(#6465),#6821,.T.);
#7150=ADVANCED_FACE('',(#6466),#6822,.T.);
#7151=ADVANCED_FACE('',(#6467),#6823,.T.);
#7152=ADVANCED_FACE('',(#6468),#6824,.T.);
#7153=ADVANCED_FACE('',(#6469),#6825,.T.);
#7154=ADVANCED_FACE('',(#6470),#6826,.T.);
#7155=ADVANCED_FACE('',(#6471),#6827,.T.);
#7156=ADVANCED_FACE('',(#6472),#6828,.T.);
#7157=ADVANCED_FACE('',(#6473),#6829,.T.);
#7158=ADVANCED_FACE('',(#6474),#6830,.T.);
#7159=ADVANCED_FACE('',(#6475),#6831,.T.);
#7160=ADVANCED_FACE('',(#6476),#6832,.T.);
#7161=ADVANCED_FACE('',(#6477),#6833,.T.);
#7162=ADVANCED_FACE('',(#6478),#6834,.T.);
#7163=ADVANCED_FACE('',(#6479),#6835,.T.);
#7164=ADVANCED_FACE('',(#6480),#6836,.T.);
#7165=ADVANCED_FACE('',(#6481),#6837,.T.);
#7166=ADVANCED_FACE('',(#6482),#6838,.T.);
#7167=ADVANCED_FACE('',(#6483),#52,.T.);
#7168=ADVANCED_FACE('',(#6484),#53,.T.);
#7169=ADVANCED_FACE('',(#6485),#54,.T.);
#7170=ADVANCED_FACE('',(#6486),#55,.T.);
#7171=ADVANCED_FACE('',(#6487),#56,.T.);
#7172=ADVANCED_FACE('',(#6488),#57,.T.);
#7173=ADVANCED_FACE('',(#6489),#6839,.T.);
#7174=ADVANCED_FACE('',(#6490),#6840,.T.);
#7175=ADVANCED_FACE('',(#6491),#6841,.T.);
#7176=ADVANCED_FACE('',(#6492),#6842,.T.);
#7177=ADVANCED_FACE('',(#6493),#6843,.T.);
#7178=ADVANCED_FACE('',(#6494),#6844,.T.);
#7179=ADVANCED_FACE('',(#6495),#58,.F.);
#7180=ADVANCED_FACE('',(#6496),#59,.F.);
#7181=ADVANCED_FACE('',(#6497),#60,.F.);
#7182=ADVANCED_FACE('',(#6498),#61,.F.);
#7183=ADVANCED_FACE('',(#6499),#62,.F.);
#7184=ADVANCED_FACE('',(#6500),#63,.F.);
#7185=ADVANCED_FACE('',(#6501),#6845,.T.);
#7186=ADVANCED_FACE('',(#6502),#6846,.T.);
#7187=ADVANCED_FACE('',(#6503),#6847,.T.);
#7188=ADVANCED_FACE('',(#6504),#6848,.T.);
#7189=ADVANCED_FACE('',(#6505),#6849,.T.);
#7190=ADVANCED_FACE('',(#6506),#6850,.T.);
#7191=ADVANCED_FACE('',(#6507),#6851,.T.);
#7192=ADVANCED_FACE('',(#6508),#6852,.T.);
#7193=ADVANCED_FACE('',(#6509),#6853,.T.);
#7194=ADVANCED_FACE('',(#6510),#6854,.T.);
#7195=ADVANCED_FACE('',(#6511),#6855,.T.);
#7196=ADVANCED_FACE('',(#6512),#6856,.T.);
#7197=ADVANCED_FACE('',(#6513),#64,.T.);
#7198=ADVANCED_FACE('',(#6514),#65,.T.);
#7199=ADVANCED_FACE('',(#6515),#66,.T.);
#7200=ADVANCED_FACE('',(#6516),#67,.T.);
#7201=ADVANCED_FACE('',(#6517),#68,.T.);
#7202=ADVANCED_FACE('',(#6518),#69,.T.);
#7203=ADVANCED_FACE('',(#6519),#70,.F.);
#7204=ADVANCED_FACE('',(#6520),#71,.F.);
#7205=ADVANCED_FACE('',(#6521),#72,.F.);
#7206=ADVANCED_FACE('',(#6522),#73,.F.);
#7207=ADVANCED_FACE('',(#6523),#74,.F.);
#7208=ADVANCED_FACE('',(#6524),#75,.F.);
#7209=ADVANCED_FACE('',(#6525),#6857,.T.);
#7210=ADVANCED_FACE('',(#6526),#6858,.T.);
#7211=ADVANCED_FACE('',(#6527),#6859,.T.);
#7212=ADVANCED_FACE('',(#6528),#6860,.T.);
#7213=ADVANCED_FACE('',(#6529),#6861,.T.);
#7214=ADVANCED_FACE('',(#6530),#6862,.T.);
#7215=ADVANCED_FACE('',(#6531),#6863,.T.);
#7216=ADVANCED_FACE('',(#6532),#6864,.T.);
#7217=ADVANCED_FACE('',(#6533),#6865,.T.);
#7218=ADVANCED_FACE('',(#6534),#6866,.T.);
#7219=ADVANCED_FACE('',(#6535),#6867,.T.);
#7220=ADVANCED_FACE('',(#6536),#6868,.T.);
#7221=ADVANCED_FACE('',(#6537),#6869,.T.);
#7222=ADVANCED_FACE('',(#6538),#6870,.T.);
#7223=ADVANCED_FACE('',(#6539),#6871,.T.);
#7224=ADVANCED_FACE('',(#6540),#6872,.T.);
#7225=ADVANCED_FACE('',(#6541),#6873,.T.);
#7226=ADVANCED_FACE('',(#6542),#6874,.T.);
#7227=ADVANCED_FACE('',(#6543),#76,.T.);
#7228=ADVANCED_FACE('',(#6544),#77,.T.);
#7229=ADVANCED_FACE('',(#6545),#78,.T.);
#7230=ADVANCED_FACE('',(#6546),#79,.T.);
#7231=ADVANCED_FACE('',(#6547),#80,.T.);
#7232=ADVANCED_FACE('',(#6548),#81,.T.);
#7233=ADVANCED_FACE('',(#6549),#82,.F.);
#7234=ADVANCED_FACE('',(#6550),#83,.F.);
#7235=ADVANCED_FACE('',(#6551),#84,.F.);
#7236=ADVANCED_FACE('',(#6552),#85,.F.);
#7237=ADVANCED_FACE('',(#6553),#86,.F.);
#7238=ADVANCED_FACE('',(#6554),#87,.F.);
#7239=ADVANCED_FACE('',(#6555),#6875,.T.);
#7240=ADVANCED_FACE('',(#6556),#6876,.T.);
#7241=ADVANCED_FACE('',(#6557),#6877,.T.);
#7242=ADVANCED_FACE('',(#6558),#6878,.T.);
#7243=ADVANCED_FACE('',(#6559),#6879,.T.);
#7244=ADVANCED_FACE('',(#6560),#6880,.T.);
#7245=ADVANCED_FACE('',(#6561),#6881,.T.);
#7246=ADVANCED_FACE('',(#6562),#6882,.T.);
#7247=ADVANCED_FACE('',(#6563),#88,.T.);
#7248=ADVANCED_FACE('',(#6564),#6883,.T.);
#7249=ADVANCED_FACE('',(#6565),#89,.F.);
#7250=ADVANCED_FACE('',(#6566),#6884,.T.);
#7251=ADVANCED_FACE('',(#6567),#6885,.T.);
#7252=ADVANCED_FACE('',(#6568),#6886,.T.);
#7253=ADVANCED_FACE('',(#6569),#90,.T.);
#7254=ADVANCED_FACE('',(#6570),#6887,.T.);
#7255=ADVANCED_FACE('',(#6571),#91,.F.);
#7256=ADVANCED_FACE('',(#6572),#6888,.T.);
#7257=ADVANCED_FACE('',(#6573),#6889,.T.);
#7258=ADVANCED_FACE('',(#6574),#6890,.T.);
#7259=ADVANCED_FACE('',(#6575),#92,.T.);
#7260=ADVANCED_FACE('',(#6576),#93,.F.);
#7261=ADVANCED_FACE('',(#6577),#6891,.T.);
#7262=ADVANCED_FACE('',(#6578),#6892,.T.);
#7263=ADVANCED_FACE('',(#6579),#6893,.T.);
#7264=ADVANCED_FACE('',(#6580),#94,.T.);
#7265=ADVANCED_FACE('',(#6581),#95,.F.);
#7266=ADVANCED_FACE('',(#6582),#6894,.T.);
#7267=ADVANCED_FACE('',(#6583),#6895,.T.);
#7268=ADVANCED_FACE('',(#6584),#6896,.F.);
#7269=ADVANCED_FACE('',(#6585),#6897,.T.);
#7270=ADVANCED_FACE('',(#6586),#6898,.F.);
#7271=ADVANCED_FACE('',(#6587),#6899,.F.);
#7272=ADVANCED_FACE('',(#6588),#6900,.F.);
#7273=ADVANCED_FACE('',(#6589),#6901,.F.);
#7274=ADVANCED_FACE('',(#6590),#6902,.F.);
#7275=ADVANCED_FACE('',(#6591),#6903,.F.);
#7276=ADVANCED_FACE('',(#6592),#6904,.F.);
#7277=ADVANCED_FACE('',(#6593),#6905,.F.);
#7278=ADVANCED_FACE('',(#6594),#6906,.F.);
#7279=ADVANCED_FACE('',(#6595),#6907,.F.);
#7280=ADVANCED_FACE('',(#6596),#6908,.F.);
#7281=ADVANCED_FACE('',(#6597),#6909,.F.);
#7282=ADVANCED_FACE('',(#6598),#6910,.F.);
#7283=ADVANCED_FACE('',(#6599),#6911,.F.);
#7284=ADVANCED_FACE('',(#6600),#6912,.F.);
#7285=ADVANCED_FACE('',(#6601),#6913,.F.);
#7286=ADVANCED_FACE('',(#6602),#6914,.F.);
#7287=ADVANCED_FACE('',(#6603),#6915,.F.);
#7288=ADVANCED_FACE('',(#6604),#6916,.F.);
#7289=ADVANCED_FACE('',(#6605),#6917,.F.);
#7290=ADVANCED_FACE('',(#6606),#6918,.F.);
#7291=ADVANCED_FACE('',(#6607),#6919,.F.);
#7292=ADVANCED_FACE('',(#6608),#6920,.F.);
#7293=ADVANCED_FACE('',(#6609),#6921,.F.);
#7294=CLOSED_SHELL('',(#6922,#6923,#6924,#6925,#6926,#6927,#6928,#6929,
#6930,#6931,#6932,#6933,#6934,#6935,#6936,#6937,#6938,#6939,#6940,#6941,
#6942,#6943,#6944,#6945,#6946,#6947,#6948,#6949,#6950,#6951,#6952,#6953,
#6954,#6955,#6956,#6957,#6958,#6959,#6960,#6961,#6962,#6963,#6964,#6965,
#6966,#6967,#6968,#6969,#6970,#6971,#6972,#6973,#6974,#6975,#6976,#6977,
#6978,#6979,#6980,#6981,#6982,#6983,#6984,#6985,#6986,#6987,#6988,#6989,
#6990,#6991,#6992,#6993,#6994,#6995,#6996,#6997));
#7295=CLOSED_SHELL('',(#6998,#6999,#7000,#7001,#7002,#7003,#7004,#7005,
#7006,#7007,#7008,#7009,#7010,#7011,#7012,#7013,#7014,#7015,#7016,#7017,
#7018,#7019,#7020,#7021,#7022,#7023,#7024,#7025,#7026,#7027,#7028,#7029,
#7030,#7031,#7032,#7033,#7034,#7035,#7036,#7037,#7038,#7039,#7040,#7041,
#7042,#7043,#7044,#7045,#7046,#7047,#7048,#7049,#7050,#7051,#7052,#7053,
#7054,#7055,#7056,#7057,#7058,#7059,#7060,#7061,#7062,#7063,#7064,#7065,
#7066,#7067,#7068,#7069,#7070,#7071,#7072,#7073,#7074,#7075,#7076,#7077,
#7078,#7079,#7080,#7081,#7082,#7083,#7084,#7085,#7086,#7087,#7088,#7089,
#7090,#7091,#7092,#7093,#7094,#7095,#7096,#7097,#7098,#7099,#7100,#7101,
#7102,#7103,#7104,#7105,#7106,#7107,#7108,#7109,#7110,#7111,#7112,#7113,
#7114,#7115,#7116,#7117,#7118,#7119,#7120,#7121,#7122,#7123,#7124));
#7296=CLOSED_SHELL('',(#7125,#7126,#7127,#7128,#7129,#7130,#7131,#7132,
#7133,#7134,#7135,#7136,#7137,#7138,#7139,#7140,#7141,#7142,#7143,#7144,
#7145,#7146,#7147,#7148,#7149,#7150,#7151,#7152,#7153,#7154,#7155,#7156,
#7157,#7158,#7159,#7160,#7161,#7162,#7163,#7164,#7165,#7166,#7167,#7168,
#7169,#7170,#7171,#7172,#7173,#7174,#7175,#7176,#7177,#7178,#7179,#7180,
#7181,#7182,#7183,#7184,#7185,#7186,#7187,#7188,#7189,#7190,#7191,#7192,
#7193,#7194,#7195,#7196,#7197,#7198,#7199,#7200,#7201,#7202,#7203,#7204,
#7205,#7206,#7207,#7208,#7209,#7210,#7211,#7212,#7213,#7214,#7215,#7216,
#7217,#7218,#7219,#7220,#7221,#7222,#7223,#7224,#7225,#7226,#7227,#7228,
#7229,#7230,#7231,#7232,#7233,#7234,#7235,#7236,#7237,#7238,#7239,#7240,
#7241,#7242,#7243,#7244,#7245,#7246,#7247,#7248,#7249,#7250,#7251,#7252,
#7253,#7254,#7255,#7256,#7257,#7258,#7259,#7260,#7261,#7262,#7263,#7264,
#7265,#7266,#7267,#7268,#7269,#7270,#7271,#7272,#7273,#7274,#7275,#7276,
#7277,#7278,#7279,#7280,#7281,#7282,#7283,#7284,#7285,#7286,#7287,#7288,
#7289,#7290,#7291,#7292,#7293));
#7297=STYLED_ITEM('',(#7300),#7321);
#7298=STYLED_ITEM('',(#7301),#7322);
#7299=STYLED_ITEM('',(#7302),#7323);
#7300=PRESENTATION_STYLE_ASSIGNMENT((#7303));
#7301=PRESENTATION_STYLE_ASSIGNMENT((#7304));
#7302=PRESENTATION_STYLE_ASSIGNMENT((#7305));
#7303=SURFACE_STYLE_USAGE(.BOTH.,#7306);
#7304=SURFACE_STYLE_USAGE(.BOTH.,#7307);
#7305=SURFACE_STYLE_USAGE(.BOTH.,#7308);
#7306=SURFACE_SIDE_STYLE('',(#7309));
#7307=SURFACE_SIDE_STYLE('',(#7310));
#7308=SURFACE_SIDE_STYLE('',(#7311));
#7309=SURFACE_STYLE_FILL_AREA(#7312);
#7310=SURFACE_STYLE_FILL_AREA(#7313);
#7311=SURFACE_STYLE_FILL_AREA(#7314);
#7312=FILL_AREA_STYLE('',(#7315));
#7313=FILL_AREA_STYLE('',(#7316));
#7314=FILL_AREA_STYLE('',(#7317));
#7315=FILL_AREA_STYLE_COLOUR('',#7318);
#7316=FILL_AREA_STYLE_COLOUR('',#7319);
#7317=FILL_AREA_STYLE_COLOUR('',#7320);
#7318=COLOUR_RGB('',0.0549019612371922,0.0549019612371922,0.0549019612371922);
#7319=COLOUR_RGB('',0.831372559070587,0.701960802078247,0.176470592617989);
#7320=COLOUR_RGB('',0.670588254928589,0.670588254928589,0.670588254928589);
#7321=MANIFOLD_SOLID_BREP('FTSH-107-01-L-DH-A_body',#7294);
#7322=MANIFOLD_SOLID_BREP('FTSH-107-01-L-DH-A_pins1',#7295);
#7323=MANIFOLD_SOLID_BREP('FTSH-107-01-L-DH-A_pins2',#7296);
#7324=SHAPE_DEFINITION_REPRESENTATION(#11817,#7328);
#7325=SHAPE_DEFINITION_REPRESENTATION(#11818,#7329);
#7326=SHAPE_DEFINITION_REPRESENTATION(#11820,#7330);
#7327=SHAPE_DEFINITION_REPRESENTATION(#11822,#7331);
#7328=SHAPE_REPRESENTATION('FTSH-107-01-L-DH-A',(#7332,#7415,#7543,#7825),
#11803);
#7329=SHAPE_REPRESENTATION('FTSH-107-01-L-DH-A_body',(#7332),#11804);
#7330=SHAPE_REPRESENTATION('FTSH-107-01-L-DH-A_pins1',(#7332),#11805);
#7331=SHAPE_REPRESENTATION('FTSH-107-01-L-DH-A_pins2',(#7332),#11806);
#7332=AXIS2_PLACEMENT_3D('',#9726,#7826,#7827);
#7333=AXIS2_PLACEMENT_3D('',#9727,#7828,#7829);
#7334=AXIS2_PLACEMENT_3D('',#9736,#7834,#7835);
#7335=AXIS2_PLACEMENT_3D('',#9745,#7840,#7841);
#7336=AXIS2_PLACEMENT_3D('',#9764,#7852,#7853);
#7337=AXIS2_PLACEMENT_3D('',#9770,#7857,#7858);
#7338=AXIS2_PLACEMENT_3D('',#9786,#7868,#7869);
#7339=AXIS2_PLACEMENT_3D('',#9795,#7874,#7875);
#7340=AXIS2_PLACEMENT_3D('',#9801,#7879,#7880);
#7341=AXIS2_PLACEMENT_3D('',#9807,#7884,#7885);
#7342=AXIS2_PLACEMENT_3D('',#9816,#7890,#7891);
#7343=AXIS2_PLACEMENT_3D('',#9822,#7895,#7896);
#7344=AXIS2_PLACEMENT_3D('',#9828,#7900,#7901);
#7345=AXIS2_PLACEMENT_3D('',#9837,#7906,#7907);
#7346=AXIS2_PLACEMENT_3D('',#9843,#7911,#7912);
#7347=AXIS2_PLACEMENT_3D('',#9849,#7916,#7917);
#7348=AXIS2_PLACEMENT_3D('',#9858,#7922,#7923);
#7349=AXIS2_PLACEMENT_3D('',#9864,#7927,#7928);
#7350=AXIS2_PLACEMENT_3D('',#9870,#7932,#7933);
#7351=AXIS2_PLACEMENT_3D('',#9879,#7938,#7939);
#7352=AXIS2_PLACEMENT_3D('',#9885,#7943,#7944);
#7353=AXIS2_PLACEMENT_3D('',#9891,#7948,#7949);
#7354=AXIS2_PLACEMENT_3D('',#9900,#7954,#7955);
#7355=AXIS2_PLACEMENT_3D('',#9906,#7959,#7960);
#7356=AXIS2_PLACEMENT_3D('',#9912,#7964,#7965);
#7357=AXIS2_PLACEMENT_3D('',#9921,#7970,#7971);
#7358=AXIS2_PLACEMENT_3D('',#9927,#7975,#7976);
#7359=AXIS2_PLACEMENT_3D('',#9933,#7980,#7981);
#7360=AXIS2_PLACEMENT_3D('',#9942,#7986,#7987);
#7361=AXIS2_PLACEMENT_3D('',#9948,#7991,#7992);
#7362=AXIS2_PLACEMENT_3D('',#9954,#7996,#7997);
#7363=AXIS2_PLACEMENT_3D('',#9963,#8002,#8003);
#7364=AXIS2_PLACEMENT_3D('',#9969,#8007,#8008);
#7365=AXIS2_PLACEMENT_3D('',#9975,#8012,#8013);
#7366=AXIS2_PLACEMENT_3D('',#9984,#8018,#8019);
#7367=AXIS2_PLACEMENT_3D('',#9990,#8023,#8024);
#7368=AXIS2_PLACEMENT_3D('',#9996,#8028,#8029);
#7369=AXIS2_PLACEMENT_3D('',#10005,#8034,#8035);
#7370=AXIS2_PLACEMENT_3D('',#10011,#8039,#8040);
#7371=AXIS2_PLACEMENT_3D('',#10017,#8044,#8045);
#7372=AXIS2_PLACEMENT_3D('',#10026,#8050,#8051);
#7373=AXIS2_PLACEMENT_3D('',#10032,#8055,#8056);
#7374=AXIS2_PLACEMENT_3D('',#10038,#8060,#8061);
#7375=AXIS2_PLACEMENT_3D('',#10047,#8066,#8067);
#7376=AXIS2_PLACEMENT_3D('',#10053,#8071,#8072);
#7377=AXIS2_PLACEMENT_3D('',#10059,#8076,#8077);
#7378=AXIS2_PLACEMENT_3D('',#10068,#8082,#8083);
#7379=AXIS2_PLACEMENT_3D('',#10074,#8087,#8088);
#7380=AXIS2_PLACEMENT_3D('',#10080,#8092,#8093);
#7381=AXIS2_PLACEMENT_3D('',#10083,#8096,#8097);
#7382=AXIS2_PLACEMENT_3D('',#10086,#8100,#8101);
#7383=AXIS2_PLACEMENT_3D('',#10089,#8104,#8105);
#7384=AXIS2_PLACEMENT_3D('',#10092,#8108,#8109);
#7385=AXIS2_PLACEMENT_3D('',#10095,#8112,#8113);
#7386=AXIS2_PLACEMENT_3D('',#10098,#8116,#8117);
#7387=AXIS2_PLACEMENT_3D('',#10101,#8120,#8121);
#7388=AXIS2_PLACEMENT_3D('',#10104,#8124,#8125);
#7389=AXIS2_PLACEMENT_3D('',#10107,#8128,#8129);
#7390=AXIS2_PLACEMENT_3D('',#10110,#8132,#8133);
#7391=AXIS2_PLACEMENT_3D('',#10113,#8136,#8137);
#7392=AXIS2_PLACEMENT_3D('',#10116,#8140,#8141);
#7393=AXIS2_PLACEMENT_3D('',#10119,#8144,#8145);
#7394=AXIS2_PLACEMENT_3D('',#10122,#8148,#8149);
#7395=AXIS2_PLACEMENT_3D('',#10125,#8152,#8153);
#7396=AXIS2_PLACEMENT_3D('',#10126,#8154,#8155);
#7397=AXIS2_PLACEMENT_3D('',#10127,#8156,#8157);
#7398=AXIS2_PLACEMENT_3D('',#10128,#8158,#8159);
#7399=AXIS2_PLACEMENT_3D('',#10130,#8160,#8161);
#7400=AXIS2_PLACEMENT_3D('',#10134,#8164,#8165);
#7401=AXIS2_PLACEMENT_3D('',#10135,#8166,#8167);
#7402=AXIS2_PLACEMENT_3D('',#10136,#8168,#8169);
#7403=AXIS2_PLACEMENT_3D('',#10138,#8171,#8172);
#7404=AXIS2_PLACEMENT_3D('',#10140,#8174,#8175);
#7405=AXIS2_PLACEMENT_3D('',#10141,#8176,#8177);
#7406=AXIS2_PLACEMENT_3D('',#10142,#8178,#8179);
#7407=AXIS2_PLACEMENT_3D('',#10144,#8180,#8181);
#7408=AXIS2_PLACEMENT_3D('',#10145,#8182,#8183);
#7409=AXIS2_PLACEMENT_3D('',#10147,#8184,#8185);
#7410=AXIS2_PLACEMENT_3D('',#10148,#8186,#8187);
#7411=AXIS2_PLACEMENT_3D('',#10149,#8188,#8189);
#7412=AXIS2_PLACEMENT_3D('',#10151,#8190,#8191);
#7413=AXIS2_PLACEMENT_3D('',#10152,#8192,#8193);
#7414=AXIS2_PLACEMENT_3D('',#10154,#8194,#8195);
#7415=AXIS2_PLACEMENT_3D('',#10155,#8196,#8197);
#7416=AXIS2_PLACEMENT_3D('',#10156,#8198,#8199);
#7417=AXIS2_PLACEMENT_3D('',#10165,#8204,#8205);
#7418=AXIS2_PLACEMENT_3D('',#10174,#8210,#8211);
#7419=AXIS2_PLACEMENT_3D('',#10183,#8216,#8217);
#7420=AXIS2_PLACEMENT_3D('',#10192,#8222,#8223);
#7421=AXIS2_PLACEMENT_3D('',#10201,#8228,#8229);
#7422=AXIS2_PLACEMENT_3D('',#10210,#8234,#8235);
#7423=AXIS2_PLACEMENT_3D('',#10219,#8240,#8241);
#7424=AXIS2_PLACEMENT_3D('',#10228,#8246,#8247);
#7425=AXIS2_PLACEMENT_3D('',#10237,#8252,#8253);
#7426=AXIS2_PLACEMENT_3D('',#10246,#8258,#8259);
#7427=AXIS2_PLACEMENT_3D('',#10255,#8264,#8265);
#7428=AXIS2_PLACEMENT_3D('',#10264,#8270,#8271);
#7429=AXIS2_PLACEMENT_3D('',#10270,#8275,#8276);
#7430=AXIS2_PLACEMENT_3D('',#10276,#8280,#8281);
#7431=AXIS2_PLACEMENT_3D('',#10282,#8285,#8286);
#7432=AXIS2_PLACEMENT_3D('',#10288,#8290,#8291);
#7433=AXIS2_PLACEMENT_3D('',#10294,#8295,#8296);
#7434=AXIS2_PLACEMENT_3D('',#10300,#8300,#8301);
#7435=AXIS2_PLACEMENT_3D('',#10306,#8305,#8306);
#7436=AXIS2_PLACEMENT_3D('',#10312,#8310,#8311);
#7437=AXIS2_PLACEMENT_3D('',#10318,#8315,#8316);
#7438=AXIS2_PLACEMENT_3D('',#10324,#8320,#8321);
#7439=AXIS2_PLACEMENT_3D('',#10330,#8325,#8326);
#7440=AXIS2_PLACEMENT_3D('',#10336,#8330,#8331);
#7441=AXIS2_PLACEMENT_3D('',#10342,#8335,#8336);
#7442=AXIS2_PLACEMENT_3D('',#10348,#8340,#8341);
#7443=AXIS2_PLACEMENT_3D('',#10354,#8345,#8346);
#7444=AXIS2_PLACEMENT_3D('',#10360,#8350,#8351);
#7445=AXIS2_PLACEMENT_3D('',#10366,#8355,#8356);
#7446=AXIS2_PLACEMENT_3D('',#10372,#8360,#8361);
#7447=AXIS2_PLACEMENT_3D('',#10378,#8365,#8366);
#7448=AXIS2_PLACEMENT_3D('',#10384,#8370,#8371);
#7449=AXIS2_PLACEMENT_3D('',#10390,#8375,#8376);
#7450=AXIS2_PLACEMENT_3D('',#10396,#8380,#8381);
#7451=AXIS2_PLACEMENT_3D('',#10402,#8385,#8386);
#7452=AXIS2_PLACEMENT_3D('',#10408,#8390,#8391);
#7453=AXIS2_PLACEMENT_3D('',#10417,#8396,#8397);
#7454=AXIS2_PLACEMENT_3D('',#10426,#8402,#8403);
#7455=AXIS2_PLACEMENT_3D('',#10435,#8408,#8409);
#7456=AXIS2_PLACEMENT_3D('',#10444,#8414,#8415);
#7457=AXIS2_PLACEMENT_3D('',#10453,#8420,#8421);
#7458=AXIS2_PLACEMENT_3D('',#10462,#8426,#8427);
#7459=AXIS2_PLACEMENT_3D('',#10468,#8431,#8432);
#7460=AXIS2_PLACEMENT_3D('',#10474,#8436,#8437);
#7461=AXIS2_PLACEMENT_3D('',#10480,#8441,#8442);
#7462=AXIS2_PLACEMENT_3D('',#10486,#8446,#8447);
#7463=AXIS2_PLACEMENT_3D('',#10492,#8451,#8452);
#7464=AXIS2_PLACEMENT_3D('',#10498,#8456,#8457);
#7465=AXIS2_PLACEMENT_3D('',#10504,#8461,#8462);
#7466=AXIS2_PLACEMENT_3D('',#10510,#8466,#8467);
#7467=AXIS2_PLACEMENT_3D('',#10516,#8471,#8472);
#7468=AXIS2_PLACEMENT_3D('',#10522,#8476,#8477);
#7469=AXIS2_PLACEMENT_3D('',#10528,#8481,#8482);
#7470=AXIS2_PLACEMENT_3D('',#10534,#8486,#8487);
#7471=AXIS2_PLACEMENT_3D('',#10537,#8490,#8491);
#7472=AXIS2_PLACEMENT_3D('',#10540,#8494,#8495);
#7473=AXIS2_PLACEMENT_3D('',#10543,#8498,#8499);
#7474=AXIS2_PLACEMENT_3D('',#10546,#8502,#8503);
#7475=AXIS2_PLACEMENT_3D('',#10549,#8506,#8507);
#7476=AXIS2_PLACEMENT_3D('',#10552,#8510,#8511);
#7477=AXIS2_PLACEMENT_3D('',#10561,#8516,#8517);
#7478=AXIS2_PLACEMENT_3D('',#10597,#8539,#8540);
#7479=AXIS2_PLACEMENT_3D('',#10633,#8562,#8563);
#7480=AXIS2_PLACEMENT_3D('',#10639,#8567,#8568);
#7481=AXIS2_PLACEMENT_3D('',#10645,#8572,#8573);
#7482=AXIS2_PLACEMENT_3D('',#10651,#8577,#8578);
#7483=AXIS2_PLACEMENT_3D('',#10657,#8582,#8583);
#7484=AXIS2_PLACEMENT_3D('',#10663,#8587,#8588);
#7485=AXIS2_PLACEMENT_3D('',#10693,#8616,#8617);
#7486=AXIS2_PLACEMENT_3D('',#10699,#8621,#8622);
#7487=AXIS2_PLACEMENT_3D('',#10705,#8626,#8627);
#7488=AXIS2_PLACEMENT_3D('',#10711,#8631,#8632);
#7489=AXIS2_PLACEMENT_3D('',#10714,#8635,#8636);
#7490=AXIS2_PLACEMENT_3D('',#10717,#8639,#8640);
#7491=AXIS2_PLACEMENT_3D('',#10720,#8643,#8644);
#7492=AXIS2_PLACEMENT_3D('',#10721,#8645,#8646);
#7493=AXIS2_PLACEMENT_3D('',#10722,#8647,#8648);
#7494=AXIS2_PLACEMENT_3D('',#10723,#8649,#8650);
#7495=AXIS2_PLACEMENT_3D('',#10724,#8651,#8652);
#7496=AXIS2_PLACEMENT_3D('',#10726,#8654,#8655);
#7497=AXIS2_PLACEMENT_3D('',#10728,#8657,#8658);
#7498=AXIS2_PLACEMENT_3D('',#10729,#8659,#8660);
#7499=AXIS2_PLACEMENT_3D('',#10730,#8661,#8662);
#7500=AXIS2_PLACEMENT_3D('',#10732,#8664,#8665);
#7501=AXIS2_PLACEMENT_3D('',#10734,#8667,#8668);
#7502=AXIS2_PLACEMENT_3D('',#10735,#8669,#8670);
#7503=AXIS2_PLACEMENT_3D('',#10736,#8671,#8672);
#7504=AXIS2_PLACEMENT_3D('',#10738,#8674,#8675);
#7505=AXIS2_PLACEMENT_3D('',#10740,#8677,#8678);
#7506=AXIS2_PLACEMENT_3D('',#10741,#8679,#8680);
#7507=AXIS2_PLACEMENT_3D('',#10742,#8681,#8682);
#7508=AXIS2_PLACEMENT_3D('',#10744,#8684,#8685);
#7509=AXIS2_PLACEMENT_3D('',#10746,#8687,#8688);
#7510=AXIS2_PLACEMENT_3D('',#10747,#8689,#8690);
#7511=AXIS2_PLACEMENT_3D('',#10748,#8691,#8692);
#7512=AXIS2_PLACEMENT_3D('',#10750,#8694,#8695);
#7513=AXIS2_PLACEMENT_3D('',#10752,#8697,#8698);
#7514=AXIS2_PLACEMENT_3D('',#10753,#8699,#8700);
#7515=AXIS2_PLACEMENT_3D('',#10754,#8701,#8702);
#7516=AXIS2_PLACEMENT_3D('',#10756,#8704,#8705);
#7517=AXIS2_PLACEMENT_3D('',#10758,#8707,#8708);
#7518=AXIS2_PLACEMENT_3D('',#10759,#8709,#8710);
#7519=AXIS2_PLACEMENT_3D('',#10760,#8711,#8712);
#7520=AXIS2_PLACEMENT_3D('',#10762,#8714,#8715);
#7521=AXIS2_PLACEMENT_3D('',#10764,#8717,#8718);
#7522=AXIS2_PLACEMENT_3D('',#10765,#8719,#8720);
#7523=AXIS2_PLACEMENT_3D('',#10766,#8721,#8722);
#7524=AXIS2_PLACEMENT_3D('',#10768,#8724,#8725);
#7525=AXIS2_PLACEMENT_3D('',#10770,#8727,#8728);
#7526=AXIS2_PLACEMENT_3D('',#10771,#8729,#8730);
#7527=AXIS2_PLACEMENT_3D('',#10772,#8731,#8732);
#7528=AXIS2_PLACEMENT_3D('',#10774,#8734,#8735);
#7529=AXIS2_PLACEMENT_3D('',#10776,#8737,#8738);
#7530=AXIS2_PLACEMENT_3D('',#10777,#8739,#8740);
#7531=AXIS2_PLACEMENT_3D('',#10778,#8741,#8742);
#7532=AXIS2_PLACEMENT_3D('',#10780,#8744,#8745);
#7533=AXIS2_PLACEMENT_3D('',#10782,#8747,#8748);
#7534=AXIS2_PLACEMENT_3D('',#10783,#8749,#8750);
#7535=AXIS2_PLACEMENT_3D('',#10784,#8751,#8752);
#7536=AXIS2_PLACEMENT_3D('',#10786,#8754,#8755);
#7537=AXIS2_PLACEMENT_3D('',#10788,#8757,#8758);
#7538=AXIS2_PLACEMENT_3D('',#10789,#8759,#8760);
#7539=AXIS2_PLACEMENT_3D('',#10790,#8761,#8762);
#7540=AXIS2_PLACEMENT_3D('',#10792,#8764,#8765);
#7541=AXIS2_PLACEMENT_3D('',#10794,#8767,#8768);
#7542=AXIS2_PLACEMENT_3D('',#10795,#8769,#8770);
#7543=AXIS2_PLACEMENT_3D('',#10796,#8771,#8772);
#7544=AXIS2_PLACEMENT_3D('',#10797,#8773,#8774);
#7545=AXIS2_PLACEMENT_3D('',#10806,#8779,#8780);
#7546=AXIS2_PLACEMENT_3D('',#10815,#8785,#8786);
#7547=AXIS2_PLACEMENT_3D('',#10824,#8791,#8792);
#7548=AXIS2_PLACEMENT_3D('',#10833,#8797,#8798);
#7549=AXIS2_PLACEMENT_3D('',#10842,#8803,#8804);
#7550=AXIS2_PLACEMENT_3D('',#10851,#8809,#8810);
#7551=AXIS2_PLACEMENT_3D('',#10852,#8811,#8812);
#7552=AXIS2_PLACEMENT_3D('',#10854,#8813,#8814);
#7553=AXIS2_PLACEMENT_3D('',#10857,#8816,#8817);
#7554=AXIS2_PLACEMENT_3D('',#10858,#8818,#8819);
#7555=AXIS2_PLACEMENT_3D('',#10862,#8821,#8822);
#7556=AXIS2_PLACEMENT_3D('',#10863,#8823,#8824);
#7557=AXIS2_PLACEMENT_3D('',#10864,#8825,#8826);
#7558=AXIS2_PLACEMENT_3D('',#10868,#8828,#8829);
#7559=AXIS2_PLACEMENT_3D('',#10869,#8830,#8831);
#7560=AXIS2_PLACEMENT_3D('',#10870,#8832,#8833);
#7561=AXIS2_PLACEMENT_3D('',#10874,#8835,#8836);
#7562=AXIS2_PLACEMENT_3D('',#10875,#8837,#8838);
#7563=AXIS2_PLACEMENT_3D('',#10876,#8839,#8840);
#7564=AXIS2_PLACEMENT_3D('',#10880,#8842,#8843);
#7565=AXIS2_PLACEMENT_3D('',#10881,#8844,#8845);
#7566=AXIS2_PLACEMENT_3D('',#10882,#8846,#8847);
#7567=AXIS2_PLACEMENT_3D('',#10886,#8849,#8850);
#7568=AXIS2_PLACEMENT_3D('',#10887,#8851,#8852);
#7569=AXIS2_PLACEMENT_3D('',#10893,#8856,#8857);
#7570=AXIS2_PLACEMENT_3D('',#10899,#8861,#8862);
#7571=AXIS2_PLACEMENT_3D('',#10905,#8866,#8867);
#7572=AXIS2_PLACEMENT_3D('',#10911,#8871,#8872);
#7573=AXIS2_PLACEMENT_3D('',#10917,#8876,#8877);
#7574=AXIS2_PLACEMENT_3D('',#10923,#8881,#8882);
#7575=AXIS2_PLACEMENT_3D('',#10927,#8884,#8885);
#7576=AXIS2_PLACEMENT_3D('',#10928,#8886,#8887);
#7577=AXIS2_PLACEMENT_3D('',#10929,#8888,#8889);
#7578=AXIS2_PLACEMENT_3D('',#10930,#8890,#8891);
#7579=AXIS2_PLACEMENT_3D('',#10934,#8893,#8894);
#7580=AXIS2_PLACEMENT_3D('',#10935,#8895,#8896);
#7581=AXIS2_PLACEMENT_3D('',#10936,#8897,#8898);
#7582=AXIS2_PLACEMENT_3D('',#10940,#8900,#8901);
#7583=AXIS2_PLACEMENT_3D('',#10941,#8902,#8903);
#7584=AXIS2_PLACEMENT_3D('',#10942,#8904,#8905);
#7585=AXIS2_PLACEMENT_3D('',#10946,#8907,#8908);
#7586=AXIS2_PLACEMENT_3D('',#10947,#8909,#8910);
#7587=AXIS2_PLACEMENT_3D('',#10948,#8911,#8912);
#7588=AXIS2_PLACEMENT_3D('',#10952,#8914,#8915);
#7589=AXIS2_PLACEMENT_3D('',#10953,#8916,#8917);
#7590=AXIS2_PLACEMENT_3D('',#10954,#8918,#8919);
#7591=AXIS2_PLACEMENT_3D('',#10958,#8921,#8922);
#7592=AXIS2_PLACEMENT_3D('',#10959,#8923,#8924);
#7593=AXIS2_PLACEMENT_3D('',#10965,#8928,#8929);
#7594=AXIS2_PLACEMENT_3D('',#10971,#8933,#8934);
#7595=AXIS2_PLACEMENT_3D('',#10977,#8938,#8939);
#7596=AXIS2_PLACEMENT_3D('',#10983,#8943,#8944);
#7597=AXIS2_PLACEMENT_3D('',#10989,#8948,#8949);
#7598=AXIS2_PLACEMENT_3D('',#10995,#8953,#8954);
#7599=AXIS2_PLACEMENT_3D('',#11001,#8958,#8959);
#7600=AXIS2_PLACEMENT_3D('',#11007,#8963,#8964);
#7601=AXIS2_PLACEMENT_3D('',#11013,#8968,#8969);
#7602=AXIS2_PLACEMENT_3D('',#11019,#8973,#8974);
#7603=AXIS2_PLACEMENT_3D('',#11025,#8978,#8979);
#7604=AXIS2_PLACEMENT_3D('',#11031,#8983,#8984);
#7605=AXIS2_PLACEMENT_3D('',#11037,#8988,#8989);
#7606=AXIS2_PLACEMENT_3D('',#11043,#8993,#8994);
#7607=AXIS2_PLACEMENT_3D('',#11049,#8998,#8999);
#7608=AXIS2_PLACEMENT_3D('',#11055,#9003,#9004);
#7609=AXIS2_PLACEMENT_3D('',#11061,#9008,#9009);
#7610=AXIS2_PLACEMENT_3D('',#11067,#9013,#9014);
#7611=AXIS2_PLACEMENT_3D('',#11068,#9015,#9016);
#7612=AXIS2_PLACEMENT_3D('',#11070,#9017,#9018);
#7613=AXIS2_PLACEMENT_3D('',#11073,#9020,#9021);
#7614=AXIS2_PLACEMENT_3D('',#11074,#9022,#9023);
#7615=AXIS2_PLACEMENT_3D('',#11078,#9025,#9026);
#7616=AXIS2_PLACEMENT_3D('',#11079,#9027,#9028);
#7617=AXIS2_PLACEMENT_3D('',#11080,#9029,#9030);
#7618=AXIS2_PLACEMENT_3D('',#11084,#9032,#9033);
#7619=AXIS2_PLACEMENT_3D('',#11085,#9034,#9035);
#7620=AXIS2_PLACEMENT_3D('',#11086,#9036,#9037);
#7621=AXIS2_PLACEMENT_3D('',#11090,#9039,#9040);
#7622=AXIS2_PLACEMENT_3D('',#11091,#9041,#9042);
#7623=AXIS2_PLACEMENT_3D('',#11092,#9043,#9044);
#7624=AXIS2_PLACEMENT_3D('',#11096,#9046,#9047);
#7625=AXIS2_PLACEMENT_3D('',#11097,#9048,#9049);
#7626=AXIS2_PLACEMENT_3D('',#11098,#9050,#9051);
#7627=AXIS2_PLACEMENT_3D('',#11102,#9053,#9054);
#7628=AXIS2_PLACEMENT_3D('',#11103,#9055,#9056);
#7629=AXIS2_PLACEMENT_3D('',#11109,#9060,#9061);
#7630=AXIS2_PLACEMENT_3D('',#11115,#9065,#9066);
#7631=AXIS2_PLACEMENT_3D('',#11121,#9070,#9071);
#7632=AXIS2_PLACEMENT_3D('',#11127,#9075,#9076);
#7633=AXIS2_PLACEMENT_3D('',#11133,#9080,#9081);
#7634=AXIS2_PLACEMENT_3D('',#11139,#9085,#9086);
#7635=AXIS2_PLACEMENT_3D('',#11143,#9088,#9089);
#7636=AXIS2_PLACEMENT_3D('',#11144,#9090,#9091);
#7637=AXIS2_PLACEMENT_3D('',#11145,#9092,#9093);
#7638=AXIS2_PLACEMENT_3D('',#11146,#9094,#9095);
#7639=AXIS2_PLACEMENT_3D('',#11150,#9097,#9098);
#7640=AXIS2_PLACEMENT_3D('',#11151,#9099,#9100);
#7641=AXIS2_PLACEMENT_3D('',#11152,#9101,#9102);
#7642=AXIS2_PLACEMENT_3D('',#11156,#9104,#9105);
#7643=AXIS2_PLACEMENT_3D('',#11157,#9106,#9107);
#7644=AXIS2_PLACEMENT_3D('',#11158,#9108,#9109);
#7645=AXIS2_PLACEMENT_3D('',#11162,#9111,#9112);
#7646=AXIS2_PLACEMENT_3D('',#11163,#9113,#9114);
#7647=AXIS2_PLACEMENT_3D('',#11164,#9115,#9116);
#7648=AXIS2_PLACEMENT_3D('',#11168,#9118,#9119);
#7649=AXIS2_PLACEMENT_3D('',#11169,#9120,#9121);
#7650=AXIS2_PLACEMENT_3D('',#11170,#9122,#9123);
#7651=AXIS2_PLACEMENT_3D('',#11174,#9125,#9126);
#7652=AXIS2_PLACEMENT_3D('',#11175,#9127,#9128);
#7653=AXIS2_PLACEMENT_3D('',#11181,#9132,#9133);
#7654=AXIS2_PLACEMENT_3D('',#11187,#9137,#9138);
#7655=AXIS2_PLACEMENT_3D('',#11193,#9142,#9143);
#7656=AXIS2_PLACEMENT_3D('',#11199,#9147,#9148);
#7657=AXIS2_PLACEMENT_3D('',#11205,#9152,#9153);
#7658=AXIS2_PLACEMENT_3D('',#11211,#9157,#9158);
#7659=AXIS2_PLACEMENT_3D('',#11220,#9163,#9164);
#7660=AXIS2_PLACEMENT_3D('',#11229,#9169,#9170);
#7661=AXIS2_PLACEMENT_3D('',#11238,#9175,#9176);
#7662=AXIS2_PLACEMENT_3D('',#11247,#9181,#9182);
#7663=AXIS2_PLACEMENT_3D('',#11256,#9187,#9188);
#7664=AXIS2_PLACEMENT_3D('',#11265,#9193,#9194);
#7665=AXIS2_PLACEMENT_3D('',#11266,#9195,#9196);
#7666=AXIS2_PLACEMENT_3D('',#11268,#9197,#9198);
#7667=AXIS2_PLACEMENT_3D('',#11271,#9200,#9201);
#7668=AXIS2_PLACEMENT_3D('',#11272,#9202,#9203);
#7669=AXIS2_PLACEMENT_3D('',#11276,#9205,#9206);
#7670=AXIS2_PLACEMENT_3D('',#11277,#9207,#9208);
#7671=AXIS2_PLACEMENT_3D('',#11278,#9209,#9210);
#7672=AXIS2_PLACEMENT_3D('',#11282,#9212,#9213);
#7673=AXIS2_PLACEMENT_3D('',#11283,#9214,#9215);
#7674=AXIS2_PLACEMENT_3D('',#11284,#9216,#9217);
#7675=AXIS2_PLACEMENT_3D('',#11288,#9219,#9220);
#7676=AXIS2_PLACEMENT_3D('',#11289,#9221,#9222);
#7677=AXIS2_PLACEMENT_3D('',#11290,#9223,#9224);
#7678=AXIS2_PLACEMENT_3D('',#11294,#9226,#9227);
#7679=AXIS2_PLACEMENT_3D('',#11295,#9228,#9229);
#7680=AXIS2_PLACEMENT_3D('',#11296,#9230,#9231);
#7681=AXIS2_PLACEMENT_3D('',#11300,#9233,#9234);
#7682=AXIS2_PLACEMENT_3D('',#11301,#9235,#9236);
#7683=AXIS2_PLACEMENT_3D('',#11305,#9238,#9239);
#7684=AXIS2_PLACEMENT_3D('',#11306,#9240,#9241);
#7685=AXIS2_PLACEMENT_3D('',#11307,#9242,#9243);
#7686=AXIS2_PLACEMENT_3D('',#11308,#9244,#9245);
#7687=AXIS2_PLACEMENT_3D('',#11312,#9247,#9248);
#7688=AXIS2_PLACEMENT_3D('',#11313,#9249,#9250);
#7689=AXIS2_PLACEMENT_3D('',#11314,#9251,#9252);
#7690=AXIS2_PLACEMENT_3D('',#11318,#9254,#9255);
#7691=AXIS2_PLACEMENT_3D('',#11319,#9256,#9257);
#7692=AXIS2_PLACEMENT_3D('',#11320,#9258,#9259);
#7693=AXIS2_PLACEMENT_3D('',#11324,#9261,#9262);
#7694=AXIS2_PLACEMENT_3D('',#11325,#9263,#9264);
#7695=AXIS2_PLACEMENT_3D('',#11326,#9265,#9266);
#7696=AXIS2_PLACEMENT_3D('',#11330,#9268,#9269);
#7697=AXIS2_PLACEMENT_3D('',#11331,#9270,#9271);
#7698=AXIS2_PLACEMENT_3D('',#11332,#9272,#9273);
#7699=AXIS2_PLACEMENT_3D('',#11336,#9275,#9276);
#7700=AXIS2_PLACEMENT_3D('',#11337,#9277,#9278);
#7701=AXIS2_PLACEMENT_3D('',#11343,#9282,#9283);
#7702=AXIS2_PLACEMENT_3D('',#11349,#9287,#9288);
#7703=AXIS2_PLACEMENT_3D('',#11355,#9292,#9293);
#7704=AXIS2_PLACEMENT_3D('',#11361,#9297,#9298);
#7705=AXIS2_PLACEMENT_3D('',#11367,#9302,#9303);
#7706=AXIS2_PLACEMENT_3D('',#11373,#9307,#9308);
#7707=AXIS2_PLACEMENT_3D('',#11379,#9312,#9313);
#7708=AXIS2_PLACEMENT_3D('',#11385,#9317,#9318);
#7709=AXIS2_PLACEMENT_3D('',#11391,#9322,#9323);
#7710=AXIS2_PLACEMENT_3D('',#11397,#9327,#9328);
#7711=AXIS2_PLACEMENT_3D('',#11403,#9332,#9333);
#7712=AXIS2_PLACEMENT_3D('',#11409,#9337,#9338);
#7713=AXIS2_PLACEMENT_3D('',#11415,#9342,#9343);
#7714=AXIS2_PLACEMENT_3D('',#11421,#9347,#9348);
#7715=AXIS2_PLACEMENT_3D('',#11427,#9352,#9353);
#7716=AXIS2_PLACEMENT_3D('',#11433,#9357,#9358);
#7717=AXIS2_PLACEMENT_3D('',#11439,#9362,#9363);
#7718=AXIS2_PLACEMENT_3D('',#11445,#9367,#9368);
#7719=AXIS2_PLACEMENT_3D('',#11446,#9369,#9370);
#7720=AXIS2_PLACEMENT_3D('',#11448,#9371,#9372);
#7721=AXIS2_PLACEMENT_3D('',#11451,#9374,#9375);
#7722=AXIS2_PLACEMENT_3D('',#11452,#9376,#9377);
#7723=AXIS2_PLACEMENT_3D('',#11456,#9379,#9380);
#7724=AXIS2_PLACEMENT_3D('',#11457,#9381,#9382);
#7725=AXIS2_PLACEMENT_3D('',#11458,#9383,#9384);
#7726=AXIS2_PLACEMENT_3D('',#11462,#9386,#9387);
#7727=AXIS2_PLACEMENT_3D('',#11463,#9388,#9389);
#7728=AXIS2_PLACEMENT_3D('',#11464,#9390,#9391);
#7729=AXIS2_PLACEMENT_3D('',#11468,#9393,#9394);
#7730=AXIS2_PLACEMENT_3D('',#11469,#9395,#9396);
#7731=AXIS2_PLACEMENT_3D('',#11470,#9397,#9398);
#7732=AXIS2_PLACEMENT_3D('',#11474,#9400,#9401);
#7733=AXIS2_PLACEMENT_3D('',#11475,#9402,#9403);
#7734=AXIS2_PLACEMENT_3D('',#11476,#9404,#9405);
#7735=AXIS2_PLACEMENT_3D('',#11480,#9407,#9408);
#7736=AXIS2_PLACEMENT_3D('',#11481,#9409,#9410);
#7737=AXIS2_PLACEMENT_3D('',#11485,#9412,#9413);
#7738=AXIS2_PLACEMENT_3D('',#11486,#9414,#9415);
#7739=AXIS2_PLACEMENT_3D('',#11487,#9416,#9417);
#7740=AXIS2_PLACEMENT_3D('',#11488,#9418,#9419);
#7741=AXIS2_PLACEMENT_3D('',#11492,#9421,#9422);
#7742=AXIS2_PLACEMENT_3D('',#11493,#9423,#9424);
#7743=AXIS2_PLACEMENT_3D('',#11494,#9425,#9426);
#7744=AXIS2_PLACEMENT_3D('',#11498,#9428,#9429);
#7745=AXIS2_PLACEMENT_3D('',#11499,#9430,#9431);
#7746=AXIS2_PLACEMENT_3D('',#11500,#9432,#9433);
#7747=AXIS2_PLACEMENT_3D('',#11504,#9435,#9436);
#7748=AXIS2_PLACEMENT_3D('',#11505,#9437,#9438);
#7749=AXIS2_PLACEMENT_3D('',#11506,#9439,#9440);
#7750=AXIS2_PLACEMENT_3D('',#11510,#9442,#9443);
#7751=AXIS2_PLACEMENT_3D('',#11511,#9444,#9445);
#7752=AXIS2_PLACEMENT_3D('',#11512,#9446,#9447);
#7753=AXIS2_PLACEMENT_3D('',#11516,#9449,#9450);
#7754=AXIS2_PLACEMENT_3D('',#11517,#9451,#9452);
#7755=AXIS2_PLACEMENT_3D('',#11523,#9456,#9457);
#7756=AXIS2_PLACEMENT_3D('',#11529,#9461,#9462);
#7757=AXIS2_PLACEMENT_3D('',#11535,#9466,#9467);
#7758=AXIS2_PLACEMENT_3D('',#11541,#9471,#9472);
#7759=AXIS2_PLACEMENT_3D('',#11547,#9476,#9477);
#7760=AXIS2_PLACEMENT_3D('',#11553,#9481,#9482);
#7761=AXIS2_PLACEMENT_3D('',#11592,#9505,#9506);
#7762=AXIS2_PLACEMENT_3D('',#11598,#9510,#9511);
#7763=AXIS2_PLACEMENT_3D('',#11599,#9512,#9513);
#7764=AXIS2_PLACEMENT_3D('',#11603,#9515,#9516);
#7765=AXIS2_PLACEMENT_3D('',#11604,#9517,#9518);
#7766=AXIS2_PLACEMENT_3D('',#11610,#9522,#9523);
#7767=AXIS2_PLACEMENT_3D('',#11611,#9524,#9525);
#7768=AXIS2_PLACEMENT_3D('',#11615,#9527,#9528);
#7769=AXIS2_PLACEMENT_3D('',#11616,#9529,#9530);
#7770=AXIS2_PLACEMENT_3D('',#11622,#9534,#9535);
#7771=AXIS2_PLACEMENT_3D('',#11628,#9539,#9540);
#7772=AXIS2_PLACEMENT_3D('',#11634,#9544,#9545);
#7773=AXIS2_PLACEMENT_3D('',#11635,#9546,#9547);
#7774=AXIS2_PLACEMENT_3D('',#11639,#9549,#9550);
#7775=AXIS2_PLACEMENT_3D('',#11640,#9551,#9552);
#7776=AXIS2_PLACEMENT_3D('',#11646,#9556,#9557);
#7777=AXIS2_PLACEMENT_3D('',#11647,#9558,#9559);
#7778=AXIS2_PLACEMENT_3D('',#11651,#9561,#9562);
#7779=AXIS2_PLACEMENT_3D('',#11652,#9563,#9564);
#7780=AXIS2_PLACEMENT_3D('',#11658,#9568,#9569);
#7781=AXIS2_PLACEMENT_3D('',#11706,#9603,#9604);
#7782=AXIS2_PLACEMENT_3D('',#11712,#9608,#9609);
#7783=AXIS2_PLACEMENT_3D('',#11713,#9610,#9611);
#7784=AXIS2_PLACEMENT_3D('',#11717,#9613,#9614);
#7785=AXIS2_PLACEMENT_3D('',#11718,#9615,#9616);
#7786=AXIS2_PLACEMENT_3D('',#11719,#9617,#9618);
#7787=AXIS2_PLACEMENT_3D('',#11723,#9620,#9621);
#7788=AXIS2_PLACEMENT_3D('',#11724,#9622,#9623);
#7789=AXIS2_PLACEMENT_3D('',#11730,#9627,#9628);
#7790=AXIS2_PLACEMENT_3D('',#11736,#9632,#9633);
#7791=AXIS2_PLACEMENT_3D('',#11742,#9637,#9638);
#7792=AXIS2_PLACEMENT_3D('',#11743,#9639,#9640);
#7793=AXIS2_PLACEMENT_3D('',#11747,#9642,#9643);
#7794=AXIS2_PLACEMENT_3D('',#11748,#9644,#9645);
#7795=AXIS2_PLACEMENT_3D('',#11749,#9646,#9647);
#7796=AXIS2_PLACEMENT_3D('',#11753,#9649,#9650);
#7797=AXIS2_PLACEMENT_3D('',#11754,#9651,#9652);
#7798=AXIS2_PLACEMENT_3D('',#11760,#9656,#9657);
#7799=AXIS2_PLACEMENT_3D('',#11775,#9672,#9673);
#7800=AXIS2_PLACEMENT_3D('',#11776,#9674,#9675);
#7801=AXIS2_PLACEMENT_3D('',#11777,#9676,#9677);
#7802=AXIS2_PLACEMENT_3D('',#11778,#9678,#9679);
#7803=AXIS2_PLACEMENT_3D('',#11779,#9680,#9681);
#7804=AXIS2_PLACEMENT_3D('',#11780,#9682,#9683);
#7805=AXIS2_PLACEMENT_3D('',#11781,#9684,#9685);
#7806=AXIS2_PLACEMENT_3D('',#11782,#9686,#9687);
#7807=AXIS2_PLACEMENT_3D('',#11783,#9688,#9689);
#7808=AXIS2_PLACEMENT_3D('',#11784,#9690,#9691);
#7809=AXIS2_PLACEMENT_3D('',#11785,#9692,#9693);
#7810=AXIS2_PLACEMENT_3D('',#11786,#9694,#9695);
#7811=AXIS2_PLACEMENT_3D('',#11787,#9696,#9697);
#7812=AXIS2_PLACEMENT_3D('',#11788,#9698,#9699);
#7813=AXIS2_PLACEMENT_3D('',#11789,#9700,#9701);
#7814=AXIS2_PLACEMENT_3D('',#11790,#9702,#9703);
#7815=AXIS2_PLACEMENT_3D('',#11791,#9704,#9705);
#7816=AXIS2_PLACEMENT_3D('',#11792,#9706,#9707);
#7817=AXIS2_PLACEMENT_3D('',#11793,#9708,#9709);
#7818=AXIS2_PLACEMENT_3D('',#11794,#9710,#9711);
#7819=AXIS2_PLACEMENT_3D('',#11795,#9712,#9713);
#7820=AXIS2_PLACEMENT_3D('',#11796,#9714,#9715);
#7821=AXIS2_PLACEMENT_3D('',#11797,#9716,#9717);
#7822=AXIS2_PLACEMENT_3D('',#11798,#9718,#9719);
#7823=AXIS2_PLACEMENT_3D('',#11799,#9720,#9721);
#7824=AXIS2_PLACEMENT_3D('',#11800,#9722,#9723);
#7825=AXIS2_PLACEMENT_3D('',#11801,#9724,#9725);
#7826=DIRECTION('',(0.,0.,1.));
#7827=DIRECTION('',(1.,0.,0.));
#7828=DIRECTION('',(0.,0.,1.));
#7829=DIRECTION('',(1.,0.,0.));
#7830=DIRECTION('',(0.,-1.,0.));
#7831=DIRECTION('',(-1.,0.,0.));
#7832=DIRECTION('',(0.,-1.,0.));
#7833=DIRECTION('',(-1.,0.,0.));
#7834=DIRECTION('',(0.,0.,-1.));
#7835=DIRECTION('',(-1.,0.,0.));
#7836=DIRECTION('',(0.,-1.,0.));
#7837=DIRECTION('',(-1.,0.,0.));
#7838=DIRECTION('',(0.,-1.,0.));
#7839=DIRECTION('',(1.,0.,0.));
#7840=DIRECTION('',(1.,0.,0.));
#7841=DIRECTION('',(0.,0.,-1.));
#7842=DIRECTION('',(0.,1.,0.));
#7843=DIRECTION('',(0.,0.,1.));
#7844=DIRECTION('',(0.,0.,1.));
#7845=DIRECTION('',(0.,0.,1.));
#7846=DIRECTION('',(0.,-1.,0.));
#7847=DIRECTION('',(0.,0.,-1.));
#7848=DIRECTION('',(0.,-1.,0.));
#7849=DIRECTION('',(0.,0.,1.));
#7850=DIRECTION('',(0.,-1.,0.));
#7851=DIRECTION('',(0.,0.,-1.));
#7852=DIRECTION('',(0.,0.,-1.));
#7853=DIRECTION('',(-1.,0.,0.));
#7854=DIRECTION('',(-1.,0.,0.));
#7855=DIRECTION('',(0.,-1.,0.));
#7856=DIRECTION('',(1.,0.,0.));
#7857=DIRECTION('',(-1.,0.,0.));
#7858=DIRECTION('',(0.,0.,1.));
#7859=DIRECTION('',(0.,0.,1.));
#7860=DIRECTION('',(0.,1.,0.));
#7861=DIRECTION('',(0.,0.,-1.));
#7862=DIRECTION('',(0.,-1.,0.));
#7863=DIRECTION('',(0.,0.,-1.));
#7864=DIRECTION('',(0.,0.,-1.));
#7865=DIRECTION('',(0.,-1.,0.));
#7866=DIRECTION('',(0.,0.,1.));
#7867=DIRECTION('',(0.,0.,-1.));
#7868=DIRECTION('',(1.,0.,0.));
#7869=DIRECTION('',(0.,0.,-1.));
#7870=DIRECTION('',(0.,0.,1.));
#7871=DIRECTION('',(0.,-1.,0.));
#7872=DIRECTION('',(0.,0.,1.));
#7873=DIRECTION('',(0.,-1.,0.));
#7874=DIRECTION('',(0.,0.,1.));
#7875=DIRECTION('',(1.,0.,0.));
#7876=DIRECTION('',(-1.,0.,0.));
#7877=DIRECTION('',(0.,-1.,0.));
#7878=DIRECTION('',(-1.,0.,0.));
#7879=DIRECTION('',(-1.,0.,0.));
#7880=DIRECTION('',(0.,0.,1.));
#7881=DIRECTION('',(0.,0.,-1.));
#7882=DIRECTION('',(0.,-1.,0.));
#7883=DIRECTION('',(0.,0.,-1.));
#7884=DIRECTION('',(1.,0.,0.));
#7885=DIRECTION('',(0.,0.,-1.));
#7886=DIRECTION('',(0.,0.,1.));
#7887=DIRECTION('',(0.,-1.,0.));
#7888=DIRECTION('',(0.,0.,1.));
#7889=DIRECTION('',(0.,-1.,0.));
#7890=DIRECTION('',(0.,0.,1.));
#7891=DIRECTION('',(1.,0.,0.));
#7892=DIRECTION('',(-1.,0.,0.));
#7893=DIRECTION('',(0.,-1.,0.));
#7894=DIRECTION('',(-1.,0.,0.));
#7895=DIRECTION('',(-1.,0.,0.));
#7896=DIRECTION('',(0.,0.,1.));
#7897=DIRECTION('',(0.,0.,-1.));
#7898=DIRECTION('',(0.,-1.,0.));
#7899=DIRECTION('',(0.,0.,-1.));
#7900=DIRECTION('',(1.,0.,0.));
#7901=DIRECTION('',(0.,0.,-1.));
#7902=DIRECTION('',(0.,0.,1.));
#7903=DIRECTION('',(0.,-1.,0.));
#7904=DIRECTION('',(0.,0.,1.));
#7905=DIRECTION('',(0.,-1.,0.));
#7906=DIRECTION('',(0.,0.,1.));
#7907=DIRECTION('',(1.,0.,0.));
#7908=DIRECTION('',(-1.,0.,0.));
#7909=DIRECTION('',(0.,-1.,0.));
#7910=DIRECTION('',(-1.,0.,0.));
#7911=DIRECTION('',(-1.,0.,0.));
#7912=DIRECTION('',(0.,0.,1.));
#7913=DIRECTION('',(0.,0.,-1.));
#7914=DIRECTION('',(0.,-1.,0.));
#7915=DIRECTION('',(0.,0.,-1.));
#7916=DIRECTION('',(1.,0.,0.));
#7917=DIRECTION('',(0.,0.,-1.));
#7918=DIRECTION('',(0.,0.,1.));
#7919=DIRECTION('',(0.,-1.,0.));
#7920=DIRECTION('',(0.,0.,1.));
#7921=DIRECTION('',(0.,-1.,0.));
#7922=DIRECTION('',(0.,0.,1.));
#7923=DIRECTION('',(1.,0.,0.));
#7924=DIRECTION('',(-1.,0.,0.));
#7925=DIRECTION('',(0.,-1.,0.));
#7926=DIRECTION('',(-1.,0.,0.));
#7927=DIRECTION('',(-1.,0.,0.));
#7928=DIRECTION('',(0.,0.,1.));
#7929=DIRECTION('',(0.,0.,-1.));
#7930=DIRECTION('',(0.,-1.,0.));
#7931=DIRECTION('',(0.,0.,-1.));
#7932=DIRECTION('',(1.,0.,0.));
#7933=DIRECTION('',(0.,0.,-1.));
#7934=DIRECTION('',(0.,0.,1.));
#7935=DIRECTION('',(0.,-1.,0.));
#7936=DIRECTION('',(0.,0.,1.));
#7937=DIRECTION('',(0.,-1.,0.));
#7938=DIRECTION('',(0.,0.,1.));
#7939=DIRECTION('',(1.,0.,0.));
#7940=DIRECTION('',(-1.,0.,0.));
#7941=DIRECTION('',(0.,-1.,0.));
#7942=DIRECTION('',(-1.,0.,0.));
#7943=DIRECTION('',(-1.,0.,0.));
#7944=DIRECTION('',(0.,0.,1.));
#7945=DIRECTION('',(0.,0.,-1.));
#7946=DIRECTION('',(0.,-1.,0.));
#7947=DIRECTION('',(0.,0.,-1.));
#7948=DIRECTION('',(1.,0.,0.));
#7949=DIRECTION('',(0.,0.,-1.));
#7950=DIRECTION('',(0.,0.,1.));
#7951=DIRECTION('',(0.,-1.,0.));
#7952=DIRECTION('',(0.,0.,1.));
#7953=DIRECTION('',(0.,-1.,0.));
#7954=DIRECTION('',(0.,0.,1.));
#7955=DIRECTION('',(1.,0.,0.));
#7956=DIRECTION('',(-1.,0.,0.));
#7957=DIRECTION('',(0.,-1.,0.));
#7958=DIRECTION('',(-1.,0.,0.));
#7959=DIRECTION('',(-1.,0.,0.));
#7960=DIRECTION('',(0.,0.,1.));
#7961=DIRECTION('',(0.,0.,-1.));
#7962=DIRECTION('',(0.,-1.,0.));
#7963=DIRECTION('',(0.,0.,-1.));
#7964=DIRECTION('',(1.,0.,0.));
#7965=DIRECTION('',(0.,0.,-1.));
#7966=DIRECTION('',(0.,0.,1.));
#7967=DIRECTION('',(0.,-1.,0.));
#7968=DIRECTION('',(0.,0.,1.));
#7969=DIRECTION('',(0.,-1.,0.));
#7970=DIRECTION('',(0.,0.,1.));
#7971=DIRECTION('',(1.,0.,0.));
#7972=DIRECTION('',(-1.,0.,0.));
#7973=DIRECTION('',(0.,-1.,0.));
#7974=DIRECTION('',(-1.,0.,0.));
#7975=DIRECTION('',(-1.,0.,0.));
#7976=DIRECTION('',(0.,0.,1.));
#7977=DIRECTION('',(0.,0.,-1.));
#7978=DIRECTION('',(0.,-1.,0.));
#7979=DIRECTION('',(0.,0.,-1.));
#7980=DIRECTION('',(1.,0.,0.));
#7981=DIRECTION('',(0.,0.,-1.));
#7982=DIRECTION('',(0.,0.,1.));
#7983=DIRECTION('',(0.,-1.,0.));
#7984=DIRECTION('',(0.,0.,1.));
#7985=DIRECTION('',(0.,-1.,0.));
#7986=DIRECTION('',(0.,0.,1.));
#7987=DIRECTION('',(1.,0.,0.));
#7988=DIRECTION('',(-1.,0.,0.));
#7989=DIRECTION('',(0.,-1.,0.));
#7990=DIRECTION('',(-1.,0.,0.));
#7991=DIRECTION('',(-1.,0.,0.));
#7992=DIRECTION('',(0.,0.,1.));
#7993=DIRECTION('',(0.,0.,-1.));
#7994=DIRECTION('',(0.,-1.,0.));
#7995=DIRECTION('',(0.,0.,-1.));
#7996=DIRECTION('',(1.,0.,0.));
#7997=DIRECTION('',(0.,0.,-1.));
#7998=DIRECTION('',(0.,0.,1.));
#7999=DIRECTION('',(0.,-1.,0.));
#8000=DIRECTION('',(0.,0.,1.));
#8001=DIRECTION('',(0.,-1.,0.));
#8002=DIRECTION('',(0.,0.,1.));
#8003=DIRECTION('',(1.,0.,0.));
#8004=DIRECTION('',(-1.,0.,0.));
#8005=DIRECTION('',(0.,-1.,0.));
#8006=DIRECTION('',(-1.,0.,0.));
#8007=DIRECTION('',(-1.,0.,0.));
#8008=DIRECTION('',(0.,0.,1.));
#8009=DIRECTION('',(0.,0.,-1.));
#8010=DIRECTION('',(0.,-1.,0.));
#8011=DIRECTION('',(0.,0.,-1.));
#8012=DIRECTION('',(1.,0.,0.));
#8013=DIRECTION('',(0.,0.,-1.));
#8014=DIRECTION('',(0.,0.,1.));
#8015=DIRECTION('',(0.,-1.,0.));
#8016=DIRECTION('',(0.,0.,1.));
#8017=DIRECTION('',(0.,-1.,0.));
#8018=DIRECTION('',(0.,0.,1.));
#8019=DIRECTION('',(1.,0.,0.));
#8020=DIRECTION('',(-1.,0.,0.));
#8021=DIRECTION('',(0.,-1.,0.));
#8022=DIRECTION('',(-1.,0.,0.));
#8023=DIRECTION('',(-1.,0.,0.));
#8024=DIRECTION('',(0.,0.,1.));
#8025=DIRECTION('',(0.,0.,-1.));
#8026=DIRECTION('',(0.,-1.,0.));
#8027=DIRECTION('',(0.,0.,-1.));
#8028=DIRECTION('',(1.,0.,0.));
#8029=DIRECTION('',(0.,0.,-1.));
#8030=DIRECTION('',(0.,0.,1.));
#8031=DIRECTION('',(0.,-1.,0.));
#8032=DIRECTION('',(0.,0.,1.));
#8033=DIRECTION('',(0.,-1.,0.));
#8034=DIRECTION('',(0.,0.,1.));
#8035=DIRECTION('',(1.,0.,0.));
#8036=DIRECTION('',(-1.,0.,0.));
#8037=DIRECTION('',(0.,-1.,0.));
#8038=DIRECTION('',(-1.,0.,0.));
#8039=DIRECTION('',(-1.,0.,0.));
#8040=DIRECTION('',(0.,0.,1.));
#8041=DIRECTION('',(0.,0.,-1.));
#8042=DIRECTION('',(0.,-1.,0.));
#8043=DIRECTION('',(0.,0.,-1.));
#8044=DIRECTION('',(1.,0.,0.));
#8045=DIRECTION('',(0.,0.,-1.));
#8046=DIRECTION('',(0.,0.,1.));
#8047=DIRECTION('',(0.,-1.,0.));
#8048=DIRECTION('',(0.,0.,1.));
#8049=DIRECTION('',(0.,-1.,0.));
#8050=DIRECTION('',(0.,0.,1.));
#8051=DIRECTION('',(1.,0.,0.));
#8052=DIRECTION('',(-1.,0.,0.));
#8053=DIRECTION('',(0.,-1.,0.));
#8054=DIRECTION('',(-1.,0.,0.));
#8055=DIRECTION('',(-1.,0.,0.));
#8056=DIRECTION('',(0.,0.,1.));
#8057=DIRECTION('',(0.,0.,-1.));
#8058=DIRECTION('',(0.,-1.,0.));
#8059=DIRECTION('',(0.,0.,-1.));
#8060=DIRECTION('',(1.,0.,0.));
#8061=DIRECTION('',(0.,0.,-1.));
#8062=DIRECTION('',(0.,0.,1.));
#8063=DIRECTION('',(0.,-1.,0.));
#8064=DIRECTION('',(0.,0.,1.));
#8065=DIRECTION('',(0.,-1.,0.));
#8066=DIRECTION('',(0.,0.,1.));
#8067=DIRECTION('',(1.,0.,0.));
#8068=DIRECTION('',(-1.,0.,0.));
#8069=DIRECTION('',(0.,-1.,0.));
#8070=DIRECTION('',(-1.,0.,0.));
#8071=DIRECTION('',(-1.,0.,0.));
#8072=DIRECTION('',(0.,0.,1.));
#8073=DIRECTION('',(0.,0.,-1.));
#8074=DIRECTION('',(0.,-1.,0.));
#8075=DIRECTION('',(0.,0.,-1.));
#8076=DIRECTION('',(1.,0.,0.));
#8077=DIRECTION('',(0.,0.,-1.));
#8078=DIRECTION('',(0.,0.,1.));
#8079=DIRECTION('',(0.,-1.,0.));
#8080=DIRECTION('',(0.,0.,1.));
#8081=DIRECTION('',(0.,-1.,0.));
#8082=DIRECTION('',(0.,0.,1.));
#8083=DIRECTION('',(1.,0.,0.));
#8084=DIRECTION('',(-1.,0.,0.));
#8085=DIRECTION('',(0.,-1.,0.));
#8086=DIRECTION('',(-1.,0.,0.));
#8087=DIRECTION('',(-1.,0.,0.));
#8088=DIRECTION('',(0.,0.,1.));
#8089=DIRECTION('',(0.,0.,-1.));
#8090=DIRECTION('',(0.,-1.,0.));
#8091=DIRECTION('',(0.,0.,-1.));
#8092=DIRECTION('',(0.,0.,-1.));
#8093=DIRECTION('',(-1.,0.,0.));
#8094=DIRECTION('',(1.,0.,0.));
#8095=DIRECTION('',(1.,0.,0.));
#8096=DIRECTION('',(0.,0.,-1.));
#8097=DIRECTION('',(-1.,0.,0.));
#8098=DIRECTION('',(1.,0.,0.));
#8099=DIRECTION('',(1.,0.,0.));
#8100=DIRECTION('',(0.,0.,-1.));
#8101=DIRECTION('',(-1.,0.,0.));
#8102=DIRECTION('',(1.,0.,0.));
#8103=DIRECTION('',(1.,0.,0.));
#8104=DIRECTION('',(0.,0.,-1.));
#8105=DIRECTION('',(-1.,0.,0.));
#8106=DIRECTION('',(1.,0.,0.));
#8107=DIRECTION('',(1.,0.,0.));
#8108=DIRECTION('',(0.,0.,-1.));
#8109=DIRECTION('',(-1.,0.,0.));
#8110=DIRECTION('',(1.,0.,0.));
#8111=DIRECTION('',(1.,0.,0.));
#8112=DIRECTION('',(0.,0.,-1.));
#8113=DIRECTION('',(-1.,0.,0.));
#8114=DIRECTION('',(1.,0.,0.));
#8115=DIRECTION('',(1.,0.,0.));
#8116=DIRECTION('',(0.,0.,-1.));
#8117=DIRECTION('',(-1.,0.,0.));
#8118=DIRECTION('',(1.,0.,0.));
#8119=DIRECTION('',(1.,0.,0.));
#8120=DIRECTION('',(0.,0.,-1.));
#8121=DIRECTION('',(-1.,0.,0.));
#8122=DIRECTION('',(1.,0.,0.));
#8123=DIRECTION('',(1.,0.,0.));
#8124=DIRECTION('',(0.,0.,-1.));
#8125=DIRECTION('',(-1.,0.,0.));
#8126=DIRECTION('',(1.,0.,0.));
#8127=DIRECTION('',(1.,0.,0.));
#8128=DIRECTION('',(0.,0.,-1.));
#8129=DIRECTION('',(-1.,0.,0.));
#8130=DIRECTION('',(1.,0.,0.));
#8131=DIRECTION('',(1.,0.,0.));
#8132=DIRECTION('',(0.,0.,-1.));
#8133=DIRECTION('',(-1.,0.,0.));
#8134=DIRECTION('',(1.,0.,0.));
#8135=DIRECTION('',(1.,0.,0.));
#8136=DIRECTION('',(0.,0.,-1.));
#8137=DIRECTION('',(-1.,0.,0.));
#8138=DIRECTION('',(1.,0.,0.));
#8139=DIRECTION('',(1.,0.,0.));
#8140=DIRECTION('',(0.,0.,-1.));
#8141=DIRECTION('',(-1.,0.,0.));
#8142=DIRECTION('',(1.,0.,0.));
#8143=DIRECTION('',(1.,0.,0.));
#8144=DIRECTION('',(0.,0.,-1.));
#8145=DIRECTION('',(-1.,0.,0.));
#8146=DIRECTION('',(1.,0.,0.));
#8147=DIRECTION('',(1.,0.,0.));
#8148=DIRECTION('',(0.,0.,1.));
#8149=DIRECTION('',(1.,0.,0.));
#8150=DIRECTION('',(-1.,0.,0.));
#8151=DIRECTION('',(-1.,0.,0.));
#8152=DIRECTION('',(0.,1.,0.));
#8153=DIRECTION('',(0.,0.,1.));
#8154=DIRECTION('',(0.,1.,0.));
#8155=DIRECTION('',(0.,0.,1.));
#8156=DIRECTION('',(0.,0.,-1.));
#8157=DIRECTION('',(-1.,0.,0.));
#8158=DIRECTION('',(0.,0.,-1.));
#8159=DIRECTION('',(-1.,0.,0.));
#8160=DIRECTION('',(0.,0.,-1.));
#8161=DIRECTION('',(-1.,0.,0.));
#8162=DIRECTION('',(-1.,0.,0.));
#8163=DIRECTION('',(-1.,0.,0.));
#8164=DIRECTION('',(0.,-1.,0.));
#8165=DIRECTION('',(0.,0.,-1.));
#8166=DIRECTION('',(0.,1.,0.));
#8167=DIRECTION('',(0.,0.,1.));
#8168=DIRECTION('',(0.,-1.,0.));
#8169=DIRECTION('',(0.,0.,-1.));
#8170=DIRECTION('',(-1.,0.,0.));
#8171=DIRECTION('',(0.,0.,1.));
#8172=DIRECTION('',(1.,0.,0.));
#8173=DIRECTION('',(-1.,0.,0.));
#8174=DIRECTION('',(0.,1.,0.));
#8175=DIRECTION('',(0.,0.,1.));
#8176=DIRECTION('',(0.,0.,1.));
#8177=DIRECTION('',(1.,0.,0.));
#8178=DIRECTION('',(0.,0.,1.));
#8179=DIRECTION('',(1.,0.,0.));
#8180=DIRECTION('',(0.,0.,-1.));
#8181=DIRECTION('',(-1.,0.,0.));
#8182=DIRECTION('',(0.,0.,1.));
#8183=DIRECTION('',(1.,0.,0.));
#8184=DIRECTION('',(0.,0.,-1.));
#8185=DIRECTION('',(-1.,0.,0.));
#8186=DIRECTION('',(0.,0.,1.));
#8187=DIRECTION('',(1.,0.,0.));
#8188=DIRECTION('',(0.,0.,1.));
#8189=DIRECTION('',(1.,0.,0.));
#8190=DIRECTION('',(0.,0.,-1.));
#8191=DIRECTION('',(-1.,0.,0.));
#8192=DIRECTION('',(0.,0.,1.));
#8193=DIRECTION('',(1.,0.,0.));
#8194=DIRECTION('',(0.,0.,-1.));
#8195=DIRECTION('',(-1.,0.,0.));
#8196=DIRECTION('',(0.,0.,1.));
#8197=DIRECTION('',(1.,0.,0.));
#8198=DIRECTION('',(0.,0.,-1.));
#8199=DIRECTION('',(-1.,0.,0.));
#8200=DIRECTION('',(0.,1.,0.));
#8201=DIRECTION('',(-1.,0.,0.));
#8202=DIRECTION('',(0.,-1.,0.));
#8203=DIRECTION('',(-1.,0.,0.));
#8204=DIRECTION('',(0.,0.,-1.));
#8205=DIRECTION('',(-1.,0.,0.));
#8206=DIRECTION('',(0.,-1.,0.));
#8207=DIRECTION('',(-1.,0.,0.));
#8208=DIRECTION('',(0.,1.,0.));
#8209=DIRECTION('',(-1.,0.,0.));
#8210=DIRECTION('',(0.,0.,-1.));
#8211=DIRECTION('',(-1.,0.,0.));
#8212=DIRECTION('',(0.,-1.,0.));
#8213=DIRECTION('',(-1.,0.,0.));
#8214=DIRECTION('',(0.,1.,0.));
#8215=DIRECTION('',(-1.,0.,0.));
#8216=DIRECTION('',(0.,0.,-1.));
#8217=DIRECTION('',(-1.,0.,0.));
#8218=DIRECTION('',(0.,-1.,0.));
#8219=DIRECTION('',(-1.,0.,0.));
#8220=DIRECTION('',(0.,1.,0.));
#8221=DIRECTION('',(-1.,0.,0.));
#8222=DIRECTION('',(0.,0.,-1.));
#8223=DIRECTION('',(-1.,0.,0.));
#8224=DIRECTION('',(0.,-1.,0.));
#8225=DIRECTION('',(-1.,0.,0.));
#8226=DIRECTION('',(0.,1.,0.));
#8227=DIRECTION('',(-1.,0.,0.));
#8228=DIRECTION('',(0.,0.,-1.));
#8229=DIRECTION('',(-1.,0.,0.));
#8230=DIRECTION('',(0.,-1.,0.));
#8231=DIRECTION('',(-1.,0.,0.));
#8232=DIRECTION('',(0.,1.,0.));
#8233=DIRECTION('',(-1.,0.,0.));
#8234=DIRECTION('',(0.,0.,1.));
#8235=DIRECTION('',(1.,0.,0.));
#8236=DIRECTION('',(0.,-1.,0.));
#8237=DIRECTION('',(-1.,0.,0.));
#8238=DIRECTION('',(0.,1.,0.));
#8239=DIRECTION('',(-1.,0.,0.));
#8240=DIRECTION('',(0.,0.,1.));
#8241=DIRECTION('',(1.,0.,0.));
#8242=DIRECTION('',(0.,1.,0.));
#8243=DIRECTION('',(-1.,0.,0.));
#8244=DIRECTION('',(0.,-1.,0.));
#8245=DIRECTION('',(-1.,0.,0.));
#8246=DIRECTION('',(0.,0.,1.));
#8247=DIRECTION('',(1.,0.,0.));
#8248=DIRECTION('',(0.,1.,0.));
#8249=DIRECTION('',(-1.,0.,0.));
#8250=DIRECTION('',(0.,-1.,0.));
#8251=DIRECTION('',(-1.,0.,0.));
#8252=DIRECTION('',(0.,0.,1.));
#8253=DIRECTION('',(1.,0.,0.));
#8254=DIRECTION('',(0.,1.,0.));
#8255=DIRECTION('',(-1.,0.,0.));
#8256=DIRECTION('',(0.,-1.,0.));
#8257=DIRECTION('',(-1.,0.,0.));
#8258=DIRECTION('',(0.,0.,1.));
#8259=DIRECTION('',(1.,0.,0.));
#8260=DIRECTION('',(0.,1.,0.));
#8261=DIRECTION('',(-1.,0.,0.));
#8262=DIRECTION('',(0.,-1.,0.));
#8263=DIRECTION('',(-1.,0.,0.));
#8264=DIRECTION('',(0.,0.,1.));
#8265=DIRECTION('',(1.,0.,0.));
#8266=DIRECTION('',(0.,1.,0.));
#8267=DIRECTION('',(-1.,0.,0.));
#8268=DIRECTION('',(0.,-1.,0.));
#8269=DIRECTION('',(-1.,0.,0.));
#8270=DIRECTION('',(0.,0.499999999999953,0.866025403784465));
#8271=DIRECTION('',(0.,-0.866025403784466,0.499999999999954));
#8272=DIRECTION('',(0.447213595500202,0.774596669241402,-0.447213595499855));
#8273=DIRECTION('',(0.4472135955002,-0.774596669241403,0.447213595499856));
#8274=DIRECTION('',(-1.,0.,0.));
#8275=DIRECTION('',(0.,0.499999999999953,0.866025403784465));
#8276=DIRECTION('',(0.,-0.866025403784466,0.499999999999954));
#8277=DIRECTION('',(0.4472135955002,0.774596669241403,-0.447213595499856));
#8278=DIRECTION('',(0.447213595500197,-0.774596669241404,0.447213595499856));
#8279=DIRECTION('',(-1.,0.,0.));
#8280=DIRECTION('',(0.,0.499999999999953,0.866025403784465));
#8281=DIRECTION('',(0.,-0.866025403784466,0.499999999999954));
#8282=DIRECTION('',(0.447213595500199,0.774596669241403,-0.447213595499856));
#8283=DIRECTION('',(0.447213595500199,-0.774596669241403,0.447213595499856));
#8284=DIRECTION('',(-1.,0.,0.));
#8285=DIRECTION('',(0.,0.499999999999953,0.866025403784465));
#8286=DIRECTION('',(0.,-0.866025403784466,0.499999999999954));
#8287=DIRECTION('',(0.447213595500199,0.774596669241403,-0.447213595499856));
#8288=DIRECTION('',(0.447213595500199,-0.774596669241403,0.447213595499856));
#8289=DIRECTION('',(-1.,0.,0.));
#8290=DIRECTION('',(0.,0.499999999999953,0.866025403784465));
#8291=DIRECTION('',(0.,-0.866025403784466,0.499999999999954));
#8292=DIRECTION('',(0.447213595500199,0.774596669241403,-0.447213595499856));
#8293=DIRECTION('',(0.447213595500199,-0.774596669241403,0.447213595499856));
#8294=DIRECTION('',(-1.,0.,0.));
#8295=DIRECTION('',(0.,0.499999999999953,0.866025403784465));
#8296=DIRECTION('',(0.,-0.866025403784466,0.499999999999954));
#8297=DIRECTION('',(0.4472135955002,0.774596669241403,-0.447213595499856));
#8298=DIRECTION('',(0.447213595500199,-0.774596669241403,0.447213595499856));
#8299=DIRECTION('',(-1.,0.,0.));
#8300=DIRECTION('',(0.,1.,0.));
#8301=DIRECTION('',(0.,0.,1.));
#8302=DIRECTION('',(0.,0.,-1.));
#8303=DIRECTION('',(0.,0.,-1.));
#8304=DIRECTION('',(-1.,0.,0.));
#8305=DIRECTION('',(0.,1.,0.));
#8306=DIRECTION('',(0.,0.,1.));
#8307=DIRECTION('',(0.,0.,-1.));
#8308=DIRECTION('',(0.,0.,-1.));
#8309=DIRECTION('',(-1.,0.,0.));
#8310=DIRECTION('',(0.,1.,0.));
#8311=DIRECTION('',(0.,0.,1.));
#8312=DIRECTION('',(0.,0.,-1.));
#8313=DIRECTION('',(0.,0.,-1.));
#8314=DIRECTION('',(-1.,0.,0.));
#8315=DIRECTION('',(0.,1.,0.));
#8316=DIRECTION('',(0.,0.,1.));
#8317=DIRECTION('',(0.,0.,-1.));
#8318=DIRECTION('',(0.,0.,-1.));
#8319=DIRECTION('',(-1.,0.,0.));
#8320=DIRECTION('',(0.,1.,0.));
#8321=DIRECTION('',(0.,0.,1.));
#8322=DIRECTION('',(0.,0.,-1.));
#8323=DIRECTION('',(0.,0.,-1.));
#8324=DIRECTION('',(-1.,0.,0.));
#8325=DIRECTION('',(0.,1.,0.));
#8326=DIRECTION('',(0.,0.,1.));
#8327=DIRECTION('',(0.,0.,-1.));
#8328=DIRECTION('',(0.,0.,-1.));
#8329=DIRECTION('',(-1.,0.,0.));
#8330=DIRECTION('',(0.,0.500000000000025,-0.866025403784424));
#8331=DIRECTION('',(0.,0.866025403784424,0.500000000000025));
#8332=DIRECTION('',(-0.447213595500185,-0.774596669241372,-0.447213595499924));
#8333=DIRECTION('',(-0.447213595500183,0.774596669241373,0.447213595499924));
#8334=DIRECTION('',(-1.,0.,0.));
#8335=DIRECTION('',(0.,0.500000000000025,-0.866025403784424));
#8336=DIRECTION('',(0.,0.866025403784424,0.500000000000025));
#8337=DIRECTION('',(-0.447213595500183,-0.774596669241373,-0.447213595499924));
#8338=DIRECTION('',(-0.44721359550018,0.774596669241374,0.447213595499925));
#8339=DIRECTION('',(-1.,0.,0.));
#8340=DIRECTION('',(0.,0.500000000000025,-0.866025403784424));
#8341=DIRECTION('',(0.,0.866025403784424,0.500000000000025));
#8342=DIRECTION('',(-0.447213595500181,-0.774596669241373,-0.447213595499925));
#8343=DIRECTION('',(-0.447213595500181,0.774596669241373,0.447213595499925));
#8344=DIRECTION('',(-1.,0.,0.));
#8345=DIRECTION('',(0.,0.500000000000025,-0.866025403784424));
#8346=DIRECTION('',(0.,0.866025403784424,0.500000000000025));
#8347=DIRECTION('',(-0.447213595500181,-0.774596669241373,-0.447213595499925));
#8348=DIRECTION('',(-0.447213595500182,0.774596669241373,0.447213595499925));
#8349=DIRECTION('',(-1.,0.,0.));
#8350=DIRECTION('',(0.,0.500000000000025,-0.866025403784424));
#8351=DIRECTION('',(0.,0.866025403784424,0.500000000000025));
#8352=DIRECTION('',(-0.447213595500182,-0.774596669241373,-0.447213595499925));
#8353=DIRECTION('',(-0.447213595500182,0.774596669241373,0.447213595499925));
#8354=DIRECTION('',(-1.,0.,0.));
#8355=DIRECTION('',(0.,0.500000000000025,-0.866025403784424));
#8356=DIRECTION('',(0.,0.866025403784424,0.500000000000025));
#8357=DIRECTION('',(-0.447213595500183,-0.774596669241373,-0.447213595499924));
#8358=DIRECTION('',(-0.447213595500181,0.774596669241373,0.447213595499925));
#8359=DIRECTION('',(-1.,0.,0.));
#8360=DIRECTION('',(0.,0.,-1.));
#8361=DIRECTION('',(-1.,0.,0.));
#8362=DIRECTION('',(0.,1.,0.));
#8363=DIRECTION('',(-1.,0.,0.));
#8364=DIRECTION('',(0.,-1.,0.));
#8365=DIRECTION('',(0.,0.,-1.));
#8366=DIRECTION('',(-1.,0.,0.));
#8367=DIRECTION('',(0.,-1.,0.));
#8368=DIRECTION('',(0.,1.,0.));
#8369=DIRECTION('',(-1.,0.,0.));
#8370=DIRECTION('',(0.,0.,-1.));
#8371=DIRECTION('',(-1.,0.,0.));
#8372=DIRECTION('',(0.,-1.,0.));
#8373=DIRECTION('',(0.,1.,0.));
#8374=DIRECTION('',(-1.,0.,0.));
#8375=DIRECTION('',(0.,0.,-1.));
#8376=DIRECTION('',(-1.,0.,0.));
#8377=DIRECTION('',(0.,-1.,0.));
#8378=DIRECTION('',(0.,1.,0.));
#8379=DIRECTION('',(-1.,0.,0.));
#8380=DIRECTION('',(0.,0.,-1.));
#8381=DIRECTION('',(-1.,0.,0.));
#8382=DIRECTION('',(0.,-1.,0.));
#8383=DIRECTION('',(0.,1.,0.));
#8384=DIRECTION('',(-1.,0.,0.));
#8385=DIRECTION('',(0.,0.,-1.));
#8386=DIRECTION('',(-1.,0.,0.));
#8387=DIRECTION('',(0.,-1.,0.));
#8388=DIRECTION('',(0.,1.,0.));
#8389=DIRECTION('',(-1.,0.,0.));
#8390=DIRECTION('',(0.,-1.76384813640513E-17,1.));
#8391=DIRECTION('',(0.,-1.,-1.76384813640513E-17));
#8392=DIRECTION('',(0.,-1.,-1.76384813640513E-17));
#8393=DIRECTION('',(-1.,0.,0.));
#8394=DIRECTION('',(0.,1.,1.76384813640513E-17));
#8395=DIRECTION('',(-1.,0.,0.));
#8396=DIRECTION('',(0.,-1.76384813640513E-17,1.));
#8397=DIRECTION('',(0.,-1.,-1.76384813640513E-17));
#8398=DIRECTION('',(0.,1.,1.76384813640513E-17));
#8399=DIRECTION('',(-1.,0.,0.));
#8400=DIRECTION('',(0.,-1.,-1.76384813640513E-17));
#8401=DIRECTION('',(-1.,0.,0.));
#8402=DIRECTION('',(0.,-1.76384813640513E-17,1.));
#8403=DIRECTION('',(0.,-1.,-1.76384813640513E-17));
#8404=DIRECTION('',(0.,1.,1.76384813640513E-17));
#8405=DIRECTION('',(-1.,0.,0.));
#8406=DIRECTION('',(0.,-1.,-1.76384813640513E-17));
#8407=DIRECTION('',(-1.,0.,0.));
#8408=DIRECTION('',(0.,-1.76384813640513E-17,1.));
#8409=DIRECTION('',(0.,-1.,-1.76384813640513E-17));
#8410=DIRECTION('',(0.,1.,1.76384813640513E-17));
#8411=DIRECTION('',(-1.,0.,0.));
#8412=DIRECTION('',(0.,-1.,-1.76384813640513E-17));
#8413=DIRECTION('',(-1.,0.,0.));
#8414=DIRECTION('',(0.,-1.76384813640513E-17,1.));
#8415=DIRECTION('',(0.,-1.,-1.76384813640513E-17));
#8416=DIRECTION('',(0.,1.,1.76384813640513E-17));
#8417=DIRECTION('',(-1.,0.,0.));
#8418=DIRECTION('',(0.,-1.,-1.76384813640513E-17));
#8419=DIRECTION('',(-1.,0.,0.));
#8420=DIRECTION('',(0.,-1.76384813640513E-17,1.));
#8421=DIRECTION('',(0.,-1.,-1.76384813640513E-17));
#8422=DIRECTION('',(0.,1.,1.76384813640513E-17));
#8423=DIRECTION('',(-1.,0.,0.));
#8424=DIRECTION('',(0.,-1.,-1.76384813640513E-17));
#8425=DIRECTION('',(-1.,0.,0.));
#8426=DIRECTION('',(0.,0.499999999999953,0.866025403784466));
#8427=DIRECTION('',(0.,-0.866025403784466,0.499999999999953));
#8428=DIRECTION('',(0.447213595500202,0.774596669241402,-0.447213595499855));
#8429=DIRECTION('',(0.4472135955002,-0.774596669241403,0.447213595499856));
#8430=DIRECTION('',(-1.,0.,0.));
#8431=DIRECTION('',(0.,0.499999999999953,0.866025403784466));
#8432=DIRECTION('',(0.,-0.866025403784466,0.499999999999953));
#8433=DIRECTION('',(0.4472135955002,0.774596669241403,-0.447213595499856));
#8434=DIRECTION('',(0.447213595500197,-0.774596669241404,0.447213595499856));
#8435=DIRECTION('',(-1.,0.,0.));
#8436=DIRECTION('',(0.,0.499999999999953,0.866025403784466));
#8437=DIRECTION('',(0.,-0.866025403784466,0.499999999999953));
#8438=DIRECTION('',(0.447213595500199,0.774596669241403,-0.447213595499856));
#8439=DIRECTION('',(0.447213595500199,-0.774596669241403,0.447213595499856));
#8440=DIRECTION('',(-1.,0.,0.));
#8441=DIRECTION('',(0.,0.499999999999953,0.866025403784466));
#8442=DIRECTION('',(0.,-0.866025403784466,0.499999999999953));
#8443=DIRECTION('',(0.447213595500199,0.774596669241403,-0.447213595499856));
#8444=DIRECTION('',(0.447213595500199,-0.774596669241403,0.447213595499856));
#8445=DIRECTION('',(-1.,0.,0.));
#8446=DIRECTION('',(0.,0.499999999999953,0.866025403784466));
#8447=DIRECTION('',(0.,-0.866025403784466,0.499999999999953));
#8448=DIRECTION('',(0.447213595500199,0.774596669241403,-0.447213595499856));
#8449=DIRECTION('',(0.447213595500199,-0.774596669241403,0.447213595499856));
#8450=DIRECTION('',(-1.,0.,0.));
#8451=DIRECTION('',(0.,0.499999999999953,0.866025403784466));
#8452=DIRECTION('',(0.,-0.866025403784466,0.499999999999953));
#8453=DIRECTION('',(0.4472135955002,0.774596669241403,-0.447213595499856));
#8454=DIRECTION('',(0.447213595500199,-0.774596669241403,0.447213595499856));
#8455=DIRECTION('',(-1.,0.,0.));
#8456=DIRECTION('',(0.,1.,0.));
#8457=DIRECTION('',(0.,0.,1.));
#8458=DIRECTION('',(0.,0.,-1.));
#8459=DIRECTION('',(0.,0.,-1.));
#8460=DIRECTION('',(-1.,0.,0.));
#8461=DIRECTION('',(0.,1.,0.));
#8462=DIRECTION('',(0.,0.,1.));
#8463=DIRECTION('',(0.,0.,-1.));
#8464=DIRECTION('',(0.,0.,-1.));
#8465=DIRECTION('',(-1.,0.,0.));
#8466=DIRECTION('',(0.,1.,0.));
#8467=DIRECTION('',(0.,0.,1.));
#8468=DIRECTION('',(0.,0.,-1.));
#8469=DIRECTION('',(0.,0.,-1.));
#8470=DIRECTION('',(-1.,0.,0.));
#8471=DIRECTION('',(0.,1.,0.));
#8472=DIRECTION('',(0.,0.,1.));
#8473=DIRECTION('',(0.,0.,-1.));
#8474=DIRECTION('',(0.,0.,-1.));
#8475=DIRECTION('',(-1.,0.,0.));
#8476=DIRECTION('',(0.,1.,0.));
#8477=DIRECTION('',(0.,0.,1.));
#8478=DIRECTION('',(0.,0.,-1.));
#8479=DIRECTION('',(0.,0.,-1.));
#8480=DIRECTION('',(-1.,0.,0.));
#8481=DIRECTION('',(0.,1.,0.));
#8482=DIRECTION('',(0.,0.,1.));
#8483=DIRECTION('',(0.,0.,-1.));
#8484=DIRECTION('',(0.,0.,-1.));
#8485=DIRECTION('',(-1.,0.,0.));
#8486=DIRECTION('',(0.,0.499999999999954,-0.866025403784465));
#8487=DIRECTION('',(0.,0.866025403784465,0.499999999999954));
#8488=DIRECTION('',(-0.447213595500202,-0.774596669241402,-0.447213595499856));
#8489=DIRECTION('',(-0.4472135955002,0.774596669241403,0.447213595499856));
#8490=DIRECTION('',(0.,0.499999999999954,-0.866025403784465));
#8491=DIRECTION('',(0.,0.866025403784465,0.499999999999954));
#8492=DIRECTION('',(-0.4472135955002,-0.774596669241403,-0.447213595499856));
#8493=DIRECTION('',(-0.447213595500197,0.774596669241404,0.447213595499857));
#8494=DIRECTION('',(0.,0.499999999999954,-0.866025403784465));
#8495=DIRECTION('',(0.,0.866025403784465,0.499999999999954));
#8496=DIRECTION('',(-0.447213595500198,-0.774596669241403,-0.447213595499856));
#8497=DIRECTION('',(-0.447213595500198,0.774596669241403,0.447213595499856));
#8498=DIRECTION('',(0.,0.499999999999954,-0.866025403784465));
#8499=DIRECTION('',(0.,0.866025403784465,0.499999999999954));
#8500=DIRECTION('',(-0.447213595500198,-0.774596669241403,-0.447213595499856));
#8501=DIRECTION('',(-0.447213595500199,0.774596669241403,0.447213595499856));
#8502=DIRECTION('',(0.,0.499999999999954,-0.866025403784465));
#8503=DIRECTION('',(0.,0.866025403784465,0.499999999999954));
#8504=DIRECTION('',(-0.447213595500199,-0.774596669241403,-0.447213595499856));
#8505=DIRECTION('',(-0.447213595500199,0.774596669241403,0.447213595499856));
#8506=DIRECTION('',(0.,0.499999999999954,-0.866025403784465));
#8507=DIRECTION('',(0.,0.866025403784465,0.499999999999954));
#8508=DIRECTION('',(-0.4472135955002,-0.774596669241403,-0.447213595499856));
#8509=DIRECTION('',(-0.447213595500198,0.774596669241403,0.447213595499856));
#8510=DIRECTION('',(0.,0.,-1.));
#8511=DIRECTION('',(-1.,0.,0.));
#8512=DIRECTION('',(0.,-1.,0.));
#8513=DIRECTION('',(-1.,0.,0.));
#8514=DIRECTION('',(0.,-1.,0.));
#8515=DIRECTION('',(-1.,0.,0.));
#8516=DIRECTION('',(0.,-0.558600379479041,-0.829436927105293));
#8517=DIRECTION('',(0.,0.829436927105293,-0.558600379479041));
#8518=DIRECTION('',(0.,0.829436927105293,-0.558600379479041));
#8519=DIRECTION('',(-1.,0.,0.));
#8520=DIRECTION('',(0.,-0.829436927105293,0.558600379479041));
#8521=DIRECTION('',(0.,0.829436927105293,-0.558600379479041));
#8522=DIRECTION('',(-1.,0.,0.));
#8523=DIRECTION('',(0.,-0.829436927105293,0.558600379479041));
#8524=DIRECTION('',(0.,0.829436927105293,-0.558600379479041));
#8525=DIRECTION('',(-1.,0.,0.));
#8526=DIRECTION('',(0.,-0.829436927105293,0.558600379479041));
#8527=DIRECTION('',(0.,0.829436927105293,-0.558600379479041));
#8528=DIRECTION('',(-1.,0.,0.));
#8529=DIRECTION('',(0.,-0.829436927105293,0.558600379479041));
#8530=DIRECTION('',(0.,0.829436927105293,-0.558600379479041));
#8531=DIRECTION('',(-1.,0.,0.));
#8532=DIRECTION('',(0.,-0.829436927105293,0.558600379479041));
#8533=DIRECTION('',(0.,0.829436927105293,-0.558600379479041));
#8534=DIRECTION('',(-1.,0.,0.));
#8535=DIRECTION('',(0.,-0.829436927105293,0.558600379479041));
#8536=DIRECTION('',(0.,-0.829436927105293,0.558600379479041));
#8537=DIRECTION('',(-1.,0.,0.));
#8538=DIRECTION('',(0.,-0.829436927105293,0.558600379479041));
#8539=DIRECTION('',(0.,-0.558600379479076,0.82943692710527));
#8540=DIRECTION('',(0.,-0.82943692710527,-0.558600379479076));
#8541=DIRECTION('',(0.,-0.82943692710527,-0.558600379479076));
#8542=DIRECTION('',(0.,0.82943692710527,0.558600379479076));
#8543=DIRECTION('',(0.,0.82943692710527,0.558600379479076));
#8544=DIRECTION('',(-1.,0.,0.));
#8545=DIRECTION('',(0.,0.82943692710527,0.558600379479076));
#8546=DIRECTION('',(1.,0.,0.));
#8547=DIRECTION('',(0.,-0.82943692710527,-0.558600379479076));
#8548=DIRECTION('',(0.,0.82943692710527,0.558600379479076));
#8549=DIRECTION('',(1.,0.,0.));
#8550=DIRECTION('',(0.,-0.82943692710527,-0.558600379479076));
#8551=DIRECTION('',(0.,0.82943692710527,0.558600379479076));
#8552=DIRECTION('',(1.,0.,0.));
#8553=DIRECTION('',(0.,-0.82943692710527,-0.558600379479076));
#8554=DIRECTION('',(0.,0.82943692710527,0.558600379479076));
#8555=DIRECTION('',(1.,0.,0.));
#8556=DIRECTION('',(0.,-0.82943692710527,-0.558600379479076));
#8557=DIRECTION('',(0.,0.82943692710527,0.558600379479076));
#8558=DIRECTION('',(1.,0.,0.));
#8559=DIRECTION('',(0.,-0.82943692710527,-0.558600379479076));
#8560=DIRECTION('',(0.,0.82943692710527,0.558600379479076));
#8561=DIRECTION('',(1.,0.,0.));
#8562=DIRECTION('',(0.,0.,1.));
#8563=DIRECTION('',(1.,0.,0.));
#8564=DIRECTION('',(0.,1.,0.));
#8565=DIRECTION('',(0.,1.,0.));
#8566=DIRECTION('',(-1.,0.,0.));
#8567=DIRECTION('',(0.,0.499999999999953,0.866025403784465));
#8568=DIRECTION('',(0.,-0.866025403784466,0.499999999999954));
#8569=DIRECTION('',(0.4472135955002,0.774596669241403,-0.447213595499856));
#8570=DIRECTION('',(0.4472135955002,-0.774596669241403,0.447213595499856));
#8571=DIRECTION('',(-1.,0.,0.));
#8572=DIRECTION('',(0.,1.,0.));
#8573=DIRECTION('',(0.,0.,1.));
#8574=DIRECTION('',(0.,0.,-1.));
#8575=DIRECTION('',(0.,0.,-1.));
#8576=DIRECTION('',(-1.,0.,0.));
#8577=DIRECTION('',(0.,0.500000000000025,-0.866025403784424));
#8578=DIRECTION('',(0.,0.866025403784424,0.500000000000025));
#8579=DIRECTION('',(-0.447213595500183,-0.774596669241373,-0.447213595499924));
#8580=DIRECTION('',(-0.447213595500183,0.774596669241373,0.447213595499924));
#8581=DIRECTION('',(-1.,0.,0.));
#8582=DIRECTION('',(0.,0.,-1.));
#8583=DIRECTION('',(-1.,0.,0.));
#8584=DIRECTION('',(0.,-1.,0.));
#8585=DIRECTION('',(0.,-1.,0.));
#8586=DIRECTION('',(-1.,0.,0.));
#8587=DIRECTION('',(0.,1.,0.));
#8588=DIRECTION('',(0.,0.,1.));
#8589=DIRECTION('',(-1.,0.,0.));
#8590=DIRECTION('',(0.,0.,-1.));
#8591=DIRECTION('',(0.,0.,-1.));
#8592=DIRECTION('',(0.,0.,-1.));
#8593=DIRECTION('',(0.,0.,-1.));
#8594=DIRECTION('',(0.,0.,-1.));
#8595=DIRECTION('',(0.,0.,-1.));
#8596=DIRECTION('',(0.,0.,-1.));
#8597=DIRECTION('',(0.,0.,-1.));
#8598=DIRECTION('',(0.,0.,-1.));
#8599=DIRECTION('',(0.,0.,-1.));
#8600=DIRECTION('',(0.,0.,-1.));
#8601=DIRECTION('',(0.,0.,-1.));
#8602=DIRECTION('',(0.,0.,-1.));
#8603=DIRECTION('',(0.,0.,-1.));
#8604=DIRECTION('',(0.,0.,-1.));
#8605=DIRECTION('',(0.,0.,-1.));
#8606=DIRECTION('',(0.,0.,-1.));
#8607=DIRECTION('',(0.,0.,-1.));
#8608=DIRECTION('',(0.,0.,-1.));
#8609=DIRECTION('',(0.,0.,-1.));
#8610=DIRECTION('',(0.,0.,-1.));
#8611=DIRECTION('',(0.,0.,-1.));
#8612=DIRECTION('',(0.,0.,-1.));
#8613=DIRECTION('',(0.,0.,-1.));
#8614=DIRECTION('',(0.,0.,-1.));
#8615=DIRECTION('',(0.,0.,-1.));
#8616=DIRECTION('',(0.,-1.76384813640513E-17,1.));
#8617=DIRECTION('',(0.,-1.,-1.76384813640513E-17));
#8618=DIRECTION('',(0.,1.,1.76384813640513E-17));
#8619=DIRECTION('',(0.,1.,1.76384813640513E-17));
#8620=DIRECTION('',(-1.,0.,0.));
#8621=DIRECTION('',(0.,0.499999999999953,0.866025403784466));
#8622=DIRECTION('',(0.,-0.866025403784466,0.499999999999953));
#8623=DIRECTION('',(0.4472135955002,0.774596669241403,-0.447213595499856));
#8624=DIRECTION('',(0.4472135955002,-0.774596669241403,0.447213595499856));
#8625=DIRECTION('',(-1.,0.,0.));
#8626=DIRECTION('',(0.,1.,0.));
#8627=DIRECTION('',(0.,0.,1.));
#8628=DIRECTION('',(0.,0.,-1.));
#8629=DIRECTION('',(0.,0.,-1.));
#8630=DIRECTION('',(-1.,0.,0.));
#8631=DIRECTION('',(0.,0.499999999999954,-0.866025403784465));
#8632=DIRECTION('',(0.,0.866025403784465,0.499999999999954));
#8633=DIRECTION('',(-0.4472135955002,-0.774596669241403,-0.447213595499856));
#8634=DIRECTION('',(-0.4472135955002,0.774596669241403,0.447213595499856));
#8635=DIRECTION('',(1.,0.,0.));
#8636=DIRECTION('',(0.,0.,-1.));
#8637=DIRECTION('',(0.,0.,-1.));
#8638=DIRECTION('',(0.,0.,-1.));
#8639=DIRECTION('',(1.,0.,0.));
#8640=DIRECTION('',(0.,0.,-1.));
#8641=DIRECTION('',(0.,0.,-1.));
#8642=DIRECTION('',(0.,0.,-1.));
#8643=DIRECTION('',(0.866025403784298,-0.500000000000244,0.));
#8644=DIRECTION('',(0.500000000000244,0.866025403784298,0.));
#8645=DIRECTION('',(0.866025403784298,-0.500000000000244,0.));
#8646=DIRECTION('',(0.500000000000244,0.866025403784298,0.));
#8647=DIRECTION('',(-0.866025403784299,-0.500000000000242,0.));
#8648=DIRECTION('',(0.500000000000242,-0.866025403784299,0.));
#8649=DIRECTION('',(-0.866025403784299,-0.500000000000242,0.));
#8650=DIRECTION('',(0.500000000000242,-0.866025403784299,0.));
#8651=DIRECTION('',(-0.8660254037843,-0.500000000000241,0.));
#8652=DIRECTION('',(0.500000000000241,-0.8660254037843,0.));
#8653=DIRECTION('',(0.,0.,-1.));
#8654=DIRECTION('',(0.866025403784299,-0.500000000000242,0.));
#8655=DIRECTION('',(0.500000000000242,0.866025403784299,0.));
#8656=DIRECTION('',(0.,0.,-1.));
#8657=DIRECTION('',(1.,0.,0.));
#8658=DIRECTION('',(0.,0.,-1.));
#8659=DIRECTION('',(-1.,0.,0.));
#8660=DIRECTION('',(0.,0.,1.));
#8661=DIRECTION('',(-0.866025403784299,-0.500000000000241,0.));
#8662=DIRECTION('',(0.500000000000241,-0.8660254037843,0.));
#8663=DIRECTION('',(0.,0.,-1.));
#8664=DIRECTION('',(0.866025403784299,-0.500000000000242,0.));
#8665=DIRECTION('',(0.500000000000242,0.866025403784299,0.));
#8666=DIRECTION('',(0.,0.,-1.));
#8667=DIRECTION('',(1.,0.,0.));
#8668=DIRECTION('',(0.,0.,-1.));
#8669=DIRECTION('',(-1.,0.,0.));
#8670=DIRECTION('',(0.,0.,1.));
#8671=DIRECTION('',(-0.866025403784299,-0.500000000000241,0.));
#8672=DIRECTION('',(0.500000000000241,-0.8660254037843,0.));
#8673=DIRECTION('',(0.,0.,-1.));
#8674=DIRECTION('',(0.866025403784299,-0.500000000000241,0.));
#8675=DIRECTION('',(0.500000000000241,0.8660254037843,0.));
#8676=DIRECTION('',(0.,0.,-1.));
#8677=DIRECTION('',(1.,0.,0.));
#8678=DIRECTION('',(0.,0.,-1.));
#8679=DIRECTION('',(-1.,0.,0.));
#8680=DIRECTION('',(0.,0.,1.));
#8681=DIRECTION('',(-0.8660254037843,-0.500000000000241,0.));
#8682=DIRECTION('',(0.500000000000241,-0.8660254037843,0.));
#8683=DIRECTION('',(0.,0.,-1.));
#8684=DIRECTION('',(0.8660254037843,-0.500000000000241,0.));
#8685=DIRECTION('',(0.500000000000241,0.8660254037843,0.));
#8686=DIRECTION('',(0.,0.,-1.));
#8687=DIRECTION('',(1.,0.,0.));
#8688=DIRECTION('',(0.,0.,-1.));
#8689=DIRECTION('',(-1.,0.,0.));
#8690=DIRECTION('',(0.,0.,1.));
#8691=DIRECTION('',(-0.8660254037843,-0.500000000000239,0.));
#8692=DIRECTION('',(0.500000000000239,-0.8660254037843,0.));
#8693=DIRECTION('',(0.,0.,-1.));
#8694=DIRECTION('',(0.8660254037843,-0.500000000000241,0.));
#8695=DIRECTION('',(0.500000000000241,0.8660254037843,0.));
#8696=DIRECTION('',(0.,0.,-1.));
#8697=DIRECTION('',(1.,0.,0.));
#8698=DIRECTION('',(0.,0.,-1.));
#8699=DIRECTION('',(-1.,0.,0.));
#8700=DIRECTION('',(0.,0.,1.));
#8701=DIRECTION('',(-0.866025403784299,-0.500000000000242,0.));
#8702=DIRECTION('',(0.500000000000242,-0.866025403784299,0.));
#8703=DIRECTION('',(0.,0.,-1.));
#8704=DIRECTION('',(0.866025403784299,-0.500000000000242,0.));
#8705=DIRECTION('',(0.500000000000242,0.866025403784299,0.));
#8706=DIRECTION('',(0.,0.,-1.));
#8707=DIRECTION('',(1.,0.,0.));
#8708=DIRECTION('',(0.,0.,-1.));
#8709=DIRECTION('',(-1.,0.,0.));
#8710=DIRECTION('',(0.,0.,1.));
#8711=DIRECTION('',(1.,0.,0.));
#8712=DIRECTION('',(0.,0.,-1.));
#8713=DIRECTION('',(0.,0.,-1.));
#8714=DIRECTION('',(-1.,0.,0.));
#8715=DIRECTION('',(0.,0.,1.));
#8716=DIRECTION('',(0.,0.,-1.));
#8717=DIRECTION('',(0.866025403784299,-0.500000000000242,0.));
#8718=DIRECTION('',(0.500000000000242,0.866025403784299,0.));
#8719=DIRECTION('',(-0.8660254037843,-0.500000000000241,0.));
#8720=DIRECTION('',(0.500000000000241,-0.8660254037843,0.));
#8721=DIRECTION('',(1.,0.,0.));
#8722=DIRECTION('',(0.,0.,-1.));
#8723=DIRECTION('',(0.,0.,-1.));
#8724=DIRECTION('',(-1.,0.,0.));
#8725=DIRECTION('',(0.,0.,1.));
#8726=DIRECTION('',(0.,0.,-1.));
#8727=DIRECTION('',(0.866025403784299,-0.500000000000242,0.));
#8728=DIRECTION('',(0.500000000000242,0.866025403784299,0.));
#8729=DIRECTION('',(-0.866025403784299,-0.500000000000241,0.));
#8730=DIRECTION('',(0.500000000000241,-0.8660254037843,0.));
#8731=DIRECTION('',(1.,0.,0.));
#8732=DIRECTION('',(0.,0.,-1.));
#8733=DIRECTION('',(0.,0.,-1.));
#8734=DIRECTION('',(-1.,0.,0.));
#8735=DIRECTION('',(0.,0.,1.));
#8736=DIRECTION('',(0.,0.,-1.));
#8737=DIRECTION('',(0.866025403784299,-0.500000000000241,0.));
#8738=DIRECTION('',(0.500000000000241,0.8660254037843,0.));
#8739=DIRECTION('',(-0.866025403784299,-0.500000000000241,0.));
#8740=DIRECTION('',(0.500000000000241,-0.8660254037843,0.));
#8741=DIRECTION('',(1.,0.,0.));
#8742=DIRECTION('',(0.,0.,-1.));
#8743=DIRECTION('',(0.,0.,-1.));
#8744=DIRECTION('',(-1.,0.,0.));
#8745=DIRECTION('',(0.,0.,1.));
#8746=DIRECTION('',(0.,0.,-1.));
#8747=DIRECTION('',(0.8660254037843,-0.500000000000241,0.));
#8748=DIRECTION('',(0.500000000000241,0.8660254037843,0.));
#8749=DIRECTION('',(-0.8660254037843,-0.500000000000241,0.));
#8750=DIRECTION('',(0.500000000000241,-0.8660254037843,0.));
#8751=DIRECTION('',(1.,0.,0.));
#8752=DIRECTION('',(0.,0.,-1.));
#8753=DIRECTION('',(0.,0.,-1.));
#8754=DIRECTION('',(-1.,0.,0.));
#8755=DIRECTION('',(0.,0.,1.));
#8756=DIRECTION('',(0.,0.,-1.));
#8757=DIRECTION('',(0.8660254037843,-0.500000000000241,0.));
#8758=DIRECTION('',(0.500000000000241,0.8660254037843,0.));
#8759=DIRECTION('',(-0.8660254037843,-0.500000000000239,0.));
#8760=DIRECTION('',(0.500000000000239,-0.8660254037843,0.));
#8761=DIRECTION('',(-1.,0.,0.));
#8762=DIRECTION('',(0.,0.,1.));
#8763=DIRECTION('',(0.,0.,-1.));
#8764=DIRECTION('',(1.,0.,0.));
#8765=DIRECTION('',(0.,0.,-1.));
#8766=DIRECTION('',(0.,0.,-1.));
#8767=DIRECTION('',(-0.866025403784299,-0.500000000000242,0.));
#8768=DIRECTION('',(0.500000000000242,-0.866025403784299,0.));
#8769=DIRECTION('',(0.866025403784299,-0.500000000000242,0.));
#8770=DIRECTION('',(0.500000000000242,0.866025403784299,0.));
#8771=DIRECTION('',(0.,0.,1.));
#8772=DIRECTION('',(1.,0.,0.));
#8773=DIRECTION('',(0.,0.,-1.));
#8774=DIRECTION('',(-1.,0.,0.));
#8775=DIRECTION('',(0.,-1.,0.));
#8776=DIRECTION('',(-1.,0.,0.));
#8777=DIRECTION('',(0.,-1.,0.));
#8778=DIRECTION('',(-1.,0.,0.));
#8779=DIRECTION('',(0.,0.,-1.));
#8780=DIRECTION('',(-1.,0.,0.));
#8781=DIRECTION('',(0.,1.,0.));
#8782=DIRECTION('',(-1.,0.,0.));
#8783=DIRECTION('',(0.,-1.,0.));
#8784=DIRECTION('',(-1.,0.,0.));
#8785=DIRECTION('',(0.,0.,-1.));
#8786=DIRECTION('',(-1.,0.,0.));
#8787=DIRECTION('',(0.,1.,0.));
#8788=DIRECTION('',(-1.,0.,0.));
#8789=DIRECTION('',(0.,-1.,0.));
#8790=DIRECTION('',(-1.,0.,0.));
#8791=DIRECTION('',(0.,0.,-1.));
#8792=DIRECTION('',(-1.,0.,0.));
#8793=DIRECTION('',(0.,1.,0.));
#8794=DIRECTION('',(-1.,0.,0.));
#8795=DIRECTION('',(0.,-1.,0.));
#8796=DIRECTION('',(-1.,0.,0.));
#8797=DIRECTION('',(0.,0.,-1.));
#8798=DIRECTION('',(-1.,0.,0.));
#8799=DIRECTION('',(0.,1.,0.));
#8800=DIRECTION('',(-1.,0.,0.));
#8801=DIRECTION('',(0.,-1.,0.));
#8802=DIRECTION('',(-1.,0.,0.));
#8803=DIRECTION('',(0.,0.,-1.));
#8804=DIRECTION('',(-1.,0.,0.));
#8805=DIRECTION('',(0.,1.,0.));
#8806=DIRECTION('',(-1.,0.,0.));
#8807=DIRECTION('',(0.,-1.,0.));
#8808=DIRECTION('',(-1.,0.,0.));
#8809=DIRECTION('',(-1.,0.,0.));
#8810=DIRECTION('',(0.,0.,1.));
#8811=DIRECTION('',(1.,0.,0.));
#8812=DIRECTION('',(0.,0.,-1.));
#8813=DIRECTION('',(-1.,0.,0.));
#8814=DIRECTION('',(0.,0.,1.));
#8815=DIRECTION('',(-1.,0.,0.));
#8816=DIRECTION('',(-1.,0.,0.));
#8817=DIRECTION('',(0.,0.,1.));
#8818=DIRECTION('',(-1.,0.,0.));
#8819=DIRECTION('',(0.,0.,1.));
#8820=DIRECTION('',(-1.,0.,0.));
#8821=DIRECTION('',(1.,0.,0.));
#8822=DIRECTION('',(0.,0.,-1.));
#8823=DIRECTION('',(-1.,0.,0.));
#8824=DIRECTION('',(0.,0.,1.));
#8825=DIRECTION('',(-1.,0.,0.));
#8826=DIRECTION('',(0.,0.,1.));
#8827=DIRECTION('',(-1.,0.,0.));
#8828=DIRECTION('',(1.,0.,0.));
#8829=DIRECTION('',(0.,0.,-1.));
#8830=DIRECTION('',(-1.,0.,0.));
#8831=DIRECTION('',(0.,0.,1.));
#8832=DIRECTION('',(-1.,0.,0.));
#8833=DIRECTION('',(0.,0.,1.));
#8834=DIRECTION('',(-1.,0.,0.));
#8835=DIRECTION('',(1.,0.,0.));
#8836=DIRECTION('',(0.,0.,-1.));
#8837=DIRECTION('',(-1.,0.,0.));
#8838=DIRECTION('',(0.,0.,1.));
#8839=DIRECTION('',(-1.,0.,0.));
#8840=DIRECTION('',(0.,0.,1.));
#8841=DIRECTION('',(-1.,0.,0.));
#8842=DIRECTION('',(1.,0.,0.));
#8843=DIRECTION('',(0.,0.,-1.));
#8844=DIRECTION('',(-1.,0.,0.));
#8845=DIRECTION('',(0.,0.,1.));
#8846=DIRECTION('',(-1.,0.,0.));
#8847=DIRECTION('',(0.,0.,1.));
#8848=DIRECTION('',(-1.,0.,0.));
#8849=DIRECTION('',(1.,0.,0.));
#8850=DIRECTION('',(0.,0.,-1.));
#8851=DIRECTION('',(0.,-0.856733524355277,-0.515759312320957));
#8852=DIRECTION('',(0.,0.515759312320957,-0.856733524355277));
#8853=DIRECTION('',(0.,-0.515759312320957,0.856733524355277));
#8854=DIRECTION('',(0.,-0.515759312320957,0.856733524355277));
#8855=DIRECTION('',(-1.,0.,0.));
#8856=DIRECTION('',(0.,-0.856733524355277,-0.515759312320957));
#8857=DIRECTION('',(0.,0.515759312320957,-0.856733524355277));
#8858=DIRECTION('',(0.,0.515759312320957,-0.856733524355277));
#8859=DIRECTION('',(-1.,0.,0.));
#8860=DIRECTION('',(0.,-0.515759312320957,0.856733524355277));
#8861=DIRECTION('',(0.,-0.856733524355277,-0.515759312320957));
#8862=DIRECTION('',(0.,0.515759312320957,-0.856733524355277));
#8863=DIRECTION('',(0.,0.515759312320957,-0.856733524355277));
#8864=DIRECTION('',(-1.,0.,0.));
#8865=DIRECTION('',(0.,-0.515759312320957,0.856733524355277));
#8866=DIRECTION('',(0.,-0.856733524355277,-0.515759312320957));
#8867=DIRECTION('',(0.,0.515759312320957,-0.856733524355277));
#8868=DIRECTION('',(0.,0.515759312320957,-0.856733524355277));
#8869=DIRECTION('',(-1.,0.,0.));
#8870=DIRECTION('',(0.,-0.515759312320957,0.856733524355277));
#8871=DIRECTION('',(0.,-0.856733524355277,-0.515759312320957));
#8872=DIRECTION('',(0.,0.515759312320957,-0.856733524355277));
#8873=DIRECTION('',(0.,0.515759312320957,-0.856733524355277));
#8874=DIRECTION('',(-1.,0.,0.));
#8875=DIRECTION('',(0.,-0.515759312320957,0.856733524355277));
#8876=DIRECTION('',(0.,-0.856733524355277,-0.515759312320957));
#8877=DIRECTION('',(0.,0.515759312320957,-0.856733524355277));
#8878=DIRECTION('',(0.,0.515759312320957,-0.856733524355277));
#8879=DIRECTION('',(-1.,0.,0.));
#8880=DIRECTION('',(0.,-0.515759312320957,0.856733524355277));
#8881=DIRECTION('',(-1.,0.,0.));
#8882=DIRECTION('',(0.,0.,1.));
#8883=DIRECTION('',(-1.,0.,0.));
#8884=DIRECTION('',(1.,0.,0.));
#8885=DIRECTION('',(0.,0.,-1.));
#8886=DIRECTION('',(-1.,0.,0.));
#8887=DIRECTION('',(0.,0.,1.));
#8888=DIRECTION('',(-1.,0.,0.));
#8889=DIRECTION('',(0.,0.,1.));
#8890=DIRECTION('',(-1.,0.,0.));
#8891=DIRECTION('',(0.,0.,1.));
#8892=DIRECTION('',(-1.,0.,0.));
#8893=DIRECTION('',(1.,0.,0.));
#8894=DIRECTION('',(0.,0.,-1.));
#8895=DIRECTION('',(-1.,0.,0.));
#8896=DIRECTION('',(0.,0.,1.));
#8897=DIRECTION('',(-1.,0.,0.));
#8898=DIRECTION('',(0.,0.,1.));
#8899=DIRECTION('',(-1.,0.,0.));
#8900=DIRECTION('',(1.,0.,0.));
#8901=DIRECTION('',(0.,0.,-1.));
#8902=DIRECTION('',(-1.,0.,0.));
#8903=DIRECTION('',(0.,0.,1.));
#8904=DIRECTION('',(-1.,0.,0.));
#8905=DIRECTION('',(0.,0.,1.));
#8906=DIRECTION('',(-1.,0.,0.));
#8907=DIRECTION('',(1.,0.,0.));
#8908=DIRECTION('',(0.,0.,-1.));
#8909=DIRECTION('',(-1.,0.,0.));
#8910=DIRECTION('',(0.,0.,1.));
#8911=DIRECTION('',(-1.,0.,0.));
#8912=DIRECTION('',(0.,0.,1.));
#8913=DIRECTION('',(-1.,0.,0.));
#8914=DIRECTION('',(1.,0.,0.));
#8915=DIRECTION('',(0.,0.,-1.));
#8916=DIRECTION('',(-1.,0.,0.));
#8917=DIRECTION('',(0.,0.,1.));
#8918=DIRECTION('',(-1.,0.,0.));
#8919=DIRECTION('',(0.,0.,1.));
#8920=DIRECTION('',(-1.,0.,0.));
#8921=DIRECTION('',(1.,0.,0.));
#8922=DIRECTION('',(0.,0.,-1.));
#8923=DIRECTION('',(0.,0.,-1.));
#8924=DIRECTION('',(-1.,0.,0.));
#8925=DIRECTION('',(0.,-1.,0.));
#8926=DIRECTION('',(0.,-1.,0.));
#8927=DIRECTION('',(-1.,0.,0.));
#8928=DIRECTION('',(0.,0.,-1.));
#8929=DIRECTION('',(-1.,0.,0.));
#8930=DIRECTION('',(0.,1.,0.));
#8931=DIRECTION('',(-1.,0.,0.));
#8932=DIRECTION('',(0.,-1.,0.));
#8933=DIRECTION('',(0.,0.,-1.));
#8934=DIRECTION('',(-1.,0.,0.));
#8935=DIRECTION('',(0.,1.,0.));
#8936=DIRECTION('',(-1.,0.,0.));
#8937=DIRECTION('',(0.,-1.,0.));
#8938=DIRECTION('',(0.,0.,-1.));
#8939=DIRECTION('',(-1.,0.,0.));
#8940=DIRECTION('',(0.,1.,0.));
#8941=DIRECTION('',(-1.,0.,0.));
#8942=DIRECTION('',(0.,-1.,0.));
#8943=DIRECTION('',(0.,0.,-1.));
#8944=DIRECTION('',(-1.,0.,0.));
#8945=DIRECTION('',(0.,1.,0.));
#8946=DIRECTION('',(-1.,0.,0.));
#8947=DIRECTION('',(0.,-1.,0.));
#8948=DIRECTION('',(0.,0.,-1.));
#8949=DIRECTION('',(-1.,0.,0.));
#8950=DIRECTION('',(0.,1.,0.));
#8951=DIRECTION('',(-1.,0.,0.));
#8952=DIRECTION('',(0.,-1.,0.));
#8953=DIRECTION('',(0.,-1.,0.));
#8954=DIRECTION('',(0.,0.,-1.));
#8955=DIRECTION('',(0.,0.,1.));
#8956=DIRECTION('',(0.,0.,1.));
#8957=DIRECTION('',(-1.,0.,0.));
#8958=DIRECTION('',(0.,-1.,0.));
#8959=DIRECTION('',(0.,0.,-1.));
#8960=DIRECTION('',(0.,0.,-1.));
#8961=DIRECTION('',(-1.,0.,0.));
#8962=DIRECTION('',(0.,0.,1.));
#8963=DIRECTION('',(0.,-1.,0.));
#8964=DIRECTION('',(0.,0.,-1.));
#8965=DIRECTION('',(0.,0.,-1.));
#8966=DIRECTION('',(-1.,0.,0.));
#8967=DIRECTION('',(0.,0.,1.));
#8968=DIRECTION('',(0.,-1.,0.));
#8969=DIRECTION('',(0.,0.,-1.));
#8970=DIRECTION('',(0.,0.,-1.));
#8971=DIRECTION('',(-1.,0.,0.));
#8972=DIRECTION('',(0.,0.,1.));
#8973=DIRECTION('',(0.,-1.,0.));
#8974=DIRECTION('',(0.,0.,-1.));
#8975=DIRECTION('',(0.,0.,-1.));
#8976=DIRECTION('',(-1.,0.,0.));
#8977=DIRECTION('',(0.,0.,1.));
#8978=DIRECTION('',(0.,-1.,0.));
#8979=DIRECTION('',(0.,0.,-1.));
#8980=DIRECTION('',(0.,0.,-1.));
#8981=DIRECTION('',(-1.,0.,0.));
#8982=DIRECTION('',(0.,0.,1.));
#8983=DIRECTION('',(0.,0.,1.));
#8984=DIRECTION('',(1.,0.,0.));
#8985=DIRECTION('',(0.,1.,0.));
#8986=DIRECTION('',(0.,1.,0.));
#8987=DIRECTION('',(-1.,0.,0.));
#8988=DIRECTION('',(0.,0.,1.));
#8989=DIRECTION('',(1.,0.,0.));
#8990=DIRECTION('',(0.,-1.,0.));
#8991=DIRECTION('',(-1.,0.,0.));
#8992=DIRECTION('',(0.,1.,0.));
#8993=DIRECTION('',(0.,0.,1.));
#8994=DIRECTION('',(1.,0.,0.));
#8995=DIRECTION('',(0.,-1.,0.));
#8996=DIRECTION('',(-1.,0.,0.));
#8997=DIRECTION('',(0.,1.,0.));
#8998=DIRECTION('',(0.,0.,1.));
#8999=DIRECTION('',(1.,0.,0.));
#9000=DIRECTION('',(0.,-1.,0.));
#9001=DIRECTION('',(-1.,0.,0.));
#9002=DIRECTION('',(0.,1.,0.));
#9003=DIRECTION('',(0.,0.,1.));
#9004=DIRECTION('',(1.,0.,0.));
#9005=DIRECTION('',(0.,-1.,0.));
#9006=DIRECTION('',(-1.,0.,0.));
#9007=DIRECTION('',(0.,1.,0.));
#9008=DIRECTION('',(0.,0.,1.));
#9009=DIRECTION('',(1.,0.,0.));
#9010=DIRECTION('',(0.,-1.,0.));
#9011=DIRECTION('',(-1.,0.,0.));
#9012=DIRECTION('',(0.,1.,0.));
#9013=DIRECTION('',(-1.,0.,0.));
#9014=DIRECTION('',(0.,0.,1.));
#9015=DIRECTION('',(1.,0.,0.));
#9016=DIRECTION('',(0.,0.,-1.));
#9017=DIRECTION('',(-1.,0.,0.));
#9018=DIRECTION('',(0.,0.,1.));
#9019=DIRECTION('',(-1.,0.,0.));
#9020=DIRECTION('',(-1.,0.,0.));
#9021=DIRECTION('',(0.,0.,1.));
#9022=DIRECTION('',(-1.,0.,0.));
#9023=DIRECTION('',(0.,0.,1.));
#9024=DIRECTION('',(-1.,0.,0.));
#9025=DIRECTION('',(1.,0.,0.));
#9026=DIRECTION('',(0.,0.,-1.));
#9027=DIRECTION('',(-1.,0.,0.));
#9028=DIRECTION('',(0.,0.,1.));
#9029=DIRECTION('',(-1.,0.,0.));
#9030=DIRECTION('',(0.,0.,1.));
#9031=DIRECTION('',(-1.,0.,0.));
#9032=DIRECTION('',(1.,0.,0.));
#9033=DIRECTION('',(0.,0.,-1.));
#9034=DIRECTION('',(-1.,0.,0.));
#9035=DIRECTION('',(0.,0.,1.));
#9036=DIRECTION('',(-1.,0.,0.));
#9037=DIRECTION('',(0.,0.,1.));
#9038=DIRECTION('',(-1.,0.,0.));
#9039=DIRECTION('',(1.,0.,0.));
#9040=DIRECTION('',(0.,0.,-1.));
#9041=DIRECTION('',(-1.,0.,0.));
#9042=DIRECTION('',(0.,0.,1.));
#9043=DIRECTION('',(-1.,0.,0.));
#9044=DIRECTION('',(0.,0.,1.));
#9045=DIRECTION('',(-1.,0.,0.));
#9046=DIRECTION('',(1.,0.,0.));
#9047=DIRECTION('',(0.,0.,-1.));
#9048=DIRECTION('',(-1.,0.,0.));
#9049=DIRECTION('',(0.,0.,1.));
#9050=DIRECTION('',(-1.,0.,0.));
#9051=DIRECTION('',(0.,0.,1.));
#9052=DIRECTION('',(-1.,0.,0.));
#9053=DIRECTION('',(1.,0.,0.));
#9054=DIRECTION('',(0.,0.,-1.));
#9055=DIRECTION('',(0.,0.85673352435528,0.515759312320952));
#9056=DIRECTION('',(0.,-0.515759312320952,0.85673352435528));
#9057=DIRECTION('',(0.,0.515759312320952,-0.85673352435528));
#9058=DIRECTION('',(0.,0.515759312320952,-0.85673352435528));
#9059=DIRECTION('',(-1.,0.,0.));
#9060=DIRECTION('',(0.,0.85673352435528,0.515759312320952));
#9061=DIRECTION('',(0.,-0.515759312320952,0.85673352435528));
#9062=DIRECTION('',(0.,-0.515759312320952,0.85673352435528));
#9063=DIRECTION('',(-1.,0.,0.));
#9064=DIRECTION('',(0.,0.515759312320952,-0.85673352435528));
#9065=DIRECTION('',(0.,0.85673352435528,0.515759312320952));
#9066=DIRECTION('',(0.,-0.515759312320952,0.85673352435528));
#9067=DIRECTION('',(0.,-0.515759312320952,0.85673352435528));
#9068=DIRECTION('',(-1.,0.,0.));
#9069=DIRECTION('',(0.,0.515759312320952,-0.85673352435528));
#9070=DIRECTION('',(0.,0.85673352435528,0.515759312320952));
#9071=DIRECTION('',(0.,-0.515759312320952,0.85673352435528));
#9072=DIRECTION('',(0.,-0.515759312320952,0.85673352435528));
#9073=DIRECTION('',(-1.,0.,0.));
#9074=DIRECTION('',(0.,0.515759312320952,-0.85673352435528));
#9075=DIRECTION('',(0.,0.85673352435528,0.515759312320952));
#9076=DIRECTION('',(0.,-0.515759312320952,0.85673352435528));
#9077=DIRECTION('',(0.,-0.515759312320952,0.85673352435528));
#9078=DIRECTION('',(-1.,0.,0.));
#9079=DIRECTION('',(0.,0.515759312320952,-0.85673352435528));
#9080=DIRECTION('',(0.,0.85673352435528,0.515759312320952));
#9081=DIRECTION('',(0.,-0.515759312320952,0.85673352435528));
#9082=DIRECTION('',(0.,-0.515759312320952,0.85673352435528));
#9083=DIRECTION('',(-1.,0.,0.));
#9084=DIRECTION('',(0.,0.515759312320952,-0.85673352435528));
#9085=DIRECTION('',(-1.,0.,0.));
#9086=DIRECTION('',(0.,0.,1.));
#9087=DIRECTION('',(-1.,0.,0.));
#9088=DIRECTION('',(1.,0.,0.));
#9089=DIRECTION('',(0.,0.,-1.));
#9090=DIRECTION('',(-1.,0.,0.));
#9091=DIRECTION('',(0.,0.,1.));
#9092=DIRECTION('',(-1.,0.,0.));
#9093=DIRECTION('',(0.,0.,1.));
#9094=DIRECTION('',(-1.,0.,0.));
#9095=DIRECTION('',(0.,0.,1.));
#9096=DIRECTION('',(-1.,0.,0.));
#9097=DIRECTION('',(1.,0.,0.));
#9098=DIRECTION('',(0.,0.,-1.));
#9099=DIRECTION('',(-1.,0.,0.));
#9100=DIRECTION('',(0.,0.,1.));
#9101=DIRECTION('',(-1.,0.,0.));
#9102=DIRECTION('',(0.,0.,1.));
#9103=DIRECTION('',(-1.,0.,0.));
#9104=DIRECTION('',(1.,0.,0.));
#9105=DIRECTION('',(0.,0.,-1.));
#9106=DIRECTION('',(-1.,0.,0.));
#9107=DIRECTION('',(0.,0.,1.));
#9108=DIRECTION('',(-1.,0.,0.));
#9109=DIRECTION('',(0.,0.,1.));
#9110=DIRECTION('',(-1.,0.,0.));
#9111=DIRECTION('',(1.,0.,0.));
#9112=DIRECTION('',(0.,0.,-1.));
#9113=DIRECTION('',(-1.,0.,0.));
#9114=DIRECTION('',(0.,0.,1.));
#9115=DIRECTION('',(-1.,0.,0.));
#9116=DIRECTION('',(0.,0.,1.));
#9117=DIRECTION('',(-1.,0.,0.));
#9118=DIRECTION('',(1.,0.,0.));
#9119=DIRECTION('',(0.,0.,-1.));
#9120=DIRECTION('',(-1.,0.,0.));
#9121=DIRECTION('',(0.,0.,1.));
#9122=DIRECTION('',(-1.,0.,0.));
#9123=DIRECTION('',(0.,0.,1.));
#9124=DIRECTION('',(-1.,0.,0.));
#9125=DIRECTION('',(1.,0.,0.));
#9126=DIRECTION('',(0.,0.,-1.));
#9127=DIRECTION('',(0.,0.,1.));
#9128=DIRECTION('',(1.,0.,0.));
#9129=DIRECTION('',(0.,1.,0.));
#9130=DIRECTION('',(0.,1.,0.));
#9131=DIRECTION('',(-1.,0.,0.));
#9132=DIRECTION('',(0.,0.,1.));
#9133=DIRECTION('',(1.,0.,0.));
#9134=DIRECTION('',(0.,-1.,0.));
#9135=DIRECTION('',(-1.,0.,0.));
#9136=DIRECTION('',(0.,1.,0.));
#9137=DIRECTION('',(0.,0.,1.));
#9138=DIRECTION('',(1.,0.,0.));
#9139=DIRECTION('',(0.,-1.,0.));
#9140=DIRECTION('',(-1.,0.,0.));
#9141=DIRECTION('',(0.,1.,0.));
#9142=DIRECTION('',(0.,0.,1.));
#9143=DIRECTION('',(1.,0.,0.));
#9144=DIRECTION('',(0.,-1.,0.));
#9145=DIRECTION('',(-1.,0.,0.));
#9146=DIRECTION('',(0.,1.,0.));
#9147=DIRECTION('',(0.,0.,1.));
#9148=DIRECTION('',(1.,0.,0.));
#9149=DIRECTION('',(0.,-1.,0.));
#9150=DIRECTION('',(-1.,0.,0.));
#9151=DIRECTION('',(0.,1.,0.));
#9152=DIRECTION('',(0.,0.,1.));
#9153=DIRECTION('',(1.,0.,0.));
#9154=DIRECTION('',(0.,-1.,0.));
#9155=DIRECTION('',(-1.,0.,0.));
#9156=DIRECTION('',(0.,1.,0.));
#9157=DIRECTION('',(0.,0.,-1.));
#9158=DIRECTION('',(-1.,0.,0.));
#9159=DIRECTION('',(0.,-1.,0.));
#9160=DIRECTION('',(-1.,0.,0.));
#9161=DIRECTION('',(0.,-1.,0.));
#9162=DIRECTION('',(-1.,0.,0.));
#9163=DIRECTION('',(0.,0.,-1.));
#9164=DIRECTION('',(-1.,0.,0.));
#9165=DIRECTION('',(0.,1.,0.));
#9166=DIRECTION('',(-1.,0.,0.));
#9167=DIRECTION('',(0.,-1.,0.));
#9168=DIRECTION('',(-1.,0.,0.));
#9169=DIRECTION('',(0.,0.,-1.));
#9170=DIRECTION('',(-1.,0.,0.));
#9171=DIRECTION('',(0.,1.,0.));
#9172=DIRECTION('',(-1.,0.,0.));
#9173=DIRECTION('',(0.,-1.,0.));
#9174=DIRECTION('',(-1.,0.,0.));
#9175=DIRECTION('',(0.,0.,-1.));
#9176=DIRECTION('',(-1.,0.,0.));
#9177=DIRECTION('',(0.,1.,0.));
#9178=DIRECTION('',(-1.,0.,0.));
#9179=DIRECTION('',(0.,-1.,0.));
#9180=DIRECTION('',(-1.,0.,0.));
#9181=DIRECTION('',(0.,0.,-1.));
#9182=DIRECTION('',(-1.,0.,0.));
#9183=DIRECTION('',(0.,1.,0.));
#9184=DIRECTION('',(-1.,0.,0.));
#9185=DIRECTION('',(0.,-1.,0.));
#9186=DIRECTION('',(-1.,0.,0.));
#9187=DIRECTION('',(0.,0.,-1.));
#9188=DIRECTION('',(-1.,0.,0.));
#9189=DIRECTION('',(0.,1.,0.));
#9190=DIRECTION('',(-1.,0.,0.));
#9191=DIRECTION('',(0.,-1.,0.));
#9192=DIRECTION('',(-1.,0.,0.));
#9193=DIRECTION('',(-1.,0.,0.));
#9194=DIRECTION('',(0.,0.,1.));
#9195=DIRECTION('',(1.,0.,0.));
#9196=DIRECTION('',(0.,0.,-1.));
#9197=DIRECTION('',(-1.,0.,0.));
#9198=DIRECTION('',(0.,0.,1.));
#9199=DIRECTION('',(-1.,0.,0.));
#9200=DIRECTION('',(-1.,0.,0.));
#9201=DIRECTION('',(0.,0.,1.));
#9202=DIRECTION('',(-1.,0.,0.));
#9203=DIRECTION('',(0.,0.,1.));
#9204=DIRECTION('',(-1.,0.,0.));
#9205=DIRECTION('',(1.,0.,0.));
#9206=DIRECTION('',(0.,0.,-1.));
#9207=DIRECTION('',(-1.,0.,0.));
#9208=DIRECTION('',(0.,0.,1.));
#9209=DIRECTION('',(-1.,0.,0.));
#9210=DIRECTION('',(0.,0.,1.));
#9211=DIRECTION('',(-1.,0.,0.));
#9212=DIRECTION('',(1.,0.,0.));
#9213=DIRECTION('',(0.,0.,-1.));
#9214=DIRECTION('',(-1.,0.,0.));
#9215=DIRECTION('',(0.,0.,1.));
#9216=DIRECTION('',(-1.,0.,0.));
#9217=DIRECTION('',(0.,0.,1.));
#9218=DIRECTION('',(-1.,0.,0.));
#9219=DIRECTION('',(1.,0.,0.));
#9220=DIRECTION('',(0.,0.,-1.));
#9221=DIRECTION('',(-1.,0.,0.));
#9222=DIRECTION('',(0.,0.,1.));
#9223=DIRECTION('',(-1.,0.,0.));
#9224=DIRECTION('',(0.,0.,1.));
#9225=DIRECTION('',(-1.,0.,0.));
#9226=DIRECTION('',(1.,0.,0.));
#9227=DIRECTION('',(0.,0.,-1.));
#9228=DIRECTION('',(-1.,0.,0.));
#9229=DIRECTION('',(0.,0.,1.));
#9230=DIRECTION('',(-1.,0.,0.));
#9231=DIRECTION('',(0.,0.,1.));
#9232=DIRECTION('',(-1.,0.,0.));
#9233=DIRECTION('',(1.,0.,0.));
#9234=DIRECTION('',(0.,0.,-1.));
#9235=DIRECTION('',(-1.,0.,0.));
#9236=DIRECTION('',(0.,0.,1.));
#9237=DIRECTION('',(-1.,0.,0.));
#9238=DIRECTION('',(1.,0.,0.));
#9239=DIRECTION('',(0.,0.,-1.));
#9240=DIRECTION('',(-1.,0.,0.));
#9241=DIRECTION('',(0.,0.,1.));
#9242=DIRECTION('',(-1.,0.,0.));
#9243=DIRECTION('',(0.,0.,1.));
#9244=DIRECTION('',(-1.,0.,0.));
#9245=DIRECTION('',(0.,0.,1.));
#9246=DIRECTION('',(-1.,0.,0.));
#9247=DIRECTION('',(1.,0.,0.));
#9248=DIRECTION('',(0.,0.,-1.));
#9249=DIRECTION('',(-1.,0.,0.));
#9250=DIRECTION('',(0.,0.,1.));
#9251=DIRECTION('',(-1.,0.,0.));
#9252=DIRECTION('',(0.,0.,1.));
#9253=DIRECTION('',(-1.,0.,0.));
#9254=DIRECTION('',(1.,0.,0.));
#9255=DIRECTION('',(0.,0.,-1.));
#9256=DIRECTION('',(-1.,0.,0.));
#9257=DIRECTION('',(0.,0.,1.));
#9258=DIRECTION('',(-1.,0.,0.));
#9259=DIRECTION('',(0.,0.,1.));
#9260=DIRECTION('',(-1.,0.,0.));
#9261=DIRECTION('',(1.,0.,0.));
#9262=DIRECTION('',(0.,0.,-1.));
#9263=DIRECTION('',(-1.,0.,0.));
#9264=DIRECTION('',(0.,0.,1.));
#9265=DIRECTION('',(-1.,0.,0.));
#9266=DIRECTION('',(0.,0.,1.));
#9267=DIRECTION('',(-1.,0.,0.));
#9268=DIRECTION('',(1.,0.,0.));
#9269=DIRECTION('',(0.,0.,-1.));
#9270=DIRECTION('',(-1.,0.,0.));
#9271=DIRECTION('',(0.,0.,1.));
#9272=DIRECTION('',(-1.,0.,0.));
#9273=DIRECTION('',(0.,0.,1.));
#9274=DIRECTION('',(-1.,0.,0.));
#9275=DIRECTION('',(1.,0.,0.));
#9276=DIRECTION('',(0.,0.,-1.));
#9277=DIRECTION('',(0.,0.,-1.));
#9278=DIRECTION('',(-1.,0.,0.));
#9279=DIRECTION('',(0.,-1.,0.));
#9280=DIRECTION('',(0.,-1.,0.));
#9281=DIRECTION('',(-1.,0.,0.));
#9282=DIRECTION('',(0.,0.,-1.));
#9283=DIRECTION('',(-1.,0.,0.));
#9284=DIRECTION('',(0.,1.,0.));
#9285=DIRECTION('',(-1.,0.,0.));
#9286=DIRECTION('',(0.,-1.,0.));
#9287=DIRECTION('',(0.,0.,-1.));
#9288=DIRECTION('',(-1.,0.,0.));
#9289=DIRECTION('',(0.,1.,0.));
#9290=DIRECTION('',(-1.,0.,0.));
#9291=DIRECTION('',(0.,-1.,0.));
#9292=DIRECTION('',(0.,0.,-1.));
#9293=DIRECTION('',(-1.,0.,0.));
#9294=DIRECTION('',(0.,1.,0.));
#9295=DIRECTION('',(-1.,0.,0.));
#9296=DIRECTION('',(0.,-1.,0.));
#9297=DIRECTION('',(0.,0.,-1.));
#9298=DIRECTION('',(-1.,0.,0.));
#9299=DIRECTION('',(0.,1.,0.));
#9300=DIRECTION('',(-1.,0.,0.));
#9301=DIRECTION('',(0.,-1.,0.));
#9302=DIRECTION('',(0.,0.,-1.));
#9303=DIRECTION('',(-1.,0.,0.));
#9304=DIRECTION('',(0.,1.,0.));
#9305=DIRECTION('',(-1.,0.,0.));
#9306=DIRECTION('',(0.,-1.,0.));
#9307=DIRECTION('',(0.,-1.,0.));
#9308=DIRECTION('',(0.,0.,-1.));
#9309=DIRECTION('',(0.,0.,1.));
#9310=DIRECTION('',(0.,0.,1.));
#9311=DIRECTION('',(-1.,0.,0.));
#9312=DIRECTION('',(0.,-1.,0.));
#9313=DIRECTION('',(0.,0.,-1.));
#9314=DIRECTION('',(0.,0.,-1.));
#9315=DIRECTION('',(-1.,0.,0.));
#9316=DIRECTION('',(0.,0.,1.));
#9317=DIRECTION('',(0.,-1.,0.));
#9318=DIRECTION('',(0.,0.,-1.));
#9319=DIRECTION('',(0.,0.,-1.));
#9320=DIRECTION('',(-1.,0.,0.));
#9321=DIRECTION('',(0.,0.,1.));
#9322=DIRECTION('',(0.,-1.,0.));
#9323=DIRECTION('',(0.,0.,-1.));
#9324=DIRECTION('',(0.,0.,-1.));
#9325=DIRECTION('',(-1.,0.,0.));
#9326=DIRECTION('',(0.,0.,1.));
#9327=DIRECTION('',(0.,-1.,0.));
#9328=DIRECTION('',(0.,0.,-1.));
#9329=DIRECTION('',(0.,0.,-1.));
#9330=DIRECTION('',(-1.,0.,0.));
#9331=DIRECTION('',(0.,0.,1.));
#9332=DIRECTION('',(0.,-1.,0.));
#9333=DIRECTION('',(0.,0.,-1.));
#9334=DIRECTION('',(0.,0.,-1.));
#9335=DIRECTION('',(-1.,0.,0.));
#9336=DIRECTION('',(0.,0.,1.));
#9337=DIRECTION('',(0.,0.,1.));
#9338=DIRECTION('',(1.,0.,0.));
#9339=DIRECTION('',(0.,1.,0.));
#9340=DIRECTION('',(0.,1.,0.));
#9341=DIRECTION('',(-1.,0.,0.));
#9342=DIRECTION('',(0.,0.,1.));
#9343=DIRECTION('',(1.,0.,0.));
#9344=DIRECTION('',(0.,-1.,0.));
#9345=DIRECTION('',(-1.,0.,0.));
#9346=DIRECTION('',(0.,1.,0.));
#9347=DIRECTION('',(0.,0.,1.));
#9348=DIRECTION('',(1.,0.,0.));
#9349=DIRECTION('',(0.,-1.,0.));
#9350=DIRECTION('',(-1.,0.,0.));
#9351=DIRECTION('',(0.,1.,0.));
#9352=DIRECTION('',(0.,0.,1.));
#9353=DIRECTION('',(1.,0.,0.));
#9354=DIRECTION('',(0.,-1.,0.));
#9355=DIRECTION('',(-1.,0.,0.));
#9356=DIRECTION('',(0.,1.,0.));
#9357=DIRECTION('',(0.,0.,1.));
#9358=DIRECTION('',(1.,0.,0.));
#9359=DIRECTION('',(0.,-1.,0.));
#9360=DIRECTION('',(-1.,0.,0.));
#9361=DIRECTION('',(0.,1.,0.));
#9362=DIRECTION('',(0.,0.,1.));
#9363=DIRECTION('',(1.,0.,0.));
#9364=DIRECTION('',(0.,-1.,0.));
#9365=DIRECTION('',(-1.,0.,0.));
#9366=DIRECTION('',(0.,1.,0.));
#9367=DIRECTION('',(-1.,0.,0.));
#9368=DIRECTION('',(0.,0.,1.));
#9369=DIRECTION('',(1.,0.,0.));
#9370=DIRECTION('',(0.,0.,-1.));
#9371=DIRECTION('',(-1.,0.,0.));
#9372=DIRECTION('',(0.,0.,1.));
#9373=DIRECTION('',(-1.,0.,0.));
#9374=DIRECTION('',(-1.,0.,0.));
#9375=DIRECTION('',(0.,0.,1.));
#9376=DIRECTION('',(-1.,0.,0.));
#9377=DIRECTION('',(0.,0.,1.));
#9378=DIRECTION('',(-1.,0.,0.));
#9379=DIRECTION('',(1.,0.,0.));
#9380=DIRECTION('',(0.,0.,-1.));
#9381=DIRECTION('',(-1.,0.,0.));
#9382=DIRECTION('',(0.,0.,1.));
#9383=DIRECTION('',(-1.,0.,0.));
#9384=DIRECTION('',(0.,0.,1.));
#9385=DIRECTION('',(-1.,0.,0.));
#9386=DIRECTION('',(1.,0.,0.));
#9387=DIRECTION('',(0.,0.,-1.));
#9388=DIRECTION('',(-1.,0.,0.));
#9389=DIRECTION('',(0.,0.,1.));
#9390=DIRECTION('',(-1.,0.,0.));
#9391=DIRECTION('',(0.,0.,1.));
#9392=DIRECTION('',(-1.,0.,0.));
#9393=DIRECTION('',(1.,0.,0.));
#9394=DIRECTION('',(0.,0.,-1.));
#9395=DIRECTION('',(-1.,0.,0.));
#9396=DIRECTION('',(0.,0.,1.));
#9397=DIRECTION('',(-1.,0.,0.));
#9398=DIRECTION('',(0.,0.,1.));
#9399=DIRECTION('',(-1.,0.,0.));
#9400=DIRECTION('',(1.,0.,0.));
#9401=DIRECTION('',(0.,0.,-1.));
#9402=DIRECTION('',(-1.,0.,0.));
#9403=DIRECTION('',(0.,0.,1.));
#9404=DIRECTION('',(-1.,0.,0.));
#9405=DIRECTION('',(0.,0.,1.));
#9406=DIRECTION('',(-1.,0.,0.));
#9407=DIRECTION('',(1.,0.,0.));
#9408=DIRECTION('',(0.,0.,-1.));
#9409=DIRECTION('',(-1.,0.,0.));
#9410=DIRECTION('',(0.,0.,1.));
#9411=DIRECTION('',(-1.,0.,0.));
#9412=DIRECTION('',(1.,0.,0.));
#9413=DIRECTION('',(0.,0.,-1.));
#9414=DIRECTION('',(-1.,0.,0.));
#9415=DIRECTION('',(0.,0.,1.));
#9416=DIRECTION('',(-1.,0.,0.));
#9417=DIRECTION('',(0.,0.,1.));
#9418=DIRECTION('',(-1.,0.,0.));
#9419=DIRECTION('',(0.,0.,1.));
#9420=DIRECTION('',(-1.,0.,0.));
#9421=DIRECTION('',(1.,0.,0.));
#9422=DIRECTION('',(0.,0.,-1.));
#9423=DIRECTION('',(-1.,0.,0.));
#9424=DIRECTION('',(0.,0.,1.));
#9425=DIRECTION('',(-1.,0.,0.));
#9426=DIRECTION('',(0.,0.,1.));
#9427=DIRECTION('',(-1.,0.,0.));
#9428=DIRECTION('',(1.,0.,0.));
#9429=DIRECTION('',(0.,0.,-1.));
#9430=DIRECTION('',(-1.,0.,0.));
#9431=DIRECTION('',(0.,0.,1.));
#9432=DIRECTION('',(-1.,0.,0.));
#9433=DIRECTION('',(0.,0.,1.));
#9434=DIRECTION('',(-1.,0.,0.));
#9435=DIRECTION('',(1.,0.,0.));
#9436=DIRECTION('',(0.,0.,-1.));
#9437=DIRECTION('',(-1.,0.,0.));
#9438=DIRECTION('',(0.,0.,1.));
#9439=DIRECTION('',(-1.,0.,0.));
#9440=DIRECTION('',(0.,0.,1.));
#9441=DIRECTION('',(-1.,0.,0.));
#9442=DIRECTION('',(1.,0.,0.));
#9443=DIRECTION('',(0.,0.,-1.));
#9444=DIRECTION('',(-1.,0.,0.));
#9445=DIRECTION('',(0.,0.,1.));
#9446=DIRECTION('',(-1.,0.,0.));
#9447=DIRECTION('',(0.,0.,1.));
#9448=DIRECTION('',(-1.,0.,0.));
#9449=DIRECTION('',(1.,0.,0.));
#9450=DIRECTION('',(0.,0.,-1.));
#9451=DIRECTION('',(0.,0.,1.));
#9452=DIRECTION('',(1.,0.,0.));
#9453=DIRECTION('',(0.,1.,0.));
#9454=DIRECTION('',(0.,1.,0.));
#9455=DIRECTION('',(-1.,0.,0.));
#9456=DIRECTION('',(0.,0.,1.));
#9457=DIRECTION('',(1.,0.,0.));
#9458=DIRECTION('',(0.,-1.,0.));
#9459=DIRECTION('',(-1.,0.,0.));
#9460=DIRECTION('',(0.,1.,0.));
#9461=DIRECTION('',(0.,0.,1.));
#9462=DIRECTION('',(1.,0.,0.));
#9463=DIRECTION('',(0.,-1.,0.));
#9464=DIRECTION('',(-1.,0.,0.));
#9465=DIRECTION('',(0.,1.,0.));
#9466=DIRECTION('',(0.,0.,1.));
#9467=DIRECTION('',(1.,0.,0.));
#9468=DIRECTION('',(0.,-1.,0.));
#9469=DIRECTION('',(-1.,0.,0.));
#9470=DIRECTION('',(0.,1.,0.));
#9471=DIRECTION('',(0.,0.,1.));
#9472=DIRECTION('',(1.,0.,0.));
#9473=DIRECTION('',(0.,-1.,0.));
#9474=DIRECTION('',(-1.,0.,0.));
#9475=DIRECTION('',(0.,1.,0.));
#9476=DIRECTION('',(0.,0.,1.));
#9477=DIRECTION('',(1.,0.,0.));
#9478=DIRECTION('',(0.,-1.,0.));
#9479=DIRECTION('',(-1.,0.,0.));
#9480=DIRECTION('',(0.,1.,0.));
#9481=DIRECTION('',(0.,0.806688860420545,-0.590976380639194));
#9482=DIRECTION('',(0.,0.590976380639194,0.806688860420546));
#9483=DIRECTION('',(0.,-0.590976380639194,-0.806688860420546));
#9484=DIRECTION('',(1.,-2.51088970005907E-16,-3.42739036133993E-16));
#9485=DIRECTION('',(0.,0.590976380639194,0.806688860420546));
#9486=DIRECTION('',(0.,-0.590976380639194,-0.806688860420546));
#9487=DIRECTION('',(1.,-2.51088970005907E-16,-3.42739036133993E-16));
#9488=DIRECTION('',(0.,0.590976380639194,0.806688860420546));
#9489=DIRECTION('',(0.,-0.590976380639194,-0.806688860420546));
#9490=DIRECTION('',(1.,-2.51088970005907E-16,-3.42739036133993E-16));
#9491=DIRECTION('',(0.,0.590976380639194,0.806688860420546));
#9492=DIRECTION('',(0.,-0.590976380639194,-0.806688860420546));
#9493=DIRECTION('',(1.,-2.51088970005906E-16,-3.42739036133993E-16));
#9494=DIRECTION('',(0.,0.590976380639194,0.806688860420546));
#9495=DIRECTION('',(0.,-0.590976380639194,-0.806688860420546));
#9496=DIRECTION('',(1.,-2.51088970005906E-16,-3.42739036133993E-16));
#9497=DIRECTION('',(0.,0.590976380639194,0.806688860420546));
#9498=DIRECTION('',(0.,-0.590976380639194,-0.806688860420546));
#9499=DIRECTION('',(1.,-2.51088970005907E-16,-3.42739036133993E-16));
#9500=DIRECTION('',(0.,0.590976380639194,0.806688860420546));
#9501=DIRECTION('',(-1.,0.,0.));
#9502=DIRECTION('',(0.,-0.590976380639194,-0.806688860420545));
#9503=DIRECTION('',(-1.,0.,0.));
#9504=DIRECTION('',(0.,-0.590976380639194,-0.806688860420545));
#9505=DIRECTION('',(0.,0.,-1.));
#9506=DIRECTION('',(-1.,0.,0.));
#9507=DIRECTION('',(0.,1.,0.));
#9508=DIRECTION('',(-1.,0.,0.));
#9509=DIRECTION('',(0.,-1.,0.));
#9510=DIRECTION('',(-1.,0.,0.));
#9511=DIRECTION('',(0.,0.,1.));
#9512=DIRECTION('',(-1.,0.,0.));
#9513=DIRECTION('',(0.,0.,1.));
#9514=DIRECTION('',(-1.,0.,0.));
#9515=DIRECTION('',(-1.,0.,0.));
#9516=DIRECTION('',(0.,0.,1.));
#9517=DIRECTION('',(0.,-0.856733524355277,-0.515759312320957));
#9518=DIRECTION('',(0.,0.515759312320957,-0.856733524355277));
#9519=DIRECTION('',(0.,0.515759312320957,-0.856733524355277));
#9520=DIRECTION('',(-1.,0.,0.));
#9521=DIRECTION('',(0.,-0.515759312320957,0.856733524355277));
#9522=DIRECTION('',(-1.,0.,0.));
#9523=DIRECTION('',(0.,0.,1.));
#9524=DIRECTION('',(-1.,0.,0.));
#9525=DIRECTION('',(0.,0.,1.));
#9526=DIRECTION('',(-1.,0.,0.));
#9527=DIRECTION('',(-1.,0.,0.));
#9528=DIRECTION('',(0.,0.,1.));
#9529=DIRECTION('',(0.,0.,-1.));
#9530=DIRECTION('',(-1.,0.,0.));
#9531=DIRECTION('',(0.,1.,0.));
#9532=DIRECTION('',(-1.,0.,0.));
#9533=DIRECTION('',(0.,-1.,0.));
#9534=DIRECTION('',(0.,-1.,0.));
#9535=DIRECTION('',(0.,0.,-1.));
#9536=DIRECTION('',(0.,0.,-1.));
#9537=DIRECTION('',(-1.,0.,0.));
#9538=DIRECTION('',(0.,0.,1.));
#9539=DIRECTION('',(0.,0.,1.));
#9540=DIRECTION('',(1.,0.,0.));
#9541=DIRECTION('',(0.,-1.,0.));
#9542=DIRECTION('',(-1.,0.,0.));
#9543=DIRECTION('',(0.,1.,0.));
#9544=DIRECTION('',(-1.,0.,0.));
#9545=DIRECTION('',(0.,0.,1.));
#9546=DIRECTION('',(-1.,0.,0.));
#9547=DIRECTION('',(0.,0.,1.));
#9548=DIRECTION('',(-1.,0.,0.));
#9549=DIRECTION('',(-1.,0.,0.));
#9550=DIRECTION('',(0.,0.,1.));
#9551=DIRECTION('',(0.,0.85673352435528,0.515759312320952));
#9552=DIRECTION('',(0.,-0.515759312320952,0.85673352435528));
#9553=DIRECTION('',(0.,-0.515759312320952,0.85673352435528));
#9554=DIRECTION('',(-1.,0.,0.));
#9555=DIRECTION('',(0.,0.515759312320952,-0.85673352435528));
#9556=DIRECTION('',(-1.,0.,0.));
#9557=DIRECTION('',(0.,0.,1.));
#9558=DIRECTION('',(-1.,0.,0.));
#9559=DIRECTION('',(0.,0.,1.));
#9560=DIRECTION('',(-1.,0.,0.));
#9561=DIRECTION('',(-1.,0.,0.));
#9562=DIRECTION('',(0.,0.,1.));
#9563=DIRECTION('',(0.,0.,1.));
#9564=DIRECTION('',(1.,0.,0.));
#9565=DIRECTION('',(0.,-1.,0.));
#9566=DIRECTION('',(-1.,0.,0.));
#9567=DIRECTION('',(0.,1.,0.));
#9568=DIRECTION('',(0.,-1.,-2.51088970005907E-16));
#9569=DIRECTION('',(0.,2.51088970005907E-16,-1.));
#9570=DIRECTION('',(0.,0.,-1.));
#9571=DIRECTION('',(0.,0.,-1.));
#9572=DIRECTION('',(0.,0.,-1.));
#9573=DIRECTION('',(0.,0.,-1.));
#9574=DIRECTION('',(0.,0.,-1.));
#9575=DIRECTION('',(0.,0.,-1.));
#9576=DIRECTION('',(0.,0.,-1.));
#9577=DIRECTION('',(0.,0.,-1.));
#9578=DIRECTION('',(0.,0.,-1.));
#9579=DIRECTION('',(0.,0.,-1.));
#9580=DIRECTION('',(0.,0.,-1.));
#9581=DIRECTION('',(0.,0.,-1.));
#9582=DIRECTION('',(0.,-2.51088970005907E-16,1.));
#9583=DIRECTION('',(0.,0.,-1.));
#9584=DIRECTION('',(-1.,2.51088970005907E-16,-3.42739036133993E-16));
#9585=DIRECTION('',(0.,0.,-1.));
#9586=DIRECTION('',(0.,0.,-1.));
#9587=DIRECTION('',(-1.,2.51088970005907E-16,-3.42739036133993E-16));
#9588=DIRECTION('',(0.,0.,-1.));
#9589=DIRECTION('',(0.,0.,-1.));
#9590=DIRECTION('',(-1.,2.51088970005907E-16,-3.42739036133993E-16));
#9591=DIRECTION('',(0.,0.,-1.));
#9592=DIRECTION('',(0.,0.,-1.));
#9593=DIRECTION('',(-1.,2.51088970005906E-16,-3.42739036133993E-16));
#9594=DIRECTION('',(0.,0.,-1.));
#9595=DIRECTION('',(0.,0.,-1.));
#9596=DIRECTION('',(-1.,2.51088970005906E-16,-3.42739036133993E-16));
#9597=DIRECTION('',(0.,0.,-1.));
#9598=DIRECTION('',(0.,0.,-1.));
#9599=DIRECTION('',(-1.,2.51088970005907E-16,-3.42739036133993E-16));
#9600=DIRECTION('',(0.,0.,-1.));
#9601=DIRECTION('',(-1.,0.,0.));
#9602=DIRECTION('',(0.,-2.51088970005907E-16,1.));
#9603=DIRECTION('',(0.,0.,-1.));
#9604=DIRECTION('',(-1.,0.,0.));
#9605=DIRECTION('',(0.,1.,0.));
#9606=DIRECTION('',(-1.,0.,0.));
#9607=DIRECTION('',(0.,-1.,0.));
#9608=DIRECTION('',(-1.,0.,0.));
#9609=DIRECTION('',(0.,0.,1.));
#9610=DIRECTION('',(-1.,0.,0.));
#9611=DIRECTION('',(0.,0.,1.));
#9612=DIRECTION('',(-1.,0.,0.));
#9613=DIRECTION('',(-1.,0.,0.));
#9614=DIRECTION('',(0.,0.,1.));
#9615=DIRECTION('',(-1.,0.,0.));
#9616=DIRECTION('',(0.,0.,1.));
#9617=DIRECTION('',(-1.,0.,0.));
#9618=DIRECTION('',(0.,0.,1.));
#9619=DIRECTION('',(-1.,0.,0.));
#9620=DIRECTION('',(-1.,0.,0.));
#9621=DIRECTION('',(0.,0.,1.));
#9622=DIRECTION('',(0.,0.,-1.));
#9623=DIRECTION('',(-1.,0.,0.));
#9624=DIRECTION('',(0.,1.,0.));
#9625=DIRECTION('',(-1.,0.,0.));
#9626=DIRECTION('',(0.,-1.,0.));
#9627=DIRECTION('',(0.,-1.,0.));
#9628=DIRECTION('',(0.,0.,-1.));
#9629=DIRECTION('',(0.,0.,-1.));
#9630=DIRECTION('',(-1.,0.,0.));
#9631=DIRECTION('',(0.,0.,1.));
#9632=DIRECTION('',(0.,0.,1.));
#9633=DIRECTION('',(1.,0.,0.));
#9634=DIRECTION('',(0.,-1.,0.));
#9635=DIRECTION('',(-1.,0.,0.));
#9636=DIRECTION('',(0.,1.,0.));
#9637=DIRECTION('',(-1.,0.,0.));
#9638=DIRECTION('',(0.,0.,1.));
#9639=DIRECTION('',(-1.,0.,0.));
#9640=DIRECTION('',(0.,0.,1.));
#9641=DIRECTION('',(-1.,0.,0.));
#9642=DIRECTION('',(-1.,0.,0.));
#9643=DIRECTION('',(0.,0.,1.));
#9644=DIRECTION('',(-1.,0.,0.));
#9645=DIRECTION('',(0.,0.,1.));
#9646=DIRECTION('',(-1.,0.,0.));
#9647=DIRECTION('',(0.,0.,1.));
#9648=DIRECTION('',(-1.,0.,0.));
#9649=DIRECTION('',(-1.,0.,0.));
#9650=DIRECTION('',(0.,0.,1.));
#9651=DIRECTION('',(0.,0.,1.));
#9652=DIRECTION('',(1.,0.,0.));
#9653=DIRECTION('',(0.,-1.,0.));
#9654=DIRECTION('',(-1.,0.,0.));
#9655=DIRECTION('',(0.,1.,0.));
#9656=DIRECTION('',(0.,0.806688860420545,0.590976380639194));
#9657=DIRECTION('',(0.,-0.590976380639194,0.806688860420546));
#9658=DIRECTION('',(0.,0.590976380639194,-0.806688860420546));
#9659=DIRECTION('',(0.,0.590976380639194,-0.806688860420545));
#9660=DIRECTION('',(0.,0.590976380639194,-0.806688860420545));
#9661=DIRECTION('',(0.,-0.590976380639194,0.806688860420546));
#9662=DIRECTION('',(0.,0.590976380639194,-0.806688860420546));
#9663=DIRECTION('',(0.,-0.590976380639194,0.806688860420546));
#9664=DIRECTION('',(0.,0.590976380639194,-0.806688860420546));
#9665=DIRECTION('',(0.,-0.590976380639194,0.806688860420546));
#9666=DIRECTION('',(0.,0.590976380639194,-0.806688860420546));
#9667=DIRECTION('',(0.,-0.590976380639194,0.806688860420546));
#9668=DIRECTION('',(0.,0.590976380639194,-0.806688860420546));
#9669=DIRECTION('',(0.,-0.590976380639194,0.806688860420546));
#9670=DIRECTION('',(0.,0.590976380639194,-0.806688860420546));
#9671=DIRECTION('',(0.,-0.590976380639194,0.806688860420546));
#9672=DIRECTION('',(-1.,0.,0.));
#9673=DIRECTION('',(0.,0.,1.));
#9674=DIRECTION('',(-1.,0.,0.));
#9675=DIRECTION('',(0.,0.,1.));
#9676=DIRECTION('',(-1.,0.,0.));
#9677=DIRECTION('',(0.,0.,1.));
#9678=DIRECTION('',(1.,0.,0.));
#9679=DIRECTION('',(0.,0.,-1.));
#9680=DIRECTION('',(-1.,0.,0.));
#9681=DIRECTION('',(0.,0.,1.));
#9682=DIRECTION('',(1.,0.,0.));
#9683=DIRECTION('',(0.,0.,-1.));
#9684=DIRECTION('',(-1.,0.,0.));
#9685=DIRECTION('',(0.,0.,1.));
#9686=DIRECTION('',(1.,0.,0.));
#9687=DIRECTION('',(0.,0.,-1.));
#9688=DIRECTION('',(-1.,0.,0.));
#9689=DIRECTION('',(0.,0.,1.));
#9690=DIRECTION('',(1.,0.,0.));
#9691=DIRECTION('',(0.,0.,-1.));
#9692=DIRECTION('',(-1.,0.,0.));
#9693=DIRECTION('',(0.,0.,1.));
#9694=DIRECTION('',(1.,0.,0.));
#9695=DIRECTION('',(0.,0.,-1.));
#9696=DIRECTION('',(-1.,0.,0.));
#9697=DIRECTION('',(0.,0.,1.));
#9698=DIRECTION('',(1.,0.,0.));
#9699=DIRECTION('',(0.,0.,-1.));
#9700=DIRECTION('',(-1.,0.,0.));
#9701=DIRECTION('',(0.,0.,1.));
#9702=DIRECTION('',(1.,0.,0.));
#9703=DIRECTION('',(0.,0.,-1.));
#9704=DIRECTION('',(-1.,0.,0.));
#9705=DIRECTION('',(0.,0.,1.));
#9706=DIRECTION('',(1.,0.,0.));
#9707=DIRECTION('',(0.,0.,-1.));
#9708=DIRECTION('',(-1.,0.,0.));
#9709=DIRECTION('',(0.,0.,1.));
#9710=DIRECTION('',(1.,0.,0.));
#9711=DIRECTION('',(0.,0.,-1.));
#9712=DIRECTION('',(-1.,0.,0.));
#9713=DIRECTION('',(0.,0.,1.));
#9714=DIRECTION('',(1.,0.,0.));
#9715=DIRECTION('',(0.,0.,-1.));
#9716=DIRECTION('',(-1.,0.,0.));
#9717=DIRECTION('',(0.,0.,1.));
#9718=DIRECTION('',(1.,0.,0.));
#9719=DIRECTION('',(0.,0.,-1.));
#9720=DIRECTION('',(1.,0.,0.));
#9721=DIRECTION('',(0.,0.,-1.));
#9722=DIRECTION('',(-1.,0.,0.));
#9723=DIRECTION('',(0.,0.,1.));
#9724=DIRECTION('',(0.,0.,1.));
#9725=DIRECTION('',(1.,0.,0.));
#9726=CARTESIAN_POINT('',(0.,0.,0.));
#9727=CARTESIAN_POINT('',(0.175,0.099,-0.0675));
#9728=CARTESIAN_POINT('',(-0.175,0.099,-0.0675));
#9729=CARTESIAN_POINT('',(-0.175,0.0245,-0.067500000000002));
#9730=CARTESIAN_POINT('',(-0.175,0.,-0.0675));
#9731=CARTESIAN_POINT('',(0.175,0.0245,-0.067500000000002));
#9732=CARTESIAN_POINT('',(0.175,0.0245,-0.067500000000002));
#9733=CARTESIAN_POINT('',(0.175,0.099,-0.0675));
#9734=CARTESIAN_POINT('',(0.175,0.,-0.0675));
#9735=CARTESIAN_POINT('',(0.175,0.,-0.0675));
#9736=CARTESIAN_POINT('',(-0.175,0.099,0.0675));
#9737=CARTESIAN_POINT('',(0.175,0.099,0.0675));
#9738=CARTESIAN_POINT('',(0.175,0.0245,0.067500000000002));
#9739=CARTESIAN_POINT('',(0.175,0.,0.0675));
#9740=CARTESIAN_POINT('',(0.175,0.0245,0.067500000000002));
#9741=CARTESIAN_POINT('',(-0.175,0.0245,0.067500000000002));
#9742=CARTESIAN_POINT('',(-0.175,0.099,0.0675));
#9743=CARTESIAN_POINT('',(-0.175,0.,0.0675));
#9744=CARTESIAN_POINT('',(-0.175,0.,0.0675));
#9745=CARTESIAN_POINT('',(-0.175,0.099,-0.0675));
#9746=CARTESIAN_POINT('',(-0.175,0.0245,-0.0575));
#9747=CARTESIAN_POINT('',(-0.175,0.0245,-0.0575));
#9748=CARTESIAN_POINT('',(-0.175,0.0745,-0.0575));
#9749=CARTESIAN_POINT('',(-0.175,0.0245,-0.067500000000002));
#9750=CARTESIAN_POINT('',(-0.175,0.,-0.0675));
#9751=CARTESIAN_POINT('',(-0.175,0.0245,0.0575));
#9752=CARTESIAN_POINT('',(-0.175,0.0245,0.0575));
#9753=CARTESIAN_POINT('',(-0.175,0.0745,0.0575));
#9754=CARTESIAN_POINT('',(-0.175,0.0745,0.0575));
#9755=CARTESIAN_POINT('',(-0.175,0.0745,0.067500000000002));
#9756=CARTESIAN_POINT('',(-0.175,0.0745,0.067500000000002));
#9757=CARTESIAN_POINT('',(-0.175,0.099,0.0675));
#9758=CARTESIAN_POINT('',(-0.175,0.099,0.0675));
#9759=CARTESIAN_POINT('',(-0.175,0.099,-0.0675));
#9760=CARTESIAN_POINT('',(-0.175,0.099,-0.0675));
#9761=CARTESIAN_POINT('',(-0.175,0.099,-0.0675));
#9762=CARTESIAN_POINT('',(-0.175,0.0745,-0.0675));
#9763=CARTESIAN_POINT('',(-0.175,0.0745,-0.0575));
#9764=CARTESIAN_POINT('',(-0.175,0.099,0.0675));
#9765=CARTESIAN_POINT('',(0.175,0.0745,0.067500000000002));
#9766=CARTESIAN_POINT('',(0.175,0.0745,0.067500000000002));
#9767=CARTESIAN_POINT('',(0.175,0.099,0.0675));
#9768=CARTESIAN_POINT('',(0.175,0.099,0.0675));
#9769=CARTESIAN_POINT('',(-0.175,0.099,0.0675));
#9770=CARTESIAN_POINT('',(0.175,0.099,0.0675));
#9771=CARTESIAN_POINT('',(0.175,0.0245,-0.067500000000002));
#9772=CARTESIAN_POINT('',(0.175,0.0245,-0.0575));
#9773=CARTESIAN_POINT('',(0.175,0.0245,-0.0575));
#9774=CARTESIAN_POINT('',(0.175,0.0745,-0.0575));
#9775=CARTESIAN_POINT('',(0.175,0.0745,-0.0575));
#9776=CARTESIAN_POINT('',(0.175,0.0745,-0.067500000000002));
#9777=CARTESIAN_POINT('',(0.175,0.099,-0.0675));
#9778=CARTESIAN_POINT('',(0.175,0.099,-0.0675));
#9779=CARTESIAN_POINT('',(0.175,0.099,0.0675));
#9780=CARTESIAN_POINT('',(0.175,0.0745,0.067500000000002));
#9781=CARTESIAN_POINT('',(0.175,0.0745,0.0575));
#9782=CARTESIAN_POINT('',(0.175,0.0745,0.0575));
#9783=CARTESIAN_POINT('',(0.175,0.0245,0.0575));
#9784=CARTESIAN_POINT('',(0.175,0.0245,0.0575));
#9785=CARTESIAN_POINT('',(0.175,0.,0.0675));
#9786=CARTESIAN_POINT('',(0.142,0.099,-0.0325));
#9787=CARTESIAN_POINT('',(0.142,0.,-0.0325));
#9788=CARTESIAN_POINT('',(0.142,0.,-0.0325));
#9789=CARTESIAN_POINT('',(0.142,0.,-0.0165));
#9790=CARTESIAN_POINT('',(0.142,0.099,-0.0325));
#9791=CARTESIAN_POINT('',(0.142,0.099,-0.0325));
#9792=CARTESIAN_POINT('',(0.142,0.099,-0.0325));
#9793=CARTESIAN_POINT('',(0.142,0.099,-0.0165));
#9794=CARTESIAN_POINT('',(0.142,0.099,-0.0165));
#9795=CARTESIAN_POINT('',(0.158,0.099,-0.0325));
#9796=CARTESIAN_POINT('',(0.158,0.,-0.0325));
#9797=CARTESIAN_POINT('',(0.158,0.,-0.0325));
#9798=CARTESIAN_POINT('',(0.158,0.099,-0.0325));
#9799=CARTESIAN_POINT('',(0.158,0.099,-0.0325));
#9800=CARTESIAN_POINT('',(0.158,0.099,-0.0325));
#9801=CARTESIAN_POINT('',(0.158,0.099,-0.0165));
#9802=CARTESIAN_POINT('',(0.158,0.,-0.0165));
#9803=CARTESIAN_POINT('',(0.158,0.,-0.0165));
#9804=CARTESIAN_POINT('',(0.158,0.099,-0.0165));
#9805=CARTESIAN_POINT('',(0.158,0.099,-0.0165));
#9806=CARTESIAN_POINT('',(0.158,0.099,-0.0165));
#9807=CARTESIAN_POINT('',(0.142,0.099,0.0175));
#9808=CARTESIAN_POINT('',(0.142,0.,0.0175));
#9809=CARTESIAN_POINT('',(0.142,0.,0.0175));
#9810=CARTESIAN_POINT('',(0.142,0.,0.0335));
#9811=CARTESIAN_POINT('',(0.142,0.099,0.0175));
#9812=CARTESIAN_POINT('',(0.142,0.099,0.0175));
#9813=CARTESIAN_POINT('',(0.142,0.099,0.0175));
#9814=CARTESIAN_POINT('',(0.142,0.099,0.0335));
#9815=CARTESIAN_POINT('',(0.142,0.099,0.0335));
#9816=CARTESIAN_POINT('',(0.158,0.099,0.0175));
#9817=CARTESIAN_POINT('',(0.158,0.,0.0175));
#9818=CARTESIAN_POINT('',(0.158,0.,0.0175));
#9819=CARTESIAN_POINT('',(0.158,0.099,0.0175));
#9820=CARTESIAN_POINT('',(0.158,0.099,0.0175));
#9821=CARTESIAN_POINT('',(0.158,0.099,0.0175));
#9822=CARTESIAN_POINT('',(0.158,0.099,0.0335));
#9823=CARTESIAN_POINT('',(0.158,0.,0.0335));
#9824=CARTESIAN_POINT('',(0.158,0.,0.0335));
#9825=CARTESIAN_POINT('',(0.158,0.099,0.0335));
#9826=CARTESIAN_POINT('',(0.158,0.099,0.0335));
#9827=CARTESIAN_POINT('',(0.158,0.099,0.0335));
#9828=CARTESIAN_POINT('',(0.092,0.099,-0.0325));
#9829=CARTESIAN_POINT('',(0.092,0.,-0.0325));
#9830=CARTESIAN_POINT('',(0.092,0.,-0.0325));
#9831=CARTESIAN_POINT('',(0.092,0.,-0.0165));
#9832=CARTESIAN_POINT('',(0.092,0.099,-0.0325));
#9833=CARTESIAN_POINT('',(0.092,0.099,-0.0325));
#9834=CARTESIAN_POINT('',(0.092,0.099,-0.0325));
#9835=CARTESIAN_POINT('',(0.092,0.099,-0.0165));
#9836=CARTESIAN_POINT('',(0.092,0.099,-0.0165));
#9837=CARTESIAN_POINT('',(0.108,0.099,-0.0325));
#9838=CARTESIAN_POINT('',(0.108,0.,-0.0325));
#9839=CARTESIAN_POINT('',(0.108,0.,-0.0325));
#9840=CARTESIAN_POINT('',(0.108,0.099,-0.0325));
#9841=CARTESIAN_POINT('',(0.108,0.099,-0.0325));
#9842=CARTESIAN_POINT('',(0.108,0.099,-0.0325));
#9843=CARTESIAN_POINT('',(0.108,0.099,-0.0165));
#9844=CARTESIAN_POINT('',(0.108,0.,-0.0165));
#9845=CARTESIAN_POINT('',(0.108,0.,-0.0165));
#9846=CARTESIAN_POINT('',(0.108,0.099,-0.0165));
#9847=CARTESIAN_POINT('',(0.108,0.099,-0.0165));
#9848=CARTESIAN_POINT('',(0.108,0.099,-0.0165));
#9849=CARTESIAN_POINT('',(0.092,0.099,0.0175));
#9850=CARTESIAN_POINT('',(0.092,0.,0.0175));
#9851=CARTESIAN_POINT('',(0.092,0.,0.0175));
#9852=CARTESIAN_POINT('',(0.092,0.,0.0335));
#9853=CARTESIAN_POINT('',(0.092,0.099,0.0175));
#9854=CARTESIAN_POINT('',(0.092,0.099,0.0175));
#9855=CARTESIAN_POINT('',(0.092,0.099,0.0175));
#9856=CARTESIAN_POINT('',(0.092,0.099,0.0335));
#9857=CARTESIAN_POINT('',(0.092,0.099,0.0335));
#9858=CARTESIAN_POINT('',(0.108,0.099,0.0175));
#9859=CARTESIAN_POINT('',(0.108,0.,0.0175));
#9860=CARTESIAN_POINT('',(0.108,0.,0.0175));
#9861=CARTESIAN_POINT('',(0.108,0.099,0.0175));
#9862=CARTESIAN_POINT('',(0.108,0.099,0.0175));
#9863=CARTESIAN_POINT('',(0.108,0.099,0.0175));
#9864=CARTESIAN_POINT('',(0.108,0.099,0.0335));
#9865=CARTESIAN_POINT('',(0.108,0.,0.0335));
#9866=CARTESIAN_POINT('',(0.108,0.,0.0335));
#9867=CARTESIAN_POINT('',(0.108,0.099,0.0335));
#9868=CARTESIAN_POINT('',(0.108,0.099,0.0335));
#9869=CARTESIAN_POINT('',(0.108,0.099,0.0335));
#9870=CARTESIAN_POINT('',(0.042,0.099,-0.0325));
#9871=CARTESIAN_POINT('',(0.042,0.,-0.0325));
#9872=CARTESIAN_POINT('',(0.042,0.,-0.0325));
#9873=CARTESIAN_POINT('',(0.042,0.,-0.0165));
#9874=CARTESIAN_POINT('',(0.042,0.099,-0.0325));
#9875=CARTESIAN_POINT('',(0.042,0.099,-0.0325));
#9876=CARTESIAN_POINT('',(0.042,0.099,-0.0325));
#9877=CARTESIAN_POINT('',(0.042,0.099,-0.0165));
#9878=CARTESIAN_POINT('',(0.042,0.099,-0.0165));
#9879=CARTESIAN_POINT('',(0.0580000000000001,0.099,-0.0325));
#9880=CARTESIAN_POINT('',(0.0580000000000001,0.,-0.0325));
#9881=CARTESIAN_POINT('',(0.0580000000000001,0.,-0.0325));
#9882=CARTESIAN_POINT('',(0.0580000000000001,0.099,-0.0325));
#9883=CARTESIAN_POINT('',(0.0580000000000001,0.099,-0.0325));
#9884=CARTESIAN_POINT('',(0.0580000000000001,0.099,-0.0325));
#9885=CARTESIAN_POINT('',(0.0580000000000001,0.099,-0.0165));
#9886=CARTESIAN_POINT('',(0.0580000000000001,0.,-0.0165));
#9887=CARTESIAN_POINT('',(0.0580000000000001,0.,-0.0165));
#9888=CARTESIAN_POINT('',(0.0580000000000001,0.099,-0.0165));
#9889=CARTESIAN_POINT('',(0.0580000000000001,0.099,-0.0165));
#9890=CARTESIAN_POINT('',(0.0580000000000001,0.099,-0.0165));
#9891=CARTESIAN_POINT('',(0.042,0.099,0.0175));
#9892=CARTESIAN_POINT('',(0.042,0.,0.0175));
#9893=CARTESIAN_POINT('',(0.042,0.,0.0175));
#9894=CARTESIAN_POINT('',(0.042,0.,0.0335));
#9895=CARTESIAN_POINT('',(0.042,0.099,0.0175));
#9896=CARTESIAN_POINT('',(0.042,0.099,0.0175));
#9897=CARTESIAN_POINT('',(0.042,0.099,0.0175));
#9898=CARTESIAN_POINT('',(0.042,0.099,0.0335));
#9899=CARTESIAN_POINT('',(0.042,0.099,0.0335));
#9900=CARTESIAN_POINT('',(0.0580000000000001,0.099,0.0175));
#9901=CARTESIAN_POINT('',(0.0580000000000001,0.,0.0175));
#9902=CARTESIAN_POINT('',(0.0580000000000001,0.,0.0175));
#9903=CARTESIAN_POINT('',(0.0580000000000001,0.099,0.0175));
#9904=CARTESIAN_POINT('',(0.0580000000000001,0.099,0.0175));
#9905=CARTESIAN_POINT('',(0.0580000000000001,0.099,0.0175));
#9906=CARTESIAN_POINT('',(0.0580000000000001,0.099,0.0335));
#9907=CARTESIAN_POINT('',(0.0580000000000001,0.,0.0335));
#9908=CARTESIAN_POINT('',(0.0580000000000001,0.,0.0335));
#9909=CARTESIAN_POINT('',(0.0580000000000001,0.099,0.0335));
#9910=CARTESIAN_POINT('',(0.0580000000000001,0.099,0.0335));
#9911=CARTESIAN_POINT('',(0.0580000000000001,0.099,0.0335));
#9912=CARTESIAN_POINT('',(-0.00799999999999995,0.099,-0.0325));
#9913=CARTESIAN_POINT('',(-0.00799999999999995,0.,-0.0325));
#9914=CARTESIAN_POINT('',(-0.00799999999999995,0.,-0.0325));
#9915=CARTESIAN_POINT('',(-0.00799999999999995,0.,-0.0165));
#9916=CARTESIAN_POINT('',(-0.00799999999999995,0.099,-0.0325));
#9917=CARTESIAN_POINT('',(-0.00799999999999995,0.099,-0.0325));
#9918=CARTESIAN_POINT('',(-0.00799999999999995,0.099,-0.0325));
#9919=CARTESIAN_POINT('',(-0.00799999999999995,0.099,-0.0165));
#9920=CARTESIAN_POINT('',(-0.00799999999999995,0.099,-0.0165));
#9921=CARTESIAN_POINT('',(0.00800000000000006,0.099,-0.0325));
#9922=CARTESIAN_POINT('',(0.00800000000000006,0.,-0.0325));
#9923=CARTESIAN_POINT('',(0.00800000000000006,0.,-0.0325));
#9924=CARTESIAN_POINT('',(0.00800000000000006,0.099,-0.0325));
#9925=CARTESIAN_POINT('',(0.00800000000000006,0.099,-0.0325));
#9926=CARTESIAN_POINT('',(0.00800000000000006,0.099,-0.0325));
#9927=CARTESIAN_POINT('',(0.00800000000000006,0.099,-0.0165));
#9928=CARTESIAN_POINT('',(0.00800000000000006,0.,-0.0165));
#9929=CARTESIAN_POINT('',(0.00800000000000006,0.,-0.0165));
#9930=CARTESIAN_POINT('',(0.00800000000000006,0.099,-0.0165));
#9931=CARTESIAN_POINT('',(0.00800000000000006,0.099,-0.0165));
#9932=CARTESIAN_POINT('',(0.00800000000000006,0.099,-0.0165));
#9933=CARTESIAN_POINT('',(-0.00799999999999995,0.099,0.0175));
#9934=CARTESIAN_POINT('',(-0.00799999999999995,0.,0.0175));
#9935=CARTESIAN_POINT('',(-0.00799999999999995,0.,0.0175));
#9936=CARTESIAN_POINT('',(-0.00799999999999995,0.,0.0335));
#9937=CARTESIAN_POINT('',(-0.00799999999999995,0.099,0.0175));
#9938=CARTESIAN_POINT('',(-0.00799999999999995,0.099,0.0175));
#9939=CARTESIAN_POINT('',(-0.00799999999999995,0.099,0.0175));
#9940=CARTESIAN_POINT('',(-0.00799999999999995,0.099,0.0335));
#9941=CARTESIAN_POINT('',(-0.00799999999999995,0.099,0.0335));
#9942=CARTESIAN_POINT('',(0.00800000000000006,0.099,0.0175));
#9943=CARTESIAN_POINT('',(0.00800000000000006,0.,0.0175));
#9944=CARTESIAN_POINT('',(0.00800000000000006,0.,0.0175));
#9945=CARTESIAN_POINT('',(0.00800000000000006,0.099,0.0175));
#9946=CARTESIAN_POINT('',(0.00800000000000006,0.099,0.0175));
#9947=CARTESIAN_POINT('',(0.00800000000000006,0.099,0.0175));
#9948=CARTESIAN_POINT('',(0.00800000000000006,0.099,0.0335));
#9949=CARTESIAN_POINT('',(0.00800000000000006,0.,0.0335));
#9950=CARTESIAN_POINT('',(0.00800000000000006,0.,0.0335));
#9951=CARTESIAN_POINT('',(0.00800000000000006,0.099,0.0335));
#9952=CARTESIAN_POINT('',(0.00800000000000006,0.099,0.0335));
#9953=CARTESIAN_POINT('',(0.00800000000000006,0.099,0.0335));
#9954=CARTESIAN_POINT('',(-0.058,0.099,-0.0325));
#9955=CARTESIAN_POINT('',(-0.058,0.,-0.0325));
#9956=CARTESIAN_POINT('',(-0.058,0.,-0.0325));
#9957=CARTESIAN_POINT('',(-0.058,0.,-0.0165));
#9958=CARTESIAN_POINT('',(-0.058,0.099,-0.0325));
#9959=CARTESIAN_POINT('',(-0.058,0.099,-0.0325));
#9960=CARTESIAN_POINT('',(-0.058,0.099,-0.0325));
#9961=CARTESIAN_POINT('',(-0.058,0.099,-0.0165));
#9962=CARTESIAN_POINT('',(-0.058,0.099,-0.0165));
#9963=CARTESIAN_POINT('',(-0.042,0.099,-0.0325));
#9964=CARTESIAN_POINT('',(-0.042,0.,-0.0325));
#9965=CARTESIAN_POINT('',(-0.042,0.,-0.0325));
#9966=CARTESIAN_POINT('',(-0.042,0.099,-0.0325));
#9967=CARTESIAN_POINT('',(-0.042,0.099,-0.0325));
#9968=CARTESIAN_POINT('',(-0.042,0.099,-0.0325));
#9969=CARTESIAN_POINT('',(-0.042,0.099,-0.0165));
#9970=CARTESIAN_POINT('',(-0.042,0.,-0.0165));
#9971=CARTESIAN_POINT('',(-0.042,0.,-0.0165));
#9972=CARTESIAN_POINT('',(-0.042,0.099,-0.0165));
#9973=CARTESIAN_POINT('',(-0.042,0.099,-0.0165));
#9974=CARTESIAN_POINT('',(-0.042,0.099,-0.0165));
#9975=CARTESIAN_POINT('',(-0.058,0.099,0.0175));
#9976=CARTESIAN_POINT('',(-0.058,0.,0.0175));
#9977=CARTESIAN_POINT('',(-0.058,0.,0.0175));
#9978=CARTESIAN_POINT('',(-0.058,0.,0.0335));
#9979=CARTESIAN_POINT('',(-0.058,0.099,0.0175));
#9980=CARTESIAN_POINT('',(-0.058,0.099,0.0175));
#9981=CARTESIAN_POINT('',(-0.058,0.099,0.0175));
#9982=CARTESIAN_POINT('',(-0.058,0.099,0.0335));
#9983=CARTESIAN_POINT('',(-0.058,0.099,0.0335));
#9984=CARTESIAN_POINT('',(-0.042,0.099,0.0175));
#9985=CARTESIAN_POINT('',(-0.042,0.,0.0175));
#9986=CARTESIAN_POINT('',(-0.042,0.,0.0175));
#9987=CARTESIAN_POINT('',(-0.042,0.099,0.0175));
#9988=CARTESIAN_POINT('',(-0.042,0.099,0.0175));
#9989=CARTESIAN_POINT('',(-0.042,0.099,0.0175));
#9990=CARTESIAN_POINT('',(-0.042,0.099,0.0335));
#9991=CARTESIAN_POINT('',(-0.042,0.,0.0335));
#9992=CARTESIAN_POINT('',(-0.042,0.,0.0335));
#9993=CARTESIAN_POINT('',(-0.042,0.099,0.0335));
#9994=CARTESIAN_POINT('',(-0.042,0.099,0.0335));
#9995=CARTESIAN_POINT('',(-0.042,0.099,0.0335));
#9996=CARTESIAN_POINT('',(-0.108,0.099,-0.0325));
#9997=CARTESIAN_POINT('',(-0.108,0.,-0.0325));
#9998=CARTESIAN_POINT('',(-0.108,0.,-0.0325));
#9999=CARTESIAN_POINT('',(-0.108,0.,-0.0165));
#10000=CARTESIAN_POINT('',(-0.108,0.099,-0.0325));
#10001=CARTESIAN_POINT('',(-0.108,0.099,-0.0325));
#10002=CARTESIAN_POINT('',(-0.108,0.099,-0.0325));
#10003=CARTESIAN_POINT('',(-0.108,0.099,-0.0165));
#10004=CARTESIAN_POINT('',(-0.108,0.099,-0.0165));
#10005=CARTESIAN_POINT('',(-0.092,0.099,-0.0325));
#10006=CARTESIAN_POINT('',(-0.092,0.,-0.0325));
#10007=CARTESIAN_POINT('',(-0.092,0.,-0.0325));
#10008=CARTESIAN_POINT('',(-0.092,0.099,-0.0325));
#10009=CARTESIAN_POINT('',(-0.092,0.099,-0.0325));
#10010=CARTESIAN_POINT('',(-0.092,0.099,-0.0325));
#10011=CARTESIAN_POINT('',(-0.092,0.099,-0.0165));
#10012=CARTESIAN_POINT('',(-0.092,0.,-0.0165));
#10013=CARTESIAN_POINT('',(-0.092,0.,-0.0165));
#10014=CARTESIAN_POINT('',(-0.092,0.099,-0.0165));
#10015=CARTESIAN_POINT('',(-0.092,0.099,-0.0165));
#10016=CARTESIAN_POINT('',(-0.092,0.099,-0.0165));
#10017=CARTESIAN_POINT('',(-0.108,0.099,0.0175));
#10018=CARTESIAN_POINT('',(-0.108,0.,0.0175));
#10019=CARTESIAN_POINT('',(-0.108,0.,0.0175));
#10020=CARTESIAN_POINT('',(-0.108,0.,0.0335));
#10021=CARTESIAN_POINT('',(-0.108,0.099,0.0175));
#10022=CARTESIAN_POINT('',(-0.108,0.099,0.0175));
#10023=CARTESIAN_POINT('',(-0.108,0.099,0.0175));
#10024=CARTESIAN_POINT('',(-0.108,0.099,0.0335));
#10025=CARTESIAN_POINT('',(-0.108,0.099,0.0335));
#10026=CARTESIAN_POINT('',(-0.092,0.099,0.0175));
#10027=CARTESIAN_POINT('',(-0.092,0.,0.0175));
#10028=CARTESIAN_POINT('',(-0.092,0.,0.0175));
#10029=CARTESIAN_POINT('',(-0.092,0.099,0.0175));
#10030=CARTESIAN_POINT('',(-0.092,0.099,0.0175));
#10031=CARTESIAN_POINT('',(-0.092,0.099,0.0175));
#10032=CARTESIAN_POINT('',(-0.092,0.099,0.0335));
#10033=CARTESIAN_POINT('',(-0.092,0.,0.0335));
#10034=CARTESIAN_POINT('',(-0.092,0.,0.0335));
#10035=CARTESIAN_POINT('',(-0.092,0.099,0.0335));
#10036=CARTESIAN_POINT('',(-0.092,0.099,0.0335));
#10037=CARTESIAN_POINT('',(-0.092,0.099,0.0335));
#10038=CARTESIAN_POINT('',(-0.158,0.099,-0.0325));
#10039=CARTESIAN_POINT('',(-0.158,0.,-0.0325));
#10040=CARTESIAN_POINT('',(-0.158,0.,-0.0325));
#10041=CARTESIAN_POINT('',(-0.158,0.,-0.0165));
#10042=CARTESIAN_POINT('',(-0.158,0.099,-0.0325));
#10043=CARTESIAN_POINT('',(-0.158,0.099,-0.0325));
#10044=CARTESIAN_POINT('',(-0.158,0.099,-0.0325));
#10045=CARTESIAN_POINT('',(-0.158,0.099,-0.0165));
#10046=CARTESIAN_POINT('',(-0.158,0.099,-0.0165));
#10047=CARTESIAN_POINT('',(-0.142,0.099,-0.0325));
#10048=CARTESIAN_POINT('',(-0.142,0.,-0.0325));
#10049=CARTESIAN_POINT('',(-0.142,0.,-0.0325));
#10050=CARTESIAN_POINT('',(-0.142,0.099,-0.0325));
#10051=CARTESIAN_POINT('',(-0.142,0.099,-0.0325));
#10052=CARTESIAN_POINT('',(-0.142,0.099,-0.0325));
#10053=CARTESIAN_POINT('',(-0.142,0.099,-0.0165));
#10054=CARTESIAN_POINT('',(-0.142,0.,-0.0165));
#10055=CARTESIAN_POINT('',(-0.142,0.,-0.0165));
#10056=CARTESIAN_POINT('',(-0.142,0.099,-0.0165));
#10057=CARTESIAN_POINT('',(-0.142,0.099,-0.0165));
#10058=CARTESIAN_POINT('',(-0.142,0.099,-0.0165));
#10059=CARTESIAN_POINT('',(-0.158,0.099,0.0175));
#10060=CARTESIAN_POINT('',(-0.158,0.,0.0175));
#10061=CARTESIAN_POINT('',(-0.158,0.,0.0175));
#10062=CARTESIAN_POINT('',(-0.158,0.,0.0335));
#10063=CARTESIAN_POINT('',(-0.158,0.099,0.0175));
#10064=CARTESIAN_POINT('',(-0.158,0.099,0.0175));
#10065=CARTESIAN_POINT('',(-0.158,0.099,0.0175));
#10066=CARTESIAN_POINT('',(-0.158,0.099,0.0335));
#10067=CARTESIAN_POINT('',(-0.158,0.099,0.0335));
#10068=CARTESIAN_POINT('',(-0.142,0.099,0.0175));
#10069=CARTESIAN_POINT('',(-0.142,0.,0.0175));
#10070=CARTESIAN_POINT('',(-0.142,0.,0.0175));
#10071=CARTESIAN_POINT('',(-0.142,0.099,0.0175));
#10072=CARTESIAN_POINT('',(-0.142,0.099,0.0175));
#10073=CARTESIAN_POINT('',(-0.142,0.099,0.0175));
#10074=CARTESIAN_POINT('',(-0.142,0.099,0.0335));
#10075=CARTESIAN_POINT('',(-0.142,0.,0.0335));
#10076=CARTESIAN_POINT('',(-0.142,0.,0.0335));
#10077=CARTESIAN_POINT('',(-0.142,0.099,0.0335));
#10078=CARTESIAN_POINT('',(-0.142,0.099,0.0335));
#10079=CARTESIAN_POINT('',(-0.142,0.099,0.0335));
#10080=CARTESIAN_POINT('',(0.142,0.099,-0.0165));
#10081=CARTESIAN_POINT('',(0.142,0.,-0.0165));
#10082=CARTESIAN_POINT('',(0.142,0.099,-0.0165));
#10083=CARTESIAN_POINT('',(0.142,0.099,0.0335));
#10084=CARTESIAN_POINT('',(0.142,0.,0.0335));
#10085=CARTESIAN_POINT('',(0.142,0.099,0.0335));
#10086=CARTESIAN_POINT('',(0.092,0.099,-0.0165));
#10087=CARTESIAN_POINT('',(0.092,0.,-0.0165));
#10088=CARTESIAN_POINT('',(0.092,0.099,-0.0165));
#10089=CARTESIAN_POINT('',(0.092,0.099,0.0335));
#10090=CARTESIAN_POINT('',(0.092,0.,0.0335));
#10091=CARTESIAN_POINT('',(0.092,0.099,0.0335));
#10092=CARTESIAN_POINT('',(0.042,0.099,-0.0165));
#10093=CARTESIAN_POINT('',(0.042,0.,-0.0165));
#10094=CARTESIAN_POINT('',(0.042,0.099,-0.0165));
#10095=CARTESIAN_POINT('',(0.042,0.099,0.0335));
#10096=CARTESIAN_POINT('',(0.042,0.,0.0335));
#10097=CARTESIAN_POINT('',(0.042,0.099,0.0335));
#10098=CARTESIAN_POINT('',(-0.00799999999999995,0.099,-0.0165));
#10099=CARTESIAN_POINT('',(-0.00799999999999995,0.,-0.0165));
#10100=CARTESIAN_POINT('',(-0.00799999999999995,0.099,-0.0165));
#10101=CARTESIAN_POINT('',(-0.00799999999999995,0.099,0.0335));
#10102=CARTESIAN_POINT('',(-0.00799999999999995,0.,0.0335));
#10103=CARTESIAN_POINT('',(-0.00799999999999995,0.099,0.0335));
#10104=CARTESIAN_POINT('',(-0.058,0.099,-0.0165));
#10105=CARTESIAN_POINT('',(-0.058,0.,-0.0165));
#10106=CARTESIAN_POINT('',(-0.058,0.099,-0.0165));
#10107=CARTESIAN_POINT('',(-0.058,0.099,0.0335));
#10108=CARTESIAN_POINT('',(-0.058,0.,0.0335));
#10109=CARTESIAN_POINT('',(-0.058,0.099,0.0335));
#10110=CARTESIAN_POINT('',(-0.108,0.099,-0.0165));
#10111=CARTESIAN_POINT('',(-0.108,0.,-0.0165));
#10112=CARTESIAN_POINT('',(-0.108,0.099,-0.0165));
#10113=CARTESIAN_POINT('',(-0.108,0.099,0.0335));
#10114=CARTESIAN_POINT('',(-0.108,0.,0.0335));
#10115=CARTESIAN_POINT('',(-0.108,0.099,0.0335));
#10116=CARTESIAN_POINT('',(-0.158,0.099,-0.0165));
#10117=CARTESIAN_POINT('',(-0.158,0.,-0.0165));
#10118=CARTESIAN_POINT('',(-0.158,0.099,-0.0165));
#10119=CARTESIAN_POINT('',(-0.158,0.099,0.0335));
#10120=CARTESIAN_POINT('',(-0.158,0.,0.0335));
#10121=CARTESIAN_POINT('',(-0.158,0.099,0.0335));
#10122=CARTESIAN_POINT('',(0.175,0.099,-0.0675));
#10123=CARTESIAN_POINT('',(0.175,0.0745,-0.067500000000002));
#10124=CARTESIAN_POINT('',(0.175,0.099,-0.0675));
#10125=CARTESIAN_POINT('',(0.,0.099,0.));
#10126=CARTESIAN_POINT('',(0.,0.,0.));
#10127=CARTESIAN_POINT('',(0.175,0.0745,0.0575));
#10128=CARTESIAN_POINT('',(0.125,0.0495,0.0575));
#10129=CARTESIAN_POINT('',(0.1075,0.0495,0.0575));
#10130=CARTESIAN_POINT('',(-0.125,0.0495,0.0575));
#10131=CARTESIAN_POINT('',(-0.1425,0.0495,0.0575));
#10132=CARTESIAN_POINT('',(0.175,0.0245,0.0575));
#10133=CARTESIAN_POINT('',(0.175,0.0745,0.0575));
#10134=CARTESIAN_POINT('',(0.175,0.0245,0.0575));
#10135=CARTESIAN_POINT('',(0.175,0.0745,0.067500000000002));
#10136=CARTESIAN_POINT('',(0.175,0.0245,-0.067500000000002));
#10137=CARTESIAN_POINT('',(0.175,0.0245,-0.0575));
#10138=CARTESIAN_POINT('',(0.175,0.0245,-0.0575));
#10139=CARTESIAN_POINT('',(0.175,0.0745,-0.0575));
#10140=CARTESIAN_POINT('',(0.175,0.0745,-0.0575));
#10141=CARTESIAN_POINT('',(-0.125,0.0495,0.1075));
#10142=CARTESIAN_POINT('',(-0.125,0.0495,0.1025));
#10143=CARTESIAN_POINT('',(-0.1075,0.0495,0.1025));
#10144=CARTESIAN_POINT('',(-0.125,0.0495,0.1025));
#10145=CARTESIAN_POINT('',(-0.125,0.0495,0.1075));
#10146=CARTESIAN_POINT('',(-0.1125,0.0495,0.1075));
#10147=CARTESIAN_POINT('',(-0.1125,0.0495,0.1075));
#10148=CARTESIAN_POINT('',(0.125,0.0495,0.1075));
#10149=CARTESIAN_POINT('',(0.125,0.0495,0.1025));
#10150=CARTESIAN_POINT('',(0.1425,0.0495,0.1025));
#10151=CARTESIAN_POINT('',(0.125,0.0495,0.1025));
#10152=CARTESIAN_POINT('',(0.125,0.0495,0.1075));
#10153=CARTESIAN_POINT('',(0.1375,0.0495,0.1075));
#10154=CARTESIAN_POINT('',(0.1375,0.0495,0.1075));
#10155=CARTESIAN_POINT('',(0.,0.,0.));
#10156=CARTESIAN_POINT('',(0.158,0.21,-0.032999999999998));
#10157=CARTESIAN_POINT('',(-0.142,0.21,-0.032999999999998));
#10158=CARTESIAN_POINT('',(-0.142,0.099,-0.032999999999998));
#10159=CARTESIAN_POINT('',(-0.142,0.21,-0.032999999999998));
#10160=CARTESIAN_POINT('',(0.158,0.099,-0.032999999999998));
#10161=CARTESIAN_POINT('',(-0.158,0.099,-0.032999999999998));
#10162=CARTESIAN_POINT('',(-0.158,0.21,-0.032999999999998));
#10163=CARTESIAN_POINT('',(-0.158,0.21,-0.032999999999998));
#10164=CARTESIAN_POINT('',(0.158,0.21,-0.032999999999998));
#10165=CARTESIAN_POINT('',(0.158,0.21,-0.032999999999998));
#10166=CARTESIAN_POINT('',(-0.108,0.21,-0.032999999999998));
#10167=CARTESIAN_POINT('',(-0.108,0.21,-0.032999999999998));
#10168=CARTESIAN_POINT('',(-0.108,0.099,-0.032999999999998));
#10169=CARTESIAN_POINT('',(0.158,0.21,-0.032999999999998));
#10170=CARTESIAN_POINT('',(-0.092,0.21,-0.032999999999998));
#10171=CARTESIAN_POINT('',(-0.092,0.21,-0.032999999999998));
#10172=CARTESIAN_POINT('',(-0.092,0.099,-0.032999999999998));
#10173=CARTESIAN_POINT('',(0.158,0.099,-0.032999999999998));
#10174=CARTESIAN_POINT('',(0.158,0.21,-0.032999999999998));
#10175=CARTESIAN_POINT('',(-0.058,0.21,-0.032999999999998));
#10176=CARTESIAN_POINT('',(-0.058,0.21,-0.032999999999998));
#10177=CARTESIAN_POINT('',(-0.058,0.099,-0.032999999999998));
#10178=CARTESIAN_POINT('',(0.158,0.21,-0.032999999999998));
#10179=CARTESIAN_POINT('',(-0.042,0.21,-0.0329999999999979));
#10180=CARTESIAN_POINT('',(-0.042,0.21,-0.032999999999998));
#10181=CARTESIAN_POINT('',(-0.042,0.099,-0.032999999999998));
#10182=CARTESIAN_POINT('',(0.158,0.099,-0.032999999999998));
#10183=CARTESIAN_POINT('',(0.158,0.21,-0.032999999999998));
#10184=CARTESIAN_POINT('',(-0.00799999999999999,0.21,-0.032999999999998));
#10185=CARTESIAN_POINT('',(-0.00799999999999999,0.21,-0.0329999999999979));
#10186=CARTESIAN_POINT('',(-0.00799999999999999,0.099,-0.032999999999998));
#10187=CARTESIAN_POINT('',(0.158,0.21,-0.032999999999998));
#10188=CARTESIAN_POINT('',(0.00799999999999998,0.21,-0.032999999999998));
#10189=CARTESIAN_POINT('',(0.00799999999999999,0.21,-0.032999999999998));
#10190=CARTESIAN_POINT('',(0.00799999999999999,0.099,-0.032999999999998));
#10191=CARTESIAN_POINT('',(0.158,0.099,-0.032999999999998));
#10192=CARTESIAN_POINT('',(0.158,0.21,-0.032999999999998));
#10193=CARTESIAN_POINT('',(0.042,0.21,-0.032999999999998));
#10194=CARTESIAN_POINT('',(0.042,0.21,-0.032999999999998));
#10195=CARTESIAN_POINT('',(0.042,0.099,-0.032999999999998));
#10196=CARTESIAN_POINT('',(0.158,0.21,-0.032999999999998));
#10197=CARTESIAN_POINT('',(0.058,0.21,-0.032999999999998));
#10198=CARTESIAN_POINT('',(0.058,0.21,-0.032999999999998));
#10199=CARTESIAN_POINT('',(0.058,0.099,-0.032999999999998));
#10200=CARTESIAN_POINT('',(0.158,0.099,-0.032999999999998));
#10201=CARTESIAN_POINT('',(0.158,0.21,-0.032999999999998));
#10202=CARTESIAN_POINT('',(0.092,0.21,-0.032999999999998));
#10203=CARTESIAN_POINT('',(0.092,0.21,-0.032999999999998));
#10204=CARTESIAN_POINT('',(0.092,0.099,-0.032999999999998));
#10205=CARTESIAN_POINT('',(0.158,0.21,-0.032999999999998));
#10206=CARTESIAN_POINT('',(0.108,0.21,-0.032999999999998));
#10207=CARTESIAN_POINT('',(0.108,0.21,-0.032999999999998));
#10208=CARTESIAN_POINT('',(0.108,0.099,-0.032999999999998));
#10209=CARTESIAN_POINT('',(0.158,0.099,-0.032999999999998));
#10210=CARTESIAN_POINT('',(0.158,0.099,0.033000000000001));
#10211=CARTESIAN_POINT('',(-0.142,0.099,0.033000000000001));
#10212=CARTESIAN_POINT('',(-0.142,0.21,0.0330000000000011));
#10213=CARTESIAN_POINT('',(-0.142,0.099,0.033000000000001));
#10214=CARTESIAN_POINT('',(0.158,0.21,0.033000000000001));
#10215=CARTESIAN_POINT('',(-0.158,0.21,0.033000000000001));
#10216=CARTESIAN_POINT('',(-0.158,0.099,0.033000000000001));
#10217=CARTESIAN_POINT('',(-0.158,0.099,0.033000000000001));
#10218=CARTESIAN_POINT('',(0.158,0.099,0.033000000000001));
#10219=CARTESIAN_POINT('',(0.158,0.099,0.033000000000001));
#10220=CARTESIAN_POINT('',(-0.108,0.099,0.033000000000001));
#10221=CARTESIAN_POINT('',(-0.108,0.099,0.033000000000001));
#10222=CARTESIAN_POINT('',(-0.108,0.21,0.0330000000000011));
#10223=CARTESIAN_POINT('',(0.158,0.099,0.033000000000001));
#10224=CARTESIAN_POINT('',(-0.092,0.099,0.033000000000001));
#10225=CARTESIAN_POINT('',(-0.092,0.099,0.033000000000001));
#10226=CARTESIAN_POINT('',(-0.092,0.21,0.0330000000000009));
#10227=CARTESIAN_POINT('',(0.158,0.21,0.033000000000001));
#10228=CARTESIAN_POINT('',(0.158,0.099,0.033000000000001));
#10229=CARTESIAN_POINT('',(-0.058,0.099,0.033000000000001));
#10230=CARTESIAN_POINT('',(-0.058,0.099,0.033000000000001));
#10231=CARTESIAN_POINT('',(-0.058,0.21,0.033000000000001));
#10232=CARTESIAN_POINT('',(0.158,0.099,0.033000000000001));
#10233=CARTESIAN_POINT('',(-0.042,0.099,0.033000000000001));
#10234=CARTESIAN_POINT('',(-0.042,0.099,0.033000000000001));
#10235=CARTESIAN_POINT('',(-0.042,0.21,0.033000000000001));
#10236=CARTESIAN_POINT('',(0.158,0.21,0.033000000000001));
#10237=CARTESIAN_POINT('',(0.158,0.099,0.033000000000001));
#10238=CARTESIAN_POINT('',(-0.00799999999999999,0.099,0.033000000000001));
#10239=CARTESIAN_POINT('',(-0.00799999999999999,0.099,0.033000000000001));
#10240=CARTESIAN_POINT('',(-0.00800000000000001,0.21,0.033000000000001));
#10241=CARTESIAN_POINT('',(0.158,0.099,0.033000000000001));
#10242=CARTESIAN_POINT('',(0.00799999999999999,0.099,0.033000000000001));
#10243=CARTESIAN_POINT('',(0.00799999999999999,0.099,0.033000000000001));
#10244=CARTESIAN_POINT('',(0.008,0.21,0.0330000000000011));
#10245=CARTESIAN_POINT('',(0.158,0.21,0.033000000000001));
#10246=CARTESIAN_POINT('',(0.158,0.099,0.033000000000001));
#10247=CARTESIAN_POINT('',(0.042,0.099,0.033000000000001));
#10248=CARTESIAN_POINT('',(0.042,0.099,0.033000000000001));
#10249=CARTESIAN_POINT('',(0.042,0.21,0.0330000000000011));
#10250=CARTESIAN_POINT('',(0.158,0.099,0.033000000000001));
#10251=CARTESIAN_POINT('',(0.058,0.099,0.033000000000001));
#10252=CARTESIAN_POINT('',(0.058,0.099,0.033000000000001));
#10253=CARTESIAN_POINT('',(0.058,0.21,0.0330000000000011));
#10254=CARTESIAN_POINT('',(0.158,0.21,0.033000000000001));
#10255=CARTESIAN_POINT('',(0.158,0.099,0.033000000000001));
#10256=CARTESIAN_POINT('',(0.092,0.099,0.033000000000001));
#10257=CARTESIAN_POINT('',(0.092,0.099,0.033000000000001));
#10258=CARTESIAN_POINT('',(0.092,0.21,0.0330000000000011));
#10259=CARTESIAN_POINT('',(0.158,0.099,0.033000000000001));
#10260=CARTESIAN_POINT('',(0.108,0.099,0.033000000000001));
#10261=CARTESIAN_POINT('',(0.108,0.099,0.033000000000001));
#10262=CARTESIAN_POINT('',(0.108,0.21,0.033000000000001));
#10263=CARTESIAN_POINT('',(0.158,0.21,0.033000000000001));
#10264=CARTESIAN_POINT('',(0.158,0.21,0.033000000000001));
#10265=CARTESIAN_POINT('',(-0.094799999999931,0.319465611038401,-0.030200000000019));
#10266=CARTESIAN_POINT('',(-0.15280384757729,0.219,0.027803847577295));
#10267=CARTESIAN_POINT('',(-0.0819999999999351,0.106076951545822,0.0930000000000197));
#10268=CARTESIAN_POINT('',(-0.14719615242271,0.219,0.027803847577295));
#10269=CARTESIAN_POINT('',(0.158,0.219,0.027803847577295));
#10270=CARTESIAN_POINT('',(0.158,0.21,0.033000000000001));
#10271=CARTESIAN_POINT('',(-0.0547999999999425,0.302145102962704,-0.0202000000000156));
#10272=CARTESIAN_POINT('',(-0.10280384757729,0.219,0.027803847577295));
#10273=CARTESIAN_POINT('',(-0.0419999999999465,0.123397459621519,0.0830000000000164));
#10274=CARTESIAN_POINT('',(-0.09719615242271,0.219,0.027803847577295));
#10275=CARTESIAN_POINT('',(0.158,0.219,0.027803847577295));
#10276=CARTESIAN_POINT('',(0.158,0.21,0.033000000000001));
#10277=CARTESIAN_POINT('',(-0.0147999999999535,0.284824594887008,-0.0102000000000124));
#10278=CARTESIAN_POINT('',(-0.05280384757729,0.219,0.027803847577295));
#10279=CARTESIAN_POINT('',(-0.00199999999995701,0.140717967697215,0.0730000000000134));
#10280=CARTESIAN_POINT('',(-0.04719615242271,0.219,0.027803847577295));
#10281=CARTESIAN_POINT('',(0.158,0.219,0.027803847577295));
#10282=CARTESIAN_POINT('',(0.158,0.21,0.033000000000001));
#10283=CARTESIAN_POINT('',(0.0252000000000357,0.267504086811312,-0.0002000000000093));
#10284=CARTESIAN_POINT('',(-0.00280384757729002,0.219,0.027803847577295));
#10285=CARTESIAN_POINT('',(0.0380000000000323,0.158038475772911,0.0630000000000103));
#10286=CARTESIAN_POINT('',(0.00280384757728999,0.219,0.027803847577295));
#10287=CARTESIAN_POINT('',(0.158,0.219,0.027803847577295));
#10288=CARTESIAN_POINT('',(0.158,0.21,0.033000000000001));
#10289=CARTESIAN_POINT('',(0.065200000000025,0.250183578735615,0.00979999999999378));
#10290=CARTESIAN_POINT('',(0.04719615242271,0.219,0.027803847577295));
#10291=CARTESIAN_POINT('',(0.0780000000000215,0.175358983848607,0.0530000000000072));
#10292=CARTESIAN_POINT('',(0.05280384757729,0.219,0.027803847577295));
#10293=CARTESIAN_POINT('',(0.158,0.219,0.027803847577295));
#10294=CARTESIAN_POINT('',(0.158,0.21,0.033000000000001));
#10295=CARTESIAN_POINT('',(0.105200000000014,0.232863070659919,0.0197999999999969));
#10296=CARTESIAN_POINT('',(0.09719615242271,0.219,0.027803847577295));
#10297=CARTESIAN_POINT('',(0.118000000000011,0.192679491924304,0.0430000000000041));
#10298=CARTESIAN_POINT('',(0.10280384757729,0.219,0.027803847577295));
#10299=CARTESIAN_POINT('',(0.158,0.219,0.027803847577295));
#10300=CARTESIAN_POINT('',(0.158,0.219,0.027803847577295));
#10301=CARTESIAN_POINT('',(-0.15280384757729,0.219,0.5));
#10302=CARTESIAN_POINT('',(-0.15280384757729,0.219,0.022196152422708));
#10303=CARTESIAN_POINT('',(-0.14719615242271,0.219,0.5));
#10304=CARTESIAN_POINT('',(-0.14719615242271,0.219,0.022196152422708));
#10305=CARTESIAN_POINT('',(0.158,0.219,0.022196152422708));
#10306=CARTESIAN_POINT('',(0.158,0.219,0.027803847577295));
#10307=CARTESIAN_POINT('',(-0.10280384757729,0.219,0.5));
#10308=CARTESIAN_POINT('',(-0.10280384757729,0.219,0.022196152422708));
#10309=CARTESIAN_POINT('',(-0.09719615242271,0.219,0.5));
#10310=CARTESIAN_POINT('',(-0.09719615242271,0.219,0.022196152422708));
#10311=CARTESIAN_POINT('',(0.158,0.219,0.022196152422708));
#10312=CARTESIAN_POINT('',(0.158,0.219,0.027803847577295));
#10313=CARTESIAN_POINT('',(-0.05280384757729,0.219,0.5));
#10314=CARTESIAN_POINT('',(-0.05280384757729,0.219,0.022196152422708));
#10315=CARTESIAN_POINT('',(-0.04719615242271,0.219,0.5));
#10316=CARTESIAN_POINT('',(-0.04719615242271,0.219,0.022196152422708));
#10317=CARTESIAN_POINT('',(0.158,0.219,0.022196152422708));
#10318=CARTESIAN_POINT('',(0.158,0.219,0.027803847577295));
#10319=CARTESIAN_POINT('',(-0.00280384757729002,0.219,0.5));
#10320=CARTESIAN_POINT('',(-0.00280384757729002,0.219,0.022196152422708));
#10321=CARTESIAN_POINT('',(0.00280384757728999,0.219,0.5));
#10322=CARTESIAN_POINT('',(0.00280384757729,0.219,0.022196152422708));
#10323=CARTESIAN_POINT('',(0.158,0.219,0.022196152422708));
#10324=CARTESIAN_POINT('',(0.158,0.219,0.027803847577295));
#10325=CARTESIAN_POINT('',(0.04719615242271,0.219,0.5));
#10326=CARTESIAN_POINT('',(0.04719615242271,0.219,0.022196152422708));
#10327=CARTESIAN_POINT('',(0.05280384757729,0.219,0.5));
#10328=CARTESIAN_POINT('',(0.05280384757729,0.219,0.022196152422708));
#10329=CARTESIAN_POINT('',(0.158,0.219,0.022196152422708));
#10330=CARTESIAN_POINT('',(0.158,0.219,0.027803847577295));
#10331=CARTESIAN_POINT('',(0.09719615242271,0.219,0.5));
#10332=CARTESIAN_POINT('',(0.09719615242271,0.219,0.022196152422708));
#10333=CARTESIAN_POINT('',(0.10280384757729,0.219,0.5));
#10334=CARTESIAN_POINT('',(0.10280384757729,0.219,0.0221961524227079));
#10335=CARTESIAN_POINT('',(0.158,0.219,0.022196152422708));
#10336=CARTESIAN_POINT('',(0.158,0.219,0.022196152422708));
#10337=CARTESIAN_POINT('',(-0.0906430780617689,0.326665611038391,0.0843569219381928));
#10338=CARTESIAN_POINT('',(-0.158,0.21,0.017000000000001));
#10339=CARTESIAN_POINT('',(-0.0861569219381067,0.113276951545828,-0.0388430780618601));
#10340=CARTESIAN_POINT('',(-0.142,0.21,0.017000000000001));
#10341=CARTESIAN_POINT('',(0.158,0.21,0.017000000000001));
#10342=CARTESIAN_POINT('',(0.158,0.219,0.022196152422708));
#10343=CARTESIAN_POINT('',(-0.0506430780617796,0.309345102962696,0.0743569219381883));
#10344=CARTESIAN_POINT('',(-0.108,0.21,0.017000000000001));
#10345=CARTESIAN_POINT('',(-0.0461569219381172,0.130597459621524,-0.0288430780618556));
#10346=CARTESIAN_POINT('',(-0.092,0.21,0.017000000000001));
#10347=CARTESIAN_POINT('',(0.158,0.21,0.017000000000001));
#10348=CARTESIAN_POINT('',(0.158,0.219,0.022196152422708));
#10349=CARTESIAN_POINT('',(-0.0106430780617899,0.292024594887,0.0643569219381839));
#10350=CARTESIAN_POINT('',(-0.058,0.21,0.017000000000001));
#10351=CARTESIAN_POINT('',(-0.006156921938127,0.147917967697218,-0.0188430780618514));
#10352=CARTESIAN_POINT('',(-0.042,0.21,0.017000000000001));
#10353=CARTESIAN_POINT('',(0.158,0.21,0.017000000000001));
#10354=CARTESIAN_POINT('',(0.158,0.219,0.022196152422708));
#10355=CARTESIAN_POINT('',(0.0293569219382001,0.274704086811305,0.0543569219381797));
#10356=CARTESIAN_POINT('',(-0.00799999999999999,0.21,0.017000000000001));
#10357=CARTESIAN_POINT('',(0.0338430780618631,0.165238475772913,-0.00884307806184722));
#10358=CARTESIAN_POINT('',(0.00799999999999998,0.21,0.017000000000001));
#10359=CARTESIAN_POINT('',(0.158,0.21,0.017000000000001));
#10360=CARTESIAN_POINT('',(0.158,0.219,0.022196152422708));
#10361=CARTESIAN_POINT('',(0.0693569219381902,0.257383578735611,0.0443569219381754));
#10362=CARTESIAN_POINT('',(0.042,0.21,0.017000000000001));
#10363=CARTESIAN_POINT('',(0.0738430780618531,0.182558983848608,0.00115692193815704));
#10364=CARTESIAN_POINT('',(0.058,0.21,0.017000000000001));
#10365=CARTESIAN_POINT('',(0.158,0.21,0.017000000000001));
#10366=CARTESIAN_POINT('',(0.158,0.219,0.022196152422708));
#10367=CARTESIAN_POINT('',(0.10935692193818,0.240063070659916,0.0343569219381712));
#10368=CARTESIAN_POINT('',(0.092,0.21,0.017000000000001));
#10369=CARTESIAN_POINT('',(0.113843078061843,0.199879491924303,0.0111569219381613));
#10370=CARTESIAN_POINT('',(0.108,0.21,0.017000000000001));
#10371=CARTESIAN_POINT('',(0.158,0.21,0.017000000000001));
#10372=CARTESIAN_POINT('',(0.158,0.21,0.017000000000001));
#10373=CARTESIAN_POINT('',(-0.142,0.21,0.017000000000001));
#10374=CARTESIAN_POINT('',(-0.142,0.089,0.017000000000001));
#10375=CARTESIAN_POINT('',(0.158,0.089,0.017000000000001));
#10376=CARTESIAN_POINT('',(-0.158,0.089,0.017000000000001));
#10377=CARTESIAN_POINT('',(-0.158,0.21,0.017000000000001));
#10378=CARTESIAN_POINT('',(0.158,0.21,0.017000000000001));
#10379=CARTESIAN_POINT('',(-0.108,0.21,0.017000000000001));
#10380=CARTESIAN_POINT('',(-0.108,0.089,0.017000000000001));
#10381=CARTESIAN_POINT('',(-0.092,0.21,0.017000000000001));
#10382=CARTESIAN_POINT('',(-0.092,0.089,0.017000000000001));
#10383=CARTESIAN_POINT('',(0.158,0.089,0.017000000000001));
#10384=CARTESIAN_POINT('',(0.158,0.21,0.017000000000001));
#10385=CARTESIAN_POINT('',(-0.058,0.21,0.017000000000001));
#10386=CARTESIAN_POINT('',(-0.058,0.089,0.017000000000001));
#10387=CARTESIAN_POINT('',(-0.042,0.21,0.017000000000001));
#10388=CARTESIAN_POINT('',(-0.042,0.089,0.017000000000001));
#10389=CARTESIAN_POINT('',(0.158,0.089,0.017000000000001));
#10390=CARTESIAN_POINT('',(0.158,0.21,0.017000000000001));
#10391=CARTESIAN_POINT('',(-0.00799999999999999,0.21,0.017000000000001));
#10392=CARTESIAN_POINT('',(-0.008,0.089,0.017000000000001));
#10393=CARTESIAN_POINT('',(0.00799999999999999,0.21,0.017000000000001));
#10394=CARTESIAN_POINT('',(0.00799999999999998,0.089,0.017000000000001));
#10395=CARTESIAN_POINT('',(0.158,0.089,0.017000000000001));
#10396=CARTESIAN_POINT('',(0.158,0.21,0.017000000000001));
#10397=CARTESIAN_POINT('',(0.042,0.21,0.017000000000001));
#10398=CARTESIAN_POINT('',(0.042,0.089,0.017000000000001));
#10399=CARTESIAN_POINT('',(0.058,0.21,0.017000000000001));
#10400=CARTESIAN_POINT('',(0.058,0.089,0.017000000000001));
#10401=CARTESIAN_POINT('',(0.158,0.089,0.017000000000001));
#10402=CARTESIAN_POINT('',(0.158,0.21,0.017000000000001));
#10403=CARTESIAN_POINT('',(0.092,0.21,0.017000000000001));
#10404=CARTESIAN_POINT('',(0.092,0.089,0.017000000000001));
#10405=CARTESIAN_POINT('',(0.108,0.21,0.017000000000001));
#10406=CARTESIAN_POINT('',(0.108,0.089,0.017000000000001));
#10407=CARTESIAN_POINT('',(0.158,0.089,0.017000000000001));
#10408=CARTESIAN_POINT('',(0.158,0.089,-0.016999999999999));
#10409=CARTESIAN_POINT('',(-0.142,0.089,-0.016999999999999));
#10410=CARTESIAN_POINT('',(-0.142,0.21,-0.0169999999999991));
#10411=CARTESIAN_POINT('',(-0.142,0.089,-0.016999999999999));
#10412=CARTESIAN_POINT('',(0.158,0.21,-0.016999999999999));
#10413=CARTESIAN_POINT('',(-0.158,0.21,-0.016999999999999));
#10414=CARTESIAN_POINT('',(-0.158,0.089,-0.016999999999999));
#10415=CARTESIAN_POINT('',(-0.158,0.089,-0.016999999999999));
#10416=CARTESIAN_POINT('',(0.158,0.089,-0.016999999999999));
#10417=CARTESIAN_POINT('',(0.158,0.089,-0.016999999999999));
#10418=CARTESIAN_POINT('',(-0.108,0.089,-0.016999999999999));
#10419=CARTESIAN_POINT('',(-0.108,0.089,-0.016999999999999));
#10420=CARTESIAN_POINT('',(-0.108,0.21,-0.0169999999999992));
#10421=CARTESIAN_POINT('',(0.158,0.089,-0.016999999999999));
#10422=CARTESIAN_POINT('',(-0.092,0.089,-0.016999999999999));
#10423=CARTESIAN_POINT('',(-0.092,0.089,-0.016999999999999));
#10424=CARTESIAN_POINT('',(-0.092,0.21,-0.0169999999999991));
#10425=CARTESIAN_POINT('',(0.158,0.21,-0.016999999999999));
#10426=CARTESIAN_POINT('',(0.158,0.089,-0.016999999999999));
#10427=CARTESIAN_POINT('',(-0.058,0.089,-0.016999999999999));
#10428=CARTESIAN_POINT('',(-0.058,0.089,-0.016999999999999));
#10429=CARTESIAN_POINT('',(-0.0579999999999999,0.21,-0.0169999999999991));
#10430=CARTESIAN_POINT('',(0.158,0.089,-0.016999999999999));
#10431=CARTESIAN_POINT('',(-0.042,0.089,-0.016999999999999));
#10432=CARTESIAN_POINT('',(-0.042,0.089,-0.016999999999999));
#10433=CARTESIAN_POINT('',(-0.042,0.21,-0.0169999999999991));
#10434=CARTESIAN_POINT('',(0.158,0.21,-0.016999999999999));
#10435=CARTESIAN_POINT('',(0.158,0.089,-0.016999999999999));
#10436=CARTESIAN_POINT('',(-0.00799999999999999,0.089,-0.016999999999999));
#10437=CARTESIAN_POINT('',(-0.008,0.089,-0.016999999999999));
#10438=CARTESIAN_POINT('',(-0.00799999999999996,0.21,-0.0169999999999991));
#10439=CARTESIAN_POINT('',(0.158,0.089,-0.016999999999999));
#10440=CARTESIAN_POINT('',(0.00799999999999998,0.089,-0.016999999999999));
#10441=CARTESIAN_POINT('',(0.00799999999999999,0.089,-0.016999999999999));
#10442=CARTESIAN_POINT('',(0.00799999999999999,0.21,-0.016999999999999));
#10443=CARTESIAN_POINT('',(0.158,0.21,-0.016999999999999));
#10444=CARTESIAN_POINT('',(0.158,0.089,-0.016999999999999));
#10445=CARTESIAN_POINT('',(0.042,0.089,-0.016999999999999));
#10446=CARTESIAN_POINT('',(0.042,0.089,-0.016999999999999));
#10447=CARTESIAN_POINT('',(0.042,0.21,-0.0169999999999991));
#10448=CARTESIAN_POINT('',(0.158,0.089,-0.016999999999999));
#10449=CARTESIAN_POINT('',(0.058,0.089,-0.016999999999999));
#10450=CARTESIAN_POINT('',(0.058,0.089,-0.016999999999999));
#10451=CARTESIAN_POINT('',(0.058,0.21,-0.016999999999999));
#10452=CARTESIAN_POINT('',(0.158,0.21,-0.016999999999999));
#10453=CARTESIAN_POINT('',(0.158,0.089,-0.016999999999999));
#10454=CARTESIAN_POINT('',(0.092,0.089,-0.016999999999999));
#10455=CARTESIAN_POINT('',(0.092,0.089,-0.016999999999999));
#10456=CARTESIAN_POINT('',(0.092,0.21,-0.0169999999999991));
#10457=CARTESIAN_POINT('',(0.158,0.089,-0.016999999999999));
#10458=CARTESIAN_POINT('',(0.108,0.089,-0.016999999999999));
#10459=CARTESIAN_POINT('',(0.108,0.089,-0.016999999999999));
#10460=CARTESIAN_POINT('',(0.108,0.21,-0.0169999999999991));
#10461=CARTESIAN_POINT('',(0.158,0.21,-0.016999999999999));
#10462=CARTESIAN_POINT('',(0.158,0.21,-0.016999999999999));
#10463=CARTESIAN_POINT('',(-0.094799999999931,0.319465611038401,-0.080200000000019));
#10464=CARTESIAN_POINT('',(-0.15280384757729,0.219,-0.022196152422705));
#10465=CARTESIAN_POINT('',(-0.0819999999999351,0.106076951545822,0.0430000000000197));
#10466=CARTESIAN_POINT('',(-0.14719615242271,0.219,-0.022196152422705));
#10467=CARTESIAN_POINT('',(0.158,0.219,-0.022196152422705));
#10468=CARTESIAN_POINT('',(0.158,0.21,-0.016999999999999));
#10469=CARTESIAN_POINT('',(-0.0547999999999425,0.302145102962704,-0.0702000000000156));
#10470=CARTESIAN_POINT('',(-0.10280384757729,0.219,-0.022196152422705));
#10471=CARTESIAN_POINT('',(-0.0419999999999465,0.123397459621519,0.0330000000000164));
#10472=CARTESIAN_POINT('',(-0.09719615242271,0.219,-0.022196152422705));
#10473=CARTESIAN_POINT('',(0.158,0.219,-0.022196152422705));
#10474=CARTESIAN_POINT('',(0.158,0.21,-0.016999999999999));
#10475=CARTESIAN_POINT('',(-0.0147999999999535,0.284824594887008,-0.0602000000000124));
#10476=CARTESIAN_POINT('',(-0.05280384757729,0.219,-0.022196152422705));
#10477=CARTESIAN_POINT('',(-0.00199999999995695,0.140717967697215,0.0230000000000134));
#10478=CARTESIAN_POINT('',(-0.04719615242271,0.219,-0.022196152422705));
#10479=CARTESIAN_POINT('',(0.158,0.219,-0.022196152422705));
#10480=CARTESIAN_POINT('',(0.158,0.21,-0.016999999999999));
#10481=CARTESIAN_POINT('',(0.0252000000000357,0.267504086811312,-0.0502000000000093));
#10482=CARTESIAN_POINT('',(-0.00280384757729002,0.219,-0.022196152422705));
#10483=CARTESIAN_POINT('',(0.0380000000000323,0.158038475772911,0.0130000000000103));
#10484=CARTESIAN_POINT('',(0.00280384757728999,0.219,-0.022196152422705));
#10485=CARTESIAN_POINT('',(0.158,0.219,-0.022196152422705));
#10486=CARTESIAN_POINT('',(0.158,0.21,-0.016999999999999));
#10487=CARTESIAN_POINT('',(0.065200000000025,0.250183578735615,-0.0402000000000062));
#10488=CARTESIAN_POINT('',(0.04719615242271,0.219,-0.022196152422705));
#10489=CARTESIAN_POINT('',(0.0780000000000215,0.175358983848607,0.00300000000000722));
#10490=CARTESIAN_POINT('',(0.05280384757729,0.219,-0.022196152422705));
#10491=CARTESIAN_POINT('',(0.158,0.219,-0.022196152422705));
#10492=CARTESIAN_POINT('',(0.158,0.21,-0.016999999999999));
#10493=CARTESIAN_POINT('',(0.105200000000014,0.232863070659919,-0.0302000000000031));
#10494=CARTESIAN_POINT('',(0.09719615242271,0.219,-0.022196152422705));
#10495=CARTESIAN_POINT('',(0.118000000000011,0.192679491924304,-0.0069999999999959));
#10496=CARTESIAN_POINT('',(0.10280384757729,0.219,-0.022196152422705));
#10497=CARTESIAN_POINT('',(0.158,0.219,-0.022196152422705));
#10498=CARTESIAN_POINT('',(0.158,0.219,-0.022196152422705));
#10499=CARTESIAN_POINT('',(-0.15280384757729,0.219,0.5));
#10500=CARTESIAN_POINT('',(-0.15280384757729,0.219,-0.027803847577292));
#10501=CARTESIAN_POINT('',(-0.14719615242271,0.219,0.5));
#10502=CARTESIAN_POINT('',(-0.14719615242271,0.219,-0.027803847577292));
#10503=CARTESIAN_POINT('',(0.158,0.219,-0.027803847577292));
#10504=CARTESIAN_POINT('',(0.158,0.219,-0.022196152422705));
#10505=CARTESIAN_POINT('',(-0.10280384757729,0.219,0.5));
#10506=CARTESIAN_POINT('',(-0.10280384757729,0.219,-0.027803847577292));
#10507=CARTESIAN_POINT('',(-0.09719615242271,0.219,0.5));
#10508=CARTESIAN_POINT('',(-0.0971961524227099,0.219,-0.027803847577292));
#10509=CARTESIAN_POINT('',(0.158,0.219,-0.027803847577292));
#10510=CARTESIAN_POINT('',(0.158,0.219,-0.022196152422705));
#10511=CARTESIAN_POINT('',(-0.05280384757729,0.219,0.5));
#10512=CARTESIAN_POINT('',(-0.05280384757729,0.219,-0.027803847577292));
#10513=CARTESIAN_POINT('',(-0.04719615242271,0.219,0.5));
#10514=CARTESIAN_POINT('',(-0.04719615242271,0.219,-0.027803847577292));
#10515=CARTESIAN_POINT('',(0.158,0.219,-0.027803847577292));
#10516=CARTESIAN_POINT('',(0.158,0.219,-0.022196152422705));
#10517=CARTESIAN_POINT('',(-0.00280384757729002,0.219,0.5));
#10518=CARTESIAN_POINT('',(-0.00280384757729003,0.219,-0.027803847577292));
#10519=CARTESIAN_POINT('',(0.00280384757728999,0.219,0.5));
#10520=CARTESIAN_POINT('',(0.00280384757728998,0.219,-0.0278038475772919));
#10521=CARTESIAN_POINT('',(0.158,0.219,-0.027803847577292));
#10522=CARTESIAN_POINT('',(0.158,0.219,-0.022196152422705));
#10523=CARTESIAN_POINT('',(0.04719615242271,0.219,0.5));
#10524=CARTESIAN_POINT('',(0.04719615242271,0.219,-0.027803847577292));
#10525=CARTESIAN_POINT('',(0.05280384757729,0.219,0.5));
#10526=CARTESIAN_POINT('',(0.05280384757729,0.219,-0.027803847577292));
#10527=CARTESIAN_POINT('',(0.158,0.219,-0.027803847577292));
#10528=CARTESIAN_POINT('',(0.158,0.219,-0.022196152422705));
#10529=CARTESIAN_POINT('',(0.09719615242271,0.219,0.5));
#10530=CARTESIAN_POINT('',(0.09719615242271,0.219,-0.027803847577292));
#10531=CARTESIAN_POINT('',(0.10280384757729,0.219,0.5));
#10532=CARTESIAN_POINT('',(0.10280384757729,0.219,-0.027803847577292));
#10533=CARTESIAN_POINT('',(0.158,0.219,-0.027803847577292));
#10534=CARTESIAN_POINT('',(0.158,0.219,-0.027803847577292));
#10535=CARTESIAN_POINT('',(-0.0906430780617642,0.326665611038399,0.0343569219381857));
#10536=CARTESIAN_POINT('',(-0.086156921938102,0.11327695154582,-0.0888430780618531));
#10537=CARTESIAN_POINT('',(0.158,0.219,-0.027803847577292));
#10538=CARTESIAN_POINT('',(-0.0506430780617756,0.309345102962702,0.0243569219381823));
#10539=CARTESIAN_POINT('',(-0.0461569219381133,0.130597459621517,-0.0788430780618497));
#10540=CARTESIAN_POINT('',(0.158,0.219,-0.027803847577292));
#10541=CARTESIAN_POINT('',(-0.0106430780617867,0.292024594887006,0.0143569219381791));
#10542=CARTESIAN_POINT('',(-0.00615692193812386,0.147917967697213,-0.0688430780618467));
#10543=CARTESIAN_POINT('',(0.158,0.219,-0.027803847577292));
#10544=CARTESIAN_POINT('',(0.0293569219382026,0.27470408681131,0.00435692193817599));
#10545=CARTESIAN_POINT('',(0.0338430780618655,0.165238475772909,-0.0588430780618437));
#10546=CARTESIAN_POINT('',(0.158,0.219,-0.027803847577292));
#10547=CARTESIAN_POINT('',(0.0693569219381919,0.257383578735613,-0.00564307806182709));
#10548=CARTESIAN_POINT('',(0.0738430780618547,0.182558983848605,-0.0488430780618405));
#10549=CARTESIAN_POINT('',(0.158,0.219,-0.027803847577292));
#10550=CARTESIAN_POINT('',(0.109356921938181,0.240063070659917,-0.0156430780618302));
#10551=CARTESIAN_POINT('',(0.113843078061844,0.199879491924302,-0.0388430780618374));
#10552=CARTESIAN_POINT('',(0.158,0.21,-0.032999999999998));
#10553=CARTESIAN_POINT('',(0.142,0.21,-0.032999999999998));
#10554=CARTESIAN_POINT('',(0.142,0.21,-0.032999999999998));
#10555=CARTESIAN_POINT('',(0.142,0.099,-0.032999999999998));
#10556=CARTESIAN_POINT('',(0.158,0.21,-0.032999999999998));
#10557=CARTESIAN_POINT('',(0.158,0.21,-0.032999999999998));
#10558=CARTESIAN_POINT('',(0.158,0.21,-0.032999999999998));
#10559=CARTESIAN_POINT('',(0.158,0.099,-0.032999999999998));
#10560=CARTESIAN_POINT('',(0.158,0.099,-0.032999999999998));
#10561=CARTESIAN_POINT('',(0.158,0.099,-0.032999999999998));
#10562=CARTESIAN_POINT('',(-0.142,0.099,-0.032999999999998));
#10563=CARTESIAN_POINT('',(-0.142,0.089,-0.0262653061224474));
#10564=CARTESIAN_POINT('',(0.158,0.089,-0.0262653061224474));
#10565=CARTESIAN_POINT('',(-0.108,0.089,-0.0262653061224474));
#10566=CARTESIAN_POINT('',(-0.108,0.099,-0.032999999999998));
#10567=CARTESIAN_POINT('',(-0.092,0.099,-0.032999999999998));
#10568=CARTESIAN_POINT('',(-0.092,0.089,-0.0262653061224474));
#10569=CARTESIAN_POINT('',(0.158,0.089,-0.0262653061224474));
#10570=CARTESIAN_POINT('',(-0.058,0.089,-0.0262653061224474));
#10571=CARTESIAN_POINT('',(-0.058,0.099,-0.032999999999998));
#10572=CARTESIAN_POINT('',(-0.042,0.099,-0.032999999999998));
#10573=CARTESIAN_POINT('',(-0.042,0.089,-0.0262653061224474));
#10574=CARTESIAN_POINT('',(0.158,0.089,-0.0262653061224474));
#10575=CARTESIAN_POINT('',(-0.00799999999999999,0.089,-0.0262653061224474));
#10576=CARTESIAN_POINT('',(-0.00799999999999999,0.099,-0.032999999999998));
#10577=CARTESIAN_POINT('',(0.00799999999999999,0.099,-0.032999999999998));
#10578=CARTESIAN_POINT('',(0.00799999999999998,0.089,-0.0262653061224474));
#10579=CARTESIAN_POINT('',(0.158,0.089,-0.0262653061224474));
#10580=CARTESIAN_POINT('',(0.042,0.089,-0.0262653061224474));
#10581=CARTESIAN_POINT('',(0.042,0.099,-0.032999999999998));
#10582=CARTESIAN_POINT('',(0.058,0.099,-0.032999999999998));
#10583=CARTESIAN_POINT('',(0.058,0.089,-0.0262653061224474));
#10584=CARTESIAN_POINT('',(0.158,0.089,-0.0262653061224474));
#10585=CARTESIAN_POINT('',(0.092,0.089,-0.0262653061224474));
#10586=CARTESIAN_POINT('',(0.092,0.099,-0.032999999999998));
#10587=CARTESIAN_POINT('',(0.108,0.099,-0.032999999999998));
#10588=CARTESIAN_POINT('',(0.108,0.089,-0.0262653061224474));
#10589=CARTESIAN_POINT('',(0.158,0.089,-0.0262653061224474));
#10590=CARTESIAN_POINT('',(0.142,0.089,-0.0262653061224474));
#10591=CARTESIAN_POINT('',(0.142,0.099,-0.032999999999998));
#10592=CARTESIAN_POINT('',(0.158,0.099,-0.032999999999998));
#10593=CARTESIAN_POINT('',(0.158,0.05,0.));
#10594=CARTESIAN_POINT('',(0.158,0.05,0.));
#10595=CARTESIAN_POINT('',(-0.158,0.05,0.));
#10596=CARTESIAN_POINT('',(-0.158,0.099,-0.032999999999998));
#10597=CARTESIAN_POINT('',(0.158,0.05,0.));
#10598=CARTESIAN_POINT('',(-0.142,0.05,0.));
#10599=CARTESIAN_POINT('',(-0.142,0.089,0.0262653061224498));
#10600=CARTESIAN_POINT('',(-0.158,0.05,0.));
#10601=CARTESIAN_POINT('',(0.158,0.05,0.));
#10602=CARTESIAN_POINT('',(0.158,0.099,0.033000000000001));
#10603=CARTESIAN_POINT('',(0.158,0.099,0.033000000000001));
#10604=CARTESIAN_POINT('',(0.142,0.099,0.033000000000001));
#10605=CARTESIAN_POINT('',(0.142,0.05,0.));
#10606=CARTESIAN_POINT('',(0.142,0.089,0.0262653061224497));
#10607=CARTESIAN_POINT('',(0.158,0.089,0.0262653061224498));
#10608=CARTESIAN_POINT('',(0.108,0.089,0.0262653061224498));
#10609=CARTESIAN_POINT('',(0.108,0.05,0.));
#10610=CARTESIAN_POINT('',(0.092,0.05,0.));
#10611=CARTESIAN_POINT('',(0.092,0.089,0.0262653061224497));
#10612=CARTESIAN_POINT('',(0.158,0.089,0.0262653061224498));
#10613=CARTESIAN_POINT('',(0.058,0.089,0.0262653061224498));
#10614=CARTESIAN_POINT('',(0.058,0.05,0.));
#10615=CARTESIAN_POINT('',(0.042,0.05,0.));
#10616=CARTESIAN_POINT('',(0.042,0.089,0.0262653061224497));
#10617=CARTESIAN_POINT('',(0.158,0.089,0.0262653061224498));
#10618=CARTESIAN_POINT('',(0.00799999999999998,0.089,0.0262653061224498));
#10619=CARTESIAN_POINT('',(0.00799999999999999,0.05,0.));
#10620=CARTESIAN_POINT('',(-0.00799999999999999,0.05,0.));
#10621=CARTESIAN_POINT('',(-0.00799999999999999,0.089,0.0262653061224497));
#10622=CARTESIAN_POINT('',(0.158,0.089,0.0262653061224498));
#10623=CARTESIAN_POINT('',(-0.042,0.089,0.0262653061224498));
#10624=CARTESIAN_POINT('',(-0.042,0.05,0.));
#10625=CARTESIAN_POINT('',(-0.058,0.05,0.));
#10626=CARTESIAN_POINT('',(-0.058,0.089,0.0262653061224497));
#10627=CARTESIAN_POINT('',(0.158,0.089,0.0262653061224498));
#10628=CARTESIAN_POINT('',(-0.092,0.089,0.0262653061224498));
#10629=CARTESIAN_POINT('',(-0.092,0.05,0.));
#10630=CARTESIAN_POINT('',(-0.108,0.05,0.));
#10631=CARTESIAN_POINT('',(-0.108,0.089,0.0262653061224497));
#10632=CARTESIAN_POINT('',(0.158,0.089,0.0262653061224498));
#10633=CARTESIAN_POINT('',(0.158,0.099,0.033000000000001));
#10634=CARTESIAN_POINT('',(0.142,0.099,0.033000000000001));
#10635=CARTESIAN_POINT('',(0.142,0.21,0.0330000000000011));
#10636=CARTESIAN_POINT('',(0.158,0.099,0.033000000000001));
#10637=CARTESIAN_POINT('',(0.158,0.21,0.033000000000001));
#10638=CARTESIAN_POINT('',(0.158,0.21,0.033000000000001));
#10639=CARTESIAN_POINT('',(0.158,0.21,0.033000000000001));
#10640=CARTESIAN_POINT('',(0.145200000000003,0.215542562584223,0.0298));
#10641=CARTESIAN_POINT('',(0.14719615242271,0.219,0.027803847577295));
#10642=CARTESIAN_POINT('',(0.158,0.21,0.033000000000001));
#10643=CARTESIAN_POINT('',(0.15280384757729,0.219,0.027803847577295));
#10644=CARTESIAN_POINT('',(0.158,0.219,0.027803847577295));
#10645=CARTESIAN_POINT('',(0.158,0.219,0.027803847577295));
#10646=CARTESIAN_POINT('',(0.14719615242271,0.219,0.5));
#10647=CARTESIAN_POINT('',(0.14719615242271,0.219,0.022196152422708));
#10648=CARTESIAN_POINT('',(0.15280384757729,0.219,0.5));
#10649=CARTESIAN_POINT('',(0.15280384757729,0.219,0.022196152422708));
#10650=CARTESIAN_POINT('',(0.158,0.219,0.022196152422708));
#10651=CARTESIAN_POINT('',(0.158,0.219,0.022196152422708));
#10652=CARTESIAN_POINT('',(0.14935692193817,0.222742562584221,0.0243569219381669));
#10653=CARTESIAN_POINT('',(0.142,0.21,0.017000000000001));
#10654=CARTESIAN_POINT('',(0.153843078061833,0.217199999999998,0.0211569219381656));
#10655=CARTESIAN_POINT('',(0.158,0.21,0.017000000000001));
#10656=CARTESIAN_POINT('',(0.158,0.21,0.017000000000001));
#10657=CARTESIAN_POINT('',(0.158,0.21,0.017000000000001));
#10658=CARTESIAN_POINT('',(0.142,0.21,0.017000000000001));
#10659=CARTESIAN_POINT('',(0.142,0.089,0.017000000000001));
#10660=CARTESIAN_POINT('',(0.158,0.21,0.017000000000001));
#10661=CARTESIAN_POINT('',(0.158,0.089,0.017000000000001));
#10662=CARTESIAN_POINT('',(0.158,0.089,0.017000000000001));
#10663=CARTESIAN_POINT('',(0.158,0.089,0.017000000000001));
#10664=CARTESIAN_POINT('',(0.158,0.089,-0.016999999999999));
#10665=CARTESIAN_POINT('',(0.158,0.089,-0.016999999999999));
#10666=CARTESIAN_POINT('',(0.142,0.089,-0.016999999999999));
#10667=CARTESIAN_POINT('',(0.142,0.089,0.5));
#10668=CARTESIAN_POINT('',(0.108,0.089,0.5));
#10669=CARTESIAN_POINT('',(0.092,0.089,0.5));
#10670=CARTESIAN_POINT('',(0.058,0.089,0.5));
#10671=CARTESIAN_POINT('',(0.042,0.089,0.5));
#10672=CARTESIAN_POINT('',(0.00799999999999998,0.089,0.5));
#10673=CARTESIAN_POINT('',(-0.008,0.089,0.5));
#10674=CARTESIAN_POINT('',(-0.042,0.089,0.5));
#10675=CARTESIAN_POINT('',(-0.058,0.089,0.5));
#10676=CARTESIAN_POINT('',(-0.092,0.089,0.5));
#10677=CARTESIAN_POINT('',(-0.108,0.089,0.5));
#10678=CARTESIAN_POINT('',(-0.142,0.089,0.5));
#10679=CARTESIAN_POINT('',(-0.158,0.089,0.017000000000001));
#10680=CARTESIAN_POINT('',(-0.142,0.089,0.5));
#10681=CARTESIAN_POINT('',(-0.108,0.089,0.5));
#10682=CARTESIAN_POINT('',(-0.092,0.089,0.5));
#10683=CARTESIAN_POINT('',(-0.058,0.089,0.5));
#10684=CARTESIAN_POINT('',(-0.042,0.089,0.5));
#10685=CARTESIAN_POINT('',(-0.008,0.089,0.5));
#10686=CARTESIAN_POINT('',(0.00799999999999998,0.089,0.5));
#10687=CARTESIAN_POINT('',(0.042,0.089,0.5));
#10688=CARTESIAN_POINT('',(0.058,0.089,0.5));
#10689=CARTESIAN_POINT('',(0.092,0.089,0.5));
#10690=CARTESIAN_POINT('',(0.108,0.089,0.5));
#10691=CARTESIAN_POINT('',(0.142,0.089,0.5));
#10692=CARTESIAN_POINT('',(0.158,0.089,0.017000000000001));
#10693=CARTESIAN_POINT('',(0.158,0.089,-0.016999999999999));
#10694=CARTESIAN_POINT('',(0.142,0.089,-0.016999999999999));
#10695=CARTESIAN_POINT('',(0.142,0.21,-0.0169999999999991));
#10696=CARTESIAN_POINT('',(0.158,0.089,-0.016999999999999));
#10697=CARTESIAN_POINT('',(0.158,0.21,-0.016999999999999));
#10698=CARTESIAN_POINT('',(0.158,0.21,-0.016999999999999));
#10699=CARTESIAN_POINT('',(0.158,0.21,-0.016999999999999));
#10700=CARTESIAN_POINT('',(0.145200000000003,0.215542562584223,-0.0202));
#10701=CARTESIAN_POINT('',(0.14719615242271,0.219,-0.022196152422705));
#10702=CARTESIAN_POINT('',(0.158,0.21,-0.016999999999999));
#10703=CARTESIAN_POINT('',(0.15280384757729,0.219,-0.022196152422705));
#10704=CARTESIAN_POINT('',(0.158,0.219,-0.022196152422705));
#10705=CARTESIAN_POINT('',(0.158,0.219,-0.022196152422705));
#10706=CARTESIAN_POINT('',(0.14719615242271,0.219,0.5));
#10707=CARTESIAN_POINT('',(0.14719615242271,0.219,-0.027803847577292));
#10708=CARTESIAN_POINT('',(0.15280384757729,0.219,0.5));
#10709=CARTESIAN_POINT('',(0.15280384757729,0.219,-0.027803847577292));
#10710=CARTESIAN_POINT('',(0.158,0.219,-0.027803847577292));
#10711=CARTESIAN_POINT('',(0.158,0.219,-0.027803847577292));
#10712=CARTESIAN_POINT('',(0.14935692193817,0.222742562584221,-0.0256430780618333));
#10713=CARTESIAN_POINT('',(0.153843078061833,0.217199999999998,-0.0288430780618343));
#10714=CARTESIAN_POINT('',(0.158,0.,0.));
#10715=CARTESIAN_POINT('',(0.158,0.21,0.5));
#10716=CARTESIAN_POINT('',(0.158,0.21,0.));
#10717=CARTESIAN_POINT('',(-0.158,0.,0.));
#10718=CARTESIAN_POINT('',(-0.158,0.21,0.5));
#10719=CARTESIAN_POINT('',(-0.158,0.21,0.));
#10720=CARTESIAN_POINT('',(-0.15280384757729,0.219,0.5));
#10721=CARTESIAN_POINT('',(-0.15280384757729,0.219,0.5));
#10722=CARTESIAN_POINT('',(0.158,0.21,0.5));
#10723=CARTESIAN_POINT('',(0.158,0.21,0.5));
#10724=CARTESIAN_POINT('',(0.108,0.21,0.5));
#10725=CARTESIAN_POINT('',(0.108,0.21,0.5));
#10726=CARTESIAN_POINT('',(0.14719615242271,0.219,0.5));
#10727=CARTESIAN_POINT('',(0.142,0.21,0.5));
#10728=CARTESIAN_POINT('',(0.142,0.21,0.5));
#10729=CARTESIAN_POINT('',(0.108,0.089,0.5));
#10730=CARTESIAN_POINT('',(0.058,0.21,0.5));
#10731=CARTESIAN_POINT('',(0.058,0.21,0.5));
#10732=CARTESIAN_POINT('',(0.09719615242271,0.219,0.5));
#10733=CARTESIAN_POINT('',(0.092,0.21,0.5));
#10734=CARTESIAN_POINT('',(0.092,0.21,0.5));
#10735=CARTESIAN_POINT('',(0.058,0.089,0.5));
#10736=CARTESIAN_POINT('',(0.00799999999999998,0.21,0.5));
#10737=CARTESIAN_POINT('',(0.00799999999999998,0.21,0.5));
#10738=CARTESIAN_POINT('',(0.04719615242271,0.219,0.5));
#10739=CARTESIAN_POINT('',(0.042,0.21,0.5));
#10740=CARTESIAN_POINT('',(0.042,0.21,0.5));
#10741=CARTESIAN_POINT('',(0.00799999999999998,0.089,0.5));
#10742=CARTESIAN_POINT('',(-0.042,0.21,0.5));
#10743=CARTESIAN_POINT('',(-0.042,0.21,0.5));
#10744=CARTESIAN_POINT('',(-0.00280384757729002,0.219,0.5));
#10745=CARTESIAN_POINT('',(-0.008,0.21,0.5));
#10746=CARTESIAN_POINT('',(-0.008,0.21,0.5));
#10747=CARTESIAN_POINT('',(-0.042,0.089,0.5));
#10748=CARTESIAN_POINT('',(-0.092,0.21,0.5));
#10749=CARTESIAN_POINT('',(-0.092,0.21,0.5));
#10750=CARTESIAN_POINT('',(-0.05280384757729,0.219,0.5));
#10751=CARTESIAN_POINT('',(-0.058,0.21,0.5));
#10752=CARTESIAN_POINT('',(-0.058,0.21,0.5));
#10753=CARTESIAN_POINT('',(-0.092,0.089,0.5));
#10754=CARTESIAN_POINT('',(-0.142,0.21,0.5));
#10755=CARTESIAN_POINT('',(-0.142,0.21,0.5));
#10756=CARTESIAN_POINT('',(-0.10280384757729,0.219,0.5));
#10757=CARTESIAN_POINT('',(-0.108,0.21,0.5));
#10758=CARTESIAN_POINT('',(-0.108,0.21,0.5));
#10759=CARTESIAN_POINT('',(-0.142,0.089,0.5));
#10760=CARTESIAN_POINT('',(0.142,0.21,0.5));
#10761=CARTESIAN_POINT('',(0.142,0.21,0.5));
#10762=CARTESIAN_POINT('',(0.108,0.089,0.5));
#10763=CARTESIAN_POINT('',(0.108,0.21,0.5));
#10764=CARTESIAN_POINT('',(0.14719615242271,0.219,0.5));
#10765=CARTESIAN_POINT('',(0.108,0.21,0.5));
#10766=CARTESIAN_POINT('',(0.092,0.21,0.5));
#10767=CARTESIAN_POINT('',(0.092,0.21,0.5));
#10768=CARTESIAN_POINT('',(0.058,0.089,0.5));
#10769=CARTESIAN_POINT('',(0.058,0.21,0.5));
#10770=CARTESIAN_POINT('',(0.09719615242271,0.219,0.5));
#10771=CARTESIAN_POINT('',(0.058,0.21,0.5));
#10772=CARTESIAN_POINT('',(0.042,0.21,0.5));
#10773=CARTESIAN_POINT('',(0.042,0.21,0.5));
#10774=CARTESIAN_POINT('',(0.00799999999999998,0.089,0.5));
#10775=CARTESIAN_POINT('',(0.00799999999999998,0.21,0.5));
#10776=CARTESIAN_POINT('',(0.04719615242271,0.219,0.5));
#10777=CARTESIAN_POINT('',(0.00799999999999998,0.21,0.5));
#10778=CARTESIAN_POINT('',(-0.008,0.21,0.5));
#10779=CARTESIAN_POINT('',(-0.008,0.21,0.5));
#10780=CARTESIAN_POINT('',(-0.042,0.089,0.5));
#10781=CARTESIAN_POINT('',(-0.042,0.21,0.5));
#10782=CARTESIAN_POINT('',(-0.00280384757729002,0.219,0.5));
#10783=CARTESIAN_POINT('',(-0.042,0.21,0.5));
#10784=CARTESIAN_POINT('',(-0.058,0.21,0.5));
#10785=CARTESIAN_POINT('',(-0.058,0.21,0.5));
#10786=CARTESIAN_POINT('',(-0.092,0.089,0.5));
#10787=CARTESIAN_POINT('',(-0.092,0.21,0.5));
#10788=CARTESIAN_POINT('',(-0.05280384757729,0.219,0.5));
#10789=CARTESIAN_POINT('',(-0.092,0.21,0.5));
#10790=CARTESIAN_POINT('',(-0.142,0.089,0.5));
#10791=CARTESIAN_POINT('',(-0.142,0.21,0.5));
#10792=CARTESIAN_POINT('',(-0.108,0.21,0.5));
#10793=CARTESIAN_POINT('',(-0.108,0.21,0.5));
#10794=CARTESIAN_POINT('',(-0.142,0.21,0.5));
#10795=CARTESIAN_POINT('',(-0.10280384757729,0.219,0.5));
#10796=CARTESIAN_POINT('',(0.,0.,0.));
#10797=CARTESIAN_POINT('',(0.158,0.,-0.033));
#10798=CARTESIAN_POINT('',(0.142,0.,-0.033));
#10799=CARTESIAN_POINT('',(0.142,0.,-0.033));
#10800=CARTESIAN_POINT('',(0.142,-0.0999999999999936,-0.033));
#10801=CARTESIAN_POINT('',(0.158,0.,-0.033));
#10802=CARTESIAN_POINT('',(0.158,0.,-0.033));
#10803=CARTESIAN_POINT('',(0.158,0.,-0.033));
#10804=CARTESIAN_POINT('',(0.158,-0.0999999999999935,-0.033));
#10805=CARTESIAN_POINT('',(0.158,-0.0999999999999935,-0.033));
#10806=CARTESIAN_POINT('',(0.158,0.,-0.033));
#10807=CARTESIAN_POINT('',(0.108,0.,-0.033));
#10808=CARTESIAN_POINT('',(0.108,-0.0999999999999935,-0.033));
#10809=CARTESIAN_POINT('',(0.108,0.,-0.033));
#10810=CARTESIAN_POINT('',(0.158,-0.0999999999999935,-0.033));
#10811=CARTESIAN_POINT('',(0.092,-0.0999999999999936,-0.033));
#10812=CARTESIAN_POINT('',(0.092,0.,-0.033));
#10813=CARTESIAN_POINT('',(0.092,0.,-0.033));
#10814=CARTESIAN_POINT('',(0.158,0.,-0.033));
#10815=CARTESIAN_POINT('',(0.158,0.,-0.033));
#10816=CARTESIAN_POINT('',(0.058,0.,-0.033));
#10817=CARTESIAN_POINT('',(0.058,-0.0999999999999935,-0.033));
#10818=CARTESIAN_POINT('',(0.058,0.,-0.033));
#10819=CARTESIAN_POINT('',(0.158,-0.0999999999999935,-0.033));
#10820=CARTESIAN_POINT('',(0.042,-0.0999999999999936,-0.033));
#10821=CARTESIAN_POINT('',(0.042,0.,-0.033));
#10822=CARTESIAN_POINT('',(0.042,0.,-0.033));
#10823=CARTESIAN_POINT('',(0.158,0.,-0.033));
#10824=CARTESIAN_POINT('',(0.158,0.,-0.033));
#10825=CARTESIAN_POINT('',(0.00799999999999999,0.,-0.033));
#10826=CARTESIAN_POINT('',(0.00799999999999999,-0.0999999999999935,-0.033));
#10827=CARTESIAN_POINT('',(0.00799999999999999,0.,-0.033));
#10828=CARTESIAN_POINT('',(0.158,-0.0999999999999935,-0.033));
#10829=CARTESIAN_POINT('',(-0.00799999999999999,-0.0999999999999936,-0.033));
#10830=CARTESIAN_POINT('',(-0.00799999999999999,0.,-0.033));
#10831=CARTESIAN_POINT('',(-0.00799999999999999,0.,-0.033));
#10832=CARTESIAN_POINT('',(0.158,0.,-0.033));
#10833=CARTESIAN_POINT('',(0.158,0.,-0.033));
#10834=CARTESIAN_POINT('',(-0.042,0.,-0.033));
#10835=CARTESIAN_POINT('',(-0.042,-0.0999999999999935,-0.033));
#10836=CARTESIAN_POINT('',(-0.042,0.,-0.033));
#10837=CARTESIAN_POINT('',(0.158,-0.0999999999999935,-0.033));
#10838=CARTESIAN_POINT('',(-0.058,-0.0999999999999936,-0.033));
#10839=CARTESIAN_POINT('',(-0.058,0.,-0.033));
#10840=CARTESIAN_POINT('',(-0.058,0.,-0.033));
#10841=CARTESIAN_POINT('',(0.158,0.,-0.033));
#10842=CARTESIAN_POINT('',(0.158,0.,-0.033));
#10843=CARTESIAN_POINT('',(-0.092,0.,-0.033));
#10844=CARTESIAN_POINT('',(-0.092,-0.0999999999999935,-0.033));
#10845=CARTESIAN_POINT('',(-0.092,0.,-0.033));
#10846=CARTESIAN_POINT('',(0.158,-0.0999999999999935,-0.033));
#10847=CARTESIAN_POINT('',(-0.108,-0.0999999999999936,-0.033));
#10848=CARTESIAN_POINT('',(-0.108,0.,-0.033));
#10849=CARTESIAN_POINT('',(-0.108,0.,-0.033));
#10850=CARTESIAN_POINT('',(0.158,0.,-0.033));
#10851=CARTESIAN_POINT('',(0.158,-0.0999999999999936,-0.00099999999998838));
#10852=CARTESIAN_POINT('',(0.142,-0.0999999999999936,-0.00099999999998838));
#10853=CARTESIAN_POINT('',(0.142,-0.127415472779372,-0.0175042979942649));
#10854=CARTESIAN_POINT('',(0.158,-0.0999999999999936,-0.00099999999998838));
#10855=CARTESIAN_POINT('',(0.158,-0.127415472779372,-0.0175042979942649));
#10856=CARTESIAN_POINT('',(0.158,-0.127415472779372,-0.0175042979942649));
#10857=CARTESIAN_POINT('',(0.158,-0.0999999999999936,-0.00099999999998838));
#10858=CARTESIAN_POINT('',(0.108,-0.0999999999999936,-0.00099999999998838));
#10859=CARTESIAN_POINT('',(0.108,-0.127415472779372,-0.0175042979942649));
#10860=CARTESIAN_POINT('',(0.158,-0.127415472779372,-0.0175042979942649));
#10861=CARTESIAN_POINT('',(0.092,-0.127415472779372,-0.0175042979942649));
#10862=CARTESIAN_POINT('',(0.092,-0.0999999999999936,-0.00099999999998838));
#10863=CARTESIAN_POINT('',(0.158,-0.0999999999999936,-0.00099999999998838));
#10864=CARTESIAN_POINT('',(0.058,-0.0999999999999936,-0.00099999999998838));
#10865=CARTESIAN_POINT('',(0.058,-0.127415472779372,-0.0175042979942649));
#10866=CARTESIAN_POINT('',(0.158,-0.127415472779372,-0.0175042979942649));
#10867=CARTESIAN_POINT('',(0.042,-0.127415472779372,-0.0175042979942649));
#10868=CARTESIAN_POINT('',(0.042,-0.0999999999999936,-0.00099999999998838));
#10869=CARTESIAN_POINT('',(0.158,-0.0999999999999936,-0.00099999999998838));
#10870=CARTESIAN_POINT('',(0.00799999999999999,-0.0999999999999936,-0.00099999999998838));
#10871=CARTESIAN_POINT('',(0.00799999999999999,-0.127415472779372,-0.0175042979942649));
#10872=CARTESIAN_POINT('',(0.158,-0.127415472779372,-0.0175042979942649));
#10873=CARTESIAN_POINT('',(-0.00799999999999999,-0.127415472779372,-0.0175042979942649));
#10874=CARTESIAN_POINT('',(-0.00799999999999999,-0.0999999999999936,-0.00099999999998838));
#10875=CARTESIAN_POINT('',(0.158,-0.0999999999999936,-0.00099999999998838));
#10876=CARTESIAN_POINT('',(-0.042,-0.0999999999999936,-0.00099999999998838));
#10877=CARTESIAN_POINT('',(-0.042,-0.127415472779372,-0.0175042979942649));
#10878=CARTESIAN_POINT('',(0.158,-0.127415472779372,-0.0175042979942649));
#10879=CARTESIAN_POINT('',(-0.058,-0.127415472779372,-0.0175042979942649));
#10880=CARTESIAN_POINT('',(-0.058,-0.0999999999999936,-0.00099999999998838));
#10881=CARTESIAN_POINT('',(0.158,-0.0999999999999936,-0.00099999999998838));
#10882=CARTESIAN_POINT('',(-0.092,-0.0999999999999936,-0.00099999999998838));
#10883=CARTESIAN_POINT('',(-0.092,-0.127415472779372,-0.0175042979942649));
#10884=CARTESIAN_POINT('',(0.158,-0.127415472779372,-0.0175042979942649));
#10885=CARTESIAN_POINT('',(-0.108,-0.127415472779372,-0.0175042979942649));
#10886=CARTESIAN_POINT('',(-0.108,-0.0999999999999936,-0.00099999999998838));
#10887=CARTESIAN_POINT('',(0.158,-0.127415472779372,-0.0175042979942649));
#10888=CARTESIAN_POINT('',(0.142,-0.127415472779372,-0.0175042979942649));
#10889=CARTESIAN_POINT('',(0.142,-0.164292263610329,0.043752148997151));
#10890=CARTESIAN_POINT('',(0.158,-0.127415472779372,-0.0175042979942649));
#10891=CARTESIAN_POINT('',(0.158,-0.164292263610329,0.043752148997151));
#10892=CARTESIAN_POINT('',(0.158,-0.164292263610329,0.043752148997151));
#10893=CARTESIAN_POINT('',(0.158,-0.127415472779372,-0.0175042979942649));
#10894=CARTESIAN_POINT('',(0.108,-0.127415472779372,-0.0175042979942649));
#10895=CARTESIAN_POINT('',(0.108,-0.164292263610329,0.043752148997151));
#10896=CARTESIAN_POINT('',(0.158,-0.164292263610329,0.043752148997151));
#10897=CARTESIAN_POINT('',(0.092,-0.164292263610329,0.043752148997151));
#10898=CARTESIAN_POINT('',(0.092,-0.127415472779372,-0.0175042979942649));
#10899=CARTESIAN_POINT('',(0.158,-0.127415472779372,-0.0175042979942649));
#10900=CARTESIAN_POINT('',(0.058,-0.127415472779372,-0.0175042979942649));
#10901=CARTESIAN_POINT('',(0.058,-0.164292263610329,0.043752148997151));
#10902=CARTESIAN_POINT('',(0.158,-0.164292263610329,0.043752148997151));
#10903=CARTESIAN_POINT('',(0.042,-0.164292263610329,0.043752148997151));
#10904=CARTESIAN_POINT('',(0.042,-0.127415472779372,-0.0175042979942649));
#10905=CARTESIAN_POINT('',(0.158,-0.127415472779372,-0.0175042979942649));
#10906=CARTESIAN_POINT('',(0.00799999999999999,-0.127415472779372,-0.0175042979942649));
#10907=CARTESIAN_POINT('',(0.00799999999999999,-0.164292263610329,0.043752148997151));
#10908=CARTESIAN_POINT('',(0.158,-0.164292263610329,0.043752148997151));
#10909=CARTESIAN_POINT('',(-0.00799999999999999,-0.164292263610329,0.043752148997151));
#10910=CARTESIAN_POINT('',(-0.00799999999999999,-0.127415472779372,-0.0175042979942649));
#10911=CARTESIAN_POINT('',(0.158,-0.127415472779372,-0.0175042979942649));
#10912=CARTESIAN_POINT('',(-0.042,-0.127415472779372,-0.0175042979942649));
#10913=CARTESIAN_POINT('',(-0.042,-0.164292263610329,0.043752148997151));
#10914=CARTESIAN_POINT('',(0.158,-0.164292263610329,0.043752148997151));
#10915=CARTESIAN_POINT('',(-0.058,-0.164292263610329,0.043752148997151));
#10916=CARTESIAN_POINT('',(-0.058,-0.127415472779372,-0.0175042979942649));
#10917=CARTESIAN_POINT('',(0.158,-0.127415472779372,-0.0175042979942649));
#10918=CARTESIAN_POINT('',(-0.092,-0.127415472779372,-0.0175042979942649));
#10919=CARTESIAN_POINT('',(-0.092,-0.164292263610329,0.043752148997151));
#10920=CARTESIAN_POINT('',(0.158,-0.164292263610329,0.043752148997151));
#10921=CARTESIAN_POINT('',(-0.108,-0.164292263610329,0.043752148997151));
#10922=CARTESIAN_POINT('',(-0.108,-0.127415472779372,-0.0175042979942649));
#10923=CARTESIAN_POINT('',(0.158,-0.177999999999989,0.0355000000000303));
#10924=CARTESIAN_POINT('',(0.158,-0.177999999999989,0.051500000000002));
#10925=CARTESIAN_POINT('',(0.158,-0.177999999999989,0.051500000000002));
#10926=CARTESIAN_POINT('',(0.142,-0.177999999999989,0.051500000000002));
#10927=CARTESIAN_POINT('',(0.142,-0.177999999999989,0.0355000000000303));
#10928=CARTESIAN_POINT('',(0.158,-0.177999999999989,0.0355000000000303));
#10929=CARTESIAN_POINT('',(0.158,-0.177999999999989,0.0355000000000303));
#10930=CARTESIAN_POINT('',(0.108,-0.177999999999989,0.0355000000000303));
#10931=CARTESIAN_POINT('',(0.108,-0.177999999999989,0.051500000000002));
#10932=CARTESIAN_POINT('',(0.158,-0.177999999999989,0.051500000000002));
#10933=CARTESIAN_POINT('',(0.092,-0.177999999999989,0.051500000000002));
#10934=CARTESIAN_POINT('',(0.092,-0.177999999999989,0.0355000000000303));
#10935=CARTESIAN_POINT('',(0.158,-0.177999999999989,0.0355000000000303));
#10936=CARTESIAN_POINT('',(0.058,-0.177999999999989,0.0355000000000303));
#10937=CARTESIAN_POINT('',(0.058,-0.177999999999989,0.051500000000002));
#10938=CARTESIAN_POINT('',(0.158,-0.177999999999989,0.051500000000002));
#10939=CARTESIAN_POINT('',(0.042,-0.177999999999989,0.051500000000002));
#10940=CARTESIAN_POINT('',(0.042,-0.177999999999989,0.0355000000000303));
#10941=CARTESIAN_POINT('',(0.158,-0.177999999999989,0.0355000000000303));
#10942=CARTESIAN_POINT('',(0.00799999999999999,-0.177999999999989,0.0355000000000303));
#10943=CARTESIAN_POINT('',(0.00799999999999999,-0.177999999999989,0.051500000000002));
#10944=CARTESIAN_POINT('',(0.158,-0.177999999999989,0.051500000000002));
#10945=CARTESIAN_POINT('',(-0.00799999999999999,-0.177999999999989,0.051500000000002));
#10946=CARTESIAN_POINT('',(-0.00799999999999999,-0.177999999999989,0.0355000000000303));
#10947=CARTESIAN_POINT('',(0.158,-0.177999999999989,0.0355000000000303));
#10948=CARTESIAN_POINT('',(-0.042,-0.177999999999989,0.0355000000000303));
#10949=CARTESIAN_POINT('',(-0.042,-0.177999999999989,0.051500000000002));
#10950=CARTESIAN_POINT('',(0.158,-0.177999999999989,0.051500000000002));
#10951=CARTESIAN_POINT('',(-0.058,-0.177999999999989,0.051500000000002));
#10952=CARTESIAN_POINT('',(-0.058,-0.177999999999989,0.0355000000000303));
#10953=CARTESIAN_POINT('',(0.158,-0.177999999999989,0.0355000000000303));
#10954=CARTESIAN_POINT('',(-0.092,-0.177999999999989,0.0355000000000303));
#10955=CARTESIAN_POINT('',(-0.092,-0.177999999999989,0.051500000000002));
#10956=CARTESIAN_POINT('',(0.158,-0.177999999999989,0.051500000000002));
#10957=CARTESIAN_POINT('',(-0.108,-0.177999999999989,0.051500000000002));
#10958=CARTESIAN_POINT('',(-0.108,-0.177999999999989,0.0355000000000303));
#10959=CARTESIAN_POINT('',(0.158,-0.177999999999989,0.051500000000002));
#10960=CARTESIAN_POINT('',(0.142,-0.177999999999989,0.051500000000002));
#10961=CARTESIAN_POINT('',(0.142,-0.21,0.051500000000002));
#10962=CARTESIAN_POINT('',(0.158,-0.177999999999989,0.051500000000002));
#10963=CARTESIAN_POINT('',(0.158,-0.21,0.051500000000002));
#10964=CARTESIAN_POINT('',(0.158,-0.21,0.051500000000002));
#10965=CARTESIAN_POINT('',(0.158,-0.177999999999989,0.051500000000002));
#10966=CARTESIAN_POINT('',(0.108,-0.177999999999989,0.051500000000002));
#10967=CARTESIAN_POINT('',(0.108,-0.21,0.051500000000002));
#10968=CARTESIAN_POINT('',(0.158,-0.21,0.051500000000002));
#10969=CARTESIAN_POINT('',(0.092,-0.21,0.051500000000002));
#10970=CARTESIAN_POINT('',(0.092,-0.177999999999989,0.051500000000002));
#10971=CARTESIAN_POINT('',(0.158,-0.177999999999989,0.051500000000002));
#10972=CARTESIAN_POINT('',(0.058,-0.177999999999989,0.051500000000002));
#10973=CARTESIAN_POINT('',(0.058,-0.21,0.051500000000002));
#10974=CARTESIAN_POINT('',(0.158,-0.21,0.051500000000002));
#10975=CARTESIAN_POINT('',(0.042,-0.21,0.051500000000002));
#10976=CARTESIAN_POINT('',(0.042,-0.177999999999989,0.051500000000002));
#10977=CARTESIAN_POINT('',(0.158,-0.177999999999989,0.051500000000002));
#10978=CARTESIAN_POINT('',(0.00799999999999999,-0.177999999999989,0.051500000000002));
#10979=CARTESIAN_POINT('',(0.00799999999999999,-0.21,0.051500000000002));
#10980=CARTESIAN_POINT('',(0.158,-0.21,0.051500000000002));
#10981=CARTESIAN_POINT('',(-0.00799999999999999,-0.21,0.051500000000002));
#10982=CARTESIAN_POINT('',(-0.00799999999999999,-0.177999999999989,0.051500000000002));
#10983=CARTESIAN_POINT('',(0.158,-0.177999999999989,0.051500000000002));
#10984=CARTESIAN_POINT('',(-0.042,-0.177999999999989,0.051500000000002));
#10985=CARTESIAN_POINT('',(-0.042,-0.21,0.051500000000002));
#10986=CARTESIAN_POINT('',(0.158,-0.21,0.051500000000002));
#10987=CARTESIAN_POINT('',(-0.058,-0.21,0.051500000000002));
#10988=CARTESIAN_POINT('',(-0.058,-0.177999999999989,0.051500000000002));
#10989=CARTESIAN_POINT('',(0.158,-0.177999999999989,0.051500000000002));
#10990=CARTESIAN_POINT('',(-0.092,-0.177999999999989,0.051500000000002));
#10991=CARTESIAN_POINT('',(-0.092,-0.21,0.051500000000002));
#10992=CARTESIAN_POINT('',(0.158,-0.21,0.051500000000002));
#10993=CARTESIAN_POINT('',(-0.108,-0.21,0.051500000000002));
#10994=CARTESIAN_POINT('',(-0.108,-0.177999999999989,0.051500000000002));
#10995=CARTESIAN_POINT('',(0.158,-0.21,0.051500000000002));
#10996=CARTESIAN_POINT('',(0.142,-0.21,0.051500000000002));
#10997=CARTESIAN_POINT('',(0.142,-0.21,0.067500000000002));
#10998=CARTESIAN_POINT('',(0.158,-0.21,0.051500000000002));
#10999=CARTESIAN_POINT('',(0.158,-0.21,0.067500000000002));
#11000=CARTESIAN_POINT('',(0.158,-0.21,0.067500000000002));
#11001=CARTESIAN_POINT('',(0.158,-0.21,0.051500000000002));
#11002=CARTESIAN_POINT('',(0.108,-0.21,0.051500000000002));
#11003=CARTESIAN_POINT('',(0.108,-0.21,0.067500000000002));
#11004=CARTESIAN_POINT('',(0.158,-0.21,0.067500000000002));
#11005=CARTESIAN_POINT('',(0.092,-0.21,0.067500000000002));
#11006=CARTESIAN_POINT('',(0.092,-0.21,0.051500000000002));
#11007=CARTESIAN_POINT('',(0.158,-0.21,0.051500000000002));
#11008=CARTESIAN_POINT('',(0.058,-0.21,0.051500000000002));
#11009=CARTESIAN_POINT('',(0.058,-0.21,0.067500000000002));
#11010=CARTESIAN_POINT('',(0.158,-0.21,0.067500000000002));
#11011=CARTESIAN_POINT('',(0.042,-0.21,0.067500000000002));
#11012=CARTESIAN_POINT('',(0.042,-0.21,0.051500000000002));
#11013=CARTESIAN_POINT('',(0.158,-0.21,0.051500000000002));
#11014=CARTESIAN_POINT('',(0.00799999999999999,-0.21,0.051500000000002));
#11015=CARTESIAN_POINT('',(0.00799999999999999,-0.21,0.067500000000002));
#11016=CARTESIAN_POINT('',(0.158,-0.21,0.067500000000002));
#11017=CARTESIAN_POINT('',(-0.00799999999999999,-0.21,0.067500000000002));
#11018=CARTESIAN_POINT('',(-0.00799999999999999,-0.21,0.051500000000002));
#11019=CARTESIAN_POINT('',(0.158,-0.21,0.051500000000002));
#11020=CARTESIAN_POINT('',(-0.042,-0.21,0.051500000000002));
#11021=CARTESIAN_POINT('',(-0.042,-0.21,0.067500000000002));
#11022=CARTESIAN_POINT('',(0.158,-0.21,0.067500000000002));
#11023=CARTESIAN_POINT('',(-0.058,-0.21,0.067500000000002));
#11024=CARTESIAN_POINT('',(-0.058,-0.21,0.051500000000002));
#11025=CARTESIAN_POINT('',(0.158,-0.21,0.051500000000002));
#11026=CARTESIAN_POINT('',(-0.092,-0.21,0.051500000000002));
#11027=CARTESIAN_POINT('',(-0.092,-0.21,0.067500000000002));
#11028=CARTESIAN_POINT('',(0.158,-0.21,0.067500000000002));
#11029=CARTESIAN_POINT('',(-0.108,-0.21,0.067500000000002));
#11030=CARTESIAN_POINT('',(-0.108,-0.21,0.051500000000002));
#11031=CARTESIAN_POINT('',(0.158,-0.21,0.067500000000002));
#11032=CARTESIAN_POINT('',(0.142,-0.21,0.067500000000002));
#11033=CARTESIAN_POINT('',(0.142,-0.178000000000006,0.067500000000002));
#11034=CARTESIAN_POINT('',(0.158,-0.21,0.067500000000002));
#11035=CARTESIAN_POINT('',(0.158,-0.178000000000006,0.067500000000002));
#11036=CARTESIAN_POINT('',(0.158,-0.178000000000006,0.067500000000002));
#11037=CARTESIAN_POINT('',(0.158,-0.21,0.067500000000002));
#11038=CARTESIAN_POINT('',(0.108,-0.21,0.067500000000002));
#11039=CARTESIAN_POINT('',(0.108,-0.178000000000006,0.067500000000002));
#11040=CARTESIAN_POINT('',(0.158,-0.178000000000006,0.067500000000002));
#11041=CARTESIAN_POINT('',(0.092,-0.178000000000006,0.067500000000002));
#11042=CARTESIAN_POINT('',(0.092,-0.21,0.067500000000002));
#11043=CARTESIAN_POINT('',(0.158,-0.21,0.067500000000002));
#11044=CARTESIAN_POINT('',(0.058,-0.21,0.067500000000002));
#11045=CARTESIAN_POINT('',(0.058,-0.178000000000006,0.067500000000002));
#11046=CARTESIAN_POINT('',(0.158,-0.178000000000006,0.067500000000002));
#11047=CARTESIAN_POINT('',(0.042,-0.178000000000006,0.067500000000002));
#11048=CARTESIAN_POINT('',(0.042,-0.21,0.067500000000002));
#11049=CARTESIAN_POINT('',(0.158,-0.21,0.067500000000002));
#11050=CARTESIAN_POINT('',(0.00799999999999999,-0.21,0.067500000000002));
#11051=CARTESIAN_POINT('',(0.00799999999999999,-0.178000000000006,0.067500000000002));
#11052=CARTESIAN_POINT('',(0.158,-0.178000000000006,0.067500000000002));
#11053=CARTESIAN_POINT('',(-0.00799999999999999,-0.178000000000006,0.067500000000002));
#11054=CARTESIAN_POINT('',(-0.00799999999999999,-0.21,0.067500000000002));
#11055=CARTESIAN_POINT('',(0.158,-0.21,0.067500000000002));
#11056=CARTESIAN_POINT('',(-0.042,-0.21,0.067500000000002));
#11057=CARTESIAN_POINT('',(-0.042,-0.178000000000006,0.067500000000002));
#11058=CARTESIAN_POINT('',(0.158,-0.178000000000006,0.067500000000002));
#11059=CARTESIAN_POINT('',(-0.058,-0.178000000000006,0.067500000000002));
#11060=CARTESIAN_POINT('',(-0.058,-0.21,0.067500000000002));
#11061=CARTESIAN_POINT('',(0.158,-0.21,0.067500000000002));
#11062=CARTESIAN_POINT('',(-0.092,-0.21,0.067500000000002));
#11063=CARTESIAN_POINT('',(-0.092,-0.178000000000006,0.067500000000002));
#11064=CARTESIAN_POINT('',(0.158,-0.178000000000006,0.067500000000002));
#11065=CARTESIAN_POINT('',(-0.108,-0.178000000000006,0.067500000000002));
#11066=CARTESIAN_POINT('',(-0.108,-0.21,0.067500000000002));
#11067=CARTESIAN_POINT('',(0.158,-0.178000000000006,0.0354999999999904));
#11068=CARTESIAN_POINT('',(0.142,-0.178000000000006,0.0354999999999904));
#11069=CARTESIAN_POINT('',(0.142,-0.150584527220628,0.0520042979942668));
#11070=CARTESIAN_POINT('',(0.158,-0.178000000000006,0.0354999999999904));
#11071=CARTESIAN_POINT('',(0.158,-0.150584527220628,0.0520042979942668));
#11072=CARTESIAN_POINT('',(0.158,-0.150584527220628,0.0520042979942668));
#11073=CARTESIAN_POINT('',(0.158,-0.178000000000006,0.0354999999999904));
#11074=CARTESIAN_POINT('',(0.108,-0.178000000000006,0.0354999999999904));
#11075=CARTESIAN_POINT('',(0.108,-0.150584527220628,0.0520042979942668));
#11076=CARTESIAN_POINT('',(0.158,-0.150584527220628,0.0520042979942668));
#11077=CARTESIAN_POINT('',(0.092,-0.150584527220628,0.0520042979942668));
#11078=CARTESIAN_POINT('',(0.092,-0.178000000000006,0.0354999999999904));
#11079=CARTESIAN_POINT('',(0.158,-0.178000000000006,0.0354999999999904));
#11080=CARTESIAN_POINT('',(0.058,-0.178000000000006,0.0354999999999904));
#11081=CARTESIAN_POINT('',(0.058,-0.150584527220628,0.0520042979942668));
#11082=CARTESIAN_POINT('',(0.158,-0.150584527220628,0.0520042979942668));
#11083=CARTESIAN_POINT('',(0.042,-0.150584527220628,0.0520042979942668));
#11084=CARTESIAN_POINT('',(0.042,-0.178000000000006,0.0354999999999904));
#11085=CARTESIAN_POINT('',(0.158,-0.178000000000006,0.0354999999999904));
#11086=CARTESIAN_POINT('',(0.00799999999999999,-0.178000000000006,0.0354999999999904));
#11087=CARTESIAN_POINT('',(0.00799999999999999,-0.150584527220628,0.0520042979942668));
#11088=CARTESIAN_POINT('',(0.158,-0.150584527220628,0.0520042979942668));
#11089=CARTESIAN_POINT('',(-0.00799999999999999,-0.150584527220628,0.0520042979942668));
#11090=CARTESIAN_POINT('',(-0.00799999999999999,-0.178000000000006,0.0354999999999904));
#11091=CARTESIAN_POINT('',(0.158,-0.178000000000006,0.0354999999999904));
#11092=CARTESIAN_POINT('',(-0.042,-0.178000000000006,0.0354999999999904));
#11093=CARTESIAN_POINT('',(-0.042,-0.150584527220628,0.0520042979942668));
#11094=CARTESIAN_POINT('',(0.158,-0.150584527220628,0.0520042979942668));
#11095=CARTESIAN_POINT('',(-0.058,-0.150584527220628,0.0520042979942668));
#11096=CARTESIAN_POINT('',(-0.058,-0.178000000000006,0.0354999999999904));
#11097=CARTESIAN_POINT('',(0.158,-0.178000000000006,0.0354999999999904));
#11098=CARTESIAN_POINT('',(-0.092,-0.178000000000006,0.0354999999999904));
#11099=CARTESIAN_POINT('',(-0.092,-0.150584527220628,0.0520042979942668));
#11100=CARTESIAN_POINT('',(0.158,-0.150584527220628,0.0520042979942668));
#11101=CARTESIAN_POINT('',(-0.108,-0.150584527220628,0.0520042979942668));
#11102=CARTESIAN_POINT('',(-0.108,-0.178000000000006,0.0354999999999904));
#11103=CARTESIAN_POINT('',(0.158,-0.150584527220628,0.0520042979942668));
#11104=CARTESIAN_POINT('',(0.142,-0.150584527220628,0.0520042979942668));
#11105=CARTESIAN_POINT('',(0.142,-0.113707736389672,-0.00925214899714825));
#11106=CARTESIAN_POINT('',(0.158,-0.150584527220628,0.0520042979942668));
#11107=CARTESIAN_POINT('',(0.158,-0.113707736389672,-0.00925214899714825));
#11108=CARTESIAN_POINT('',(0.158,-0.113707736389672,-0.00925214899714825));
#11109=CARTESIAN_POINT('',(0.158,-0.150584527220628,0.0520042979942668));
#11110=CARTESIAN_POINT('',(0.108,-0.150584527220628,0.0520042979942668));
#11111=CARTESIAN_POINT('',(0.108,-0.113707736389672,-0.00925214899714825));
#11112=CARTESIAN_POINT('',(0.158,-0.113707736389672,-0.00925214899714825));
#11113=CARTESIAN_POINT('',(0.092,-0.113707736389672,-0.00925214899714825));
#11114=CARTESIAN_POINT('',(0.092,-0.150584527220628,0.0520042979942668));
#11115=CARTESIAN_POINT('',(0.158,-0.150584527220628,0.0520042979942668));
#11116=CARTESIAN_POINT('',(0.058,-0.150584527220628,0.0520042979942668));
#11117=CARTESIAN_POINT('',(0.058,-0.113707736389672,-0.00925214899714825));
#11118=CARTESIAN_POINT('',(0.158,-0.113707736389672,-0.00925214899714825));
#11119=CARTESIAN_POINT('',(0.042,-0.113707736389672,-0.00925214899714825));
#11120=CARTESIAN_POINT('',(0.042,-0.150584527220628,0.0520042979942668));
#11121=CARTESIAN_POINT('',(0.158,-0.150584527220628,0.0520042979942668));
#11122=CARTESIAN_POINT('',(0.00799999999999999,-0.150584527220628,0.0520042979942668));
#11123=CARTESIAN_POINT('',(0.00799999999999999,-0.113707736389672,-0.00925214899714825));
#11124=CARTESIAN_POINT('',(0.158,-0.113707736389672,-0.00925214899714825));
#11125=CARTESIAN_POINT('',(-0.00799999999999999,-0.113707736389672,-0.00925214899714825));
#11126=CARTESIAN_POINT('',(-0.00799999999999999,-0.150584527220628,0.0520042979942668));
#11127=CARTESIAN_POINT('',(0.158,-0.150584527220628,0.0520042979942668));
#11128=CARTESIAN_POINT('',(-0.042,-0.150584527220628,0.0520042979942668));
#11129=CARTESIAN_POINT('',(-0.042,-0.113707736389672,-0.00925214899714825));
#11130=CARTESIAN_POINT('',(0.158,-0.113707736389672,-0.00925214899714825));
#11131=CARTESIAN_POINT('',(-0.058,-0.113707736389672,-0.00925214899714825));
#11132=CARTESIAN_POINT('',(-0.058,-0.150584527220628,0.0520042979942668));
#11133=CARTESIAN_POINT('',(0.158,-0.150584527220628,0.0520042979942668));
#11134=CARTESIAN_POINT('',(-0.092,-0.150584527220628,0.0520042979942668));
#11135=CARTESIAN_POINT('',(-0.092,-0.113707736389672,-0.00925214899714825));
#11136=CARTESIAN_POINT('',(0.158,-0.113707736389672,-0.00925214899714825));
#11137=CARTESIAN_POINT('',(-0.108,-0.113707736389672,-0.00925214899714825));
#11138=CARTESIAN_POINT('',(-0.108,-0.150584527220628,0.0520042979942668));
#11139=CARTESIAN_POINT('',(0.158,-0.10000000000001,-0.00100000000002683));
#11140=CARTESIAN_POINT('',(0.158,-0.10000000000001,-0.017));
#11141=CARTESIAN_POINT('',(0.158,-0.10000000000001,-0.017));
#11142=CARTESIAN_POINT('',(0.142,-0.10000000000001,-0.017));
#11143=CARTESIAN_POINT('',(0.142,-0.10000000000001,-0.00100000000002683));
#11144=CARTESIAN_POINT('',(0.158,-0.10000000000001,-0.00100000000002683));
#11145=CARTESIAN_POINT('',(0.158,-0.10000000000001,-0.00100000000002683));
#11146=CARTESIAN_POINT('',(0.108,-0.10000000000001,-0.00100000000002683));
#11147=CARTESIAN_POINT('',(0.108,-0.10000000000001,-0.017));
#11148=CARTESIAN_POINT('',(0.158,-0.10000000000001,-0.017));
#11149=CARTESIAN_POINT('',(0.092,-0.10000000000001,-0.017));
#11150=CARTESIAN_POINT('',(0.092,-0.10000000000001,-0.00100000000002683));
#11151=CARTESIAN_POINT('',(0.158,-0.10000000000001,-0.00100000000002683));
#11152=CARTESIAN_POINT('',(0.058,-0.10000000000001,-0.00100000000002683));
#11153=CARTESIAN_POINT('',(0.058,-0.10000000000001,-0.017));
#11154=CARTESIAN_POINT('',(0.158,-0.10000000000001,-0.017));
#11155=CARTESIAN_POINT('',(0.042,-0.10000000000001,-0.017));
#11156=CARTESIAN_POINT('',(0.042,-0.10000000000001,-0.00100000000002683));
#11157=CARTESIAN_POINT('',(0.158,-0.10000000000001,-0.00100000000002683));
#11158=CARTESIAN_POINT('',(0.00799999999999999,-0.10000000000001,-0.00100000000002683));
#11159=CARTESIAN_POINT('',(0.00799999999999999,-0.10000000000001,-0.017));
#11160=CARTESIAN_POINT('',(0.158,-0.10000000000001,-0.017));
#11161=CARTESIAN_POINT('',(-0.00799999999999999,-0.10000000000001,-0.017));
#11162=CARTESIAN_POINT('',(-0.00799999999999999,-0.10000000000001,-0.00100000000002683));
#11163=CARTESIAN_POINT('',(0.158,-0.10000000000001,-0.00100000000002683));
#11164=CARTESIAN_POINT('',(-0.042,-0.10000000000001,-0.00100000000002683));
#11165=CARTESIAN_POINT('',(-0.042,-0.10000000000001,-0.017));
#11166=CARTESIAN_POINT('',(0.158,-0.10000000000001,-0.017));
#11167=CARTESIAN_POINT('',(-0.058,-0.10000000000001,-0.017));
#11168=CARTESIAN_POINT('',(-0.058,-0.10000000000001,-0.00100000000002683));
#11169=CARTESIAN_POINT('',(0.158,-0.10000000000001,-0.00100000000002683));
#11170=CARTESIAN_POINT('',(-0.092,-0.10000000000001,-0.00100000000002683));
#11171=CARTESIAN_POINT('',(-0.092,-0.10000000000001,-0.017));
#11172=CARTESIAN_POINT('',(0.158,-0.10000000000001,-0.017));
#11173=CARTESIAN_POINT('',(-0.108,-0.10000000000001,-0.017));
#11174=CARTESIAN_POINT('',(-0.108,-0.10000000000001,-0.00100000000002683));
#11175=CARTESIAN_POINT('',(0.158,-0.10000000000001,-0.017));
#11176=CARTESIAN_POINT('',(0.142,-0.10000000000001,-0.017));
#11177=CARTESIAN_POINT('',(0.142,0.01,-0.017));
#11178=CARTESIAN_POINT('',(0.158,-0.10000000000001,-0.017));
#11179=CARTESIAN_POINT('',(0.158,0.01,-0.017));
#11180=CARTESIAN_POINT('',(0.158,0.01,-0.017));
#11181=CARTESIAN_POINT('',(0.158,-0.10000000000001,-0.017));
#11182=CARTESIAN_POINT('',(0.108,-0.10000000000001,-0.017));
#11183=CARTESIAN_POINT('',(0.108,0.01,-0.017));
#11184=CARTESIAN_POINT('',(0.158,0.01,-0.017));
#11185=CARTESIAN_POINT('',(0.092,0.01,-0.017));
#11186=CARTESIAN_POINT('',(0.092,-0.10000000000001,-0.017));
#11187=CARTESIAN_POINT('',(0.158,-0.10000000000001,-0.017));
#11188=CARTESIAN_POINT('',(0.058,-0.10000000000001,-0.017));
#11189=CARTESIAN_POINT('',(0.058,0.01,-0.017));
#11190=CARTESIAN_POINT('',(0.158,0.01,-0.017));
#11191=CARTESIAN_POINT('',(0.042,0.01,-0.017));
#11192=CARTESIAN_POINT('',(0.042,-0.10000000000001,-0.017));
#11193=CARTESIAN_POINT('',(0.158,-0.10000000000001,-0.017));
#11194=CARTESIAN_POINT('',(0.00799999999999999,-0.10000000000001,-0.017));
#11195=CARTESIAN_POINT('',(0.00799999999999999,0.01,-0.017));
#11196=CARTESIAN_POINT('',(0.158,0.01,-0.017));
#11197=CARTESIAN_POINT('',(-0.008,0.01,-0.017));
#11198=CARTESIAN_POINT('',(-0.00799999999999999,-0.10000000000001,-0.017));
#11199=CARTESIAN_POINT('',(0.158,-0.10000000000001,-0.017));
#11200=CARTESIAN_POINT('',(-0.042,-0.10000000000001,-0.017));
#11201=CARTESIAN_POINT('',(-0.042,0.01,-0.017));
#11202=CARTESIAN_POINT('',(0.158,0.01,-0.017));
#11203=CARTESIAN_POINT('',(-0.058,0.01,-0.017));
#11204=CARTESIAN_POINT('',(-0.058,-0.10000000000001,-0.017));
#11205=CARTESIAN_POINT('',(0.158,-0.10000000000001,-0.017));
#11206=CARTESIAN_POINT('',(-0.092,-0.10000000000001,-0.017));
#11207=CARTESIAN_POINT('',(-0.092,0.01,-0.017));
#11208=CARTESIAN_POINT('',(0.158,0.01,-0.017));
#11209=CARTESIAN_POINT('',(-0.108,0.01,-0.017));
#11210=CARTESIAN_POINT('',(-0.108,-0.10000000000001,-0.017));
#11211=CARTESIAN_POINT('',(0.158,0.01,0.017));
#11212=CARTESIAN_POINT('',(0.142,0.01,0.017));
#11213=CARTESIAN_POINT('',(0.142,0.01,0.017));
#11214=CARTESIAN_POINT('',(0.142,-0.0239375424016467,0.017));
#11215=CARTESIAN_POINT('',(0.158,0.01,0.017));
#11216=CARTESIAN_POINT('',(0.158,0.01,0.017));
#11217=CARTESIAN_POINT('',(0.158,0.01,0.017));
#11218=CARTESIAN_POINT('',(0.158,-0.0239375424016466,0.017));
#11219=CARTESIAN_POINT('',(0.158,-0.0239375424016466,0.017));
#11220=CARTESIAN_POINT('',(0.158,0.01,0.017));
#11221=CARTESIAN_POINT('',(0.108,0.01,0.017));
#11222=CARTESIAN_POINT('',(0.108,-0.0239375424016466,0.017));
#11223=CARTESIAN_POINT('',(0.108,0.01,0.017));
#11224=CARTESIAN_POINT('',(0.158,-0.0239375424016466,0.017));
#11225=CARTESIAN_POINT('',(0.092,-0.0239375424016467,0.017));
#11226=CARTESIAN_POINT('',(0.092,0.01,0.017));
#11227=CARTESIAN_POINT('',(0.092,0.01,0.017));
#11228=CARTESIAN_POINT('',(0.158,0.01,0.017));
#11229=CARTESIAN_POINT('',(0.158,0.01,0.017));
#11230=CARTESIAN_POINT('',(0.058,0.01,0.017));
#11231=CARTESIAN_POINT('',(0.058,-0.0239375424016466,0.017));
#11232=CARTESIAN_POINT('',(0.058,0.01,0.017));
#11233=CARTESIAN_POINT('',(0.158,-0.0239375424016466,0.017));
#11234=CARTESIAN_POINT('',(0.042,-0.0239375424016467,0.017));
#11235=CARTESIAN_POINT('',(0.042,0.01,0.017));
#11236=CARTESIAN_POINT('',(0.042,0.01,0.017));
#11237=CARTESIAN_POINT('',(0.158,0.01,0.017));
#11238=CARTESIAN_POINT('',(0.158,0.01,0.017));
#11239=CARTESIAN_POINT('',(0.00799999999999999,0.01,0.017));
#11240=CARTESIAN_POINT('',(0.00799999999999999,-0.0239375424016466,0.017));
#11241=CARTESIAN_POINT('',(0.00799999999999998,0.01,0.017));
#11242=CARTESIAN_POINT('',(0.158,-0.0239375424016466,0.017));
#11243=CARTESIAN_POINT('',(-0.00799999999999999,-0.0239375424016467,0.017));
#11244=CARTESIAN_POINT('',(-0.00799999999999999,0.01,0.017));
#11245=CARTESIAN_POINT('',(-0.008,0.01,0.017));
#11246=CARTESIAN_POINT('',(0.158,0.01,0.017));
#11247=CARTESIAN_POINT('',(0.158,0.01,0.017));
#11248=CARTESIAN_POINT('',(-0.042,0.01,0.017));
#11249=CARTESIAN_POINT('',(-0.042,-0.0239375424016466,0.017));
#11250=CARTESIAN_POINT('',(-0.042,0.01,0.017));
#11251=CARTESIAN_POINT('',(0.158,-0.0239375424016466,0.017));
#11252=CARTESIAN_POINT('',(-0.058,-0.0239375424016467,0.017));
#11253=CARTESIAN_POINT('',(-0.058,0.01,0.017));
#11254=CARTESIAN_POINT('',(-0.058,0.01,0.017));
#11255=CARTESIAN_POINT('',(0.158,0.01,0.017));
#11256=CARTESIAN_POINT('',(0.158,0.01,0.017));
#11257=CARTESIAN_POINT('',(-0.092,0.01,0.017));
#11258=CARTESIAN_POINT('',(-0.092,-0.0239375424016466,0.017));
#11259=CARTESIAN_POINT('',(-0.092,0.01,0.017));
#11260=CARTESIAN_POINT('',(0.158,-0.0239375424016466,0.017));
#11261=CARTESIAN_POINT('',(-0.108,-0.0239375424016467,0.017));
#11262=CARTESIAN_POINT('',(-0.108,0.01,0.017));
#11263=CARTESIAN_POINT('',(-0.108,0.01,0.017));
#11264=CARTESIAN_POINT('',(0.158,0.01,0.017));
#11265=CARTESIAN_POINT('',(0.158,-0.0239375424016467,0.0489999999999998));
#11266=CARTESIAN_POINT('',(0.142,-0.0239375424016467,0.0489999999999998));
#11267=CARTESIAN_POINT('',(0.142,-0.0546458474672152,0.0400000000000017));
#11268=CARTESIAN_POINT('',(0.158,-0.0239375424016467,0.0489999999999998));
#11269=CARTESIAN_POINT('',(0.158,-0.0546458474672152,0.0400000000000017));
#11270=CARTESIAN_POINT('',(0.158,-0.0546458474672152,0.0400000000000017));
#11271=CARTESIAN_POINT('',(0.158,-0.0239375424016467,0.0489999999999998));
#11272=CARTESIAN_POINT('',(0.108,-0.0239375424016467,0.0489999999999998));
#11273=CARTESIAN_POINT('',(0.108,-0.0546458474672152,0.0400000000000017));
#11274=CARTESIAN_POINT('',(0.158,-0.0546458474672152,0.0400000000000017));
#11275=CARTESIAN_POINT('',(0.092,-0.0546458474672152,0.0400000000000017));
#11276=CARTESIAN_POINT('',(0.092,-0.0239375424016467,0.0489999999999998));
#11277=CARTESIAN_POINT('',(0.158,-0.0239375424016467,0.0489999999999998));
#11278=CARTESIAN_POINT('',(0.058,-0.0239375424016467,0.0489999999999998));
#11279=CARTESIAN_POINT('',(0.058,-0.0546458474672152,0.0400000000000017));
#11280=CARTESIAN_POINT('',(0.158,-0.0546458474672152,0.0400000000000017));
#11281=CARTESIAN_POINT('',(0.042,-0.0546458474672152,0.0400000000000017));
#11282=CARTESIAN_POINT('',(0.042,-0.0239375424016467,0.0489999999999998));
#11283=CARTESIAN_POINT('',(0.158,-0.0239375424016467,0.0489999999999998));
#11284=CARTESIAN_POINT('',(0.00799999999999999,-0.0239375424016467,0.0489999999999998));
#11285=CARTESIAN_POINT('',(0.00799999999999999,-0.0546458474672152,0.0400000000000017));
#11286=CARTESIAN_POINT('',(0.158,-0.0546458474672152,0.0400000000000017));
#11287=CARTESIAN_POINT('',(-0.00799999999999999,-0.0546458474672152,0.0400000000000017));
#11288=CARTESIAN_POINT('',(-0.00799999999999999,-0.0239375424016467,0.0489999999999998));
#11289=CARTESIAN_POINT('',(0.158,-0.0239375424016467,0.0489999999999998));
#11290=CARTESIAN_POINT('',(-0.042,-0.0239375424016467,0.0489999999999998));
#11291=CARTESIAN_POINT('',(-0.042,-0.0546458474672152,0.0400000000000017));
#11292=CARTESIAN_POINT('',(0.158,-0.0546458474672152,0.0400000000000017));
#11293=CARTESIAN_POINT('',(-0.058,-0.0546458474672152,0.0400000000000017));
#11294=CARTESIAN_POINT('',(-0.058,-0.0239375424016467,0.0489999999999998));
#11295=CARTESIAN_POINT('',(0.158,-0.0239375424016467,0.0489999999999998));
#11296=CARTESIAN_POINT('',(-0.092,-0.0239375424016467,0.0489999999999998));
#11297=CARTESIAN_POINT('',(-0.092,-0.0546458474672152,0.0400000000000017));
#11298=CARTESIAN_POINT('',(0.158,-0.0546458474672152,0.0400000000000017));
#11299=CARTESIAN_POINT('',(-0.108,-0.0546458474672152,0.0400000000000017));
#11300=CARTESIAN_POINT('',(-0.108,-0.0239375424016467,0.0489999999999998));
#11301=CARTESIAN_POINT('',(0.158,-0.0699999999999987,0.0355000000000029));
#11302=CARTESIAN_POINT('',(0.158,-0.0699999999999988,0.051500000000002));
#11303=CARTESIAN_POINT('',(0.158,-0.0699999999999988,0.051500000000002));
#11304=CARTESIAN_POINT('',(0.142,-0.0699999999999988,0.051500000000002));
#11305=CARTESIAN_POINT('',(0.142,-0.0699999999999987,0.0355000000000029));
#11306=CARTESIAN_POINT('',(0.158,-0.0699999999999987,0.0355000000000029));
#11307=CARTESIAN_POINT('',(0.158,-0.0699999999999987,0.0355000000000029));
#11308=CARTESIAN_POINT('',(0.108,-0.0699999999999987,0.0355000000000029));
#11309=CARTESIAN_POINT('',(0.108,-0.0699999999999988,0.051500000000002));
#11310=CARTESIAN_POINT('',(0.158,-0.0699999999999988,0.051500000000002));
#11311=CARTESIAN_POINT('',(0.092,-0.0699999999999988,0.051500000000002));
#11312=CARTESIAN_POINT('',(0.092,-0.0699999999999987,0.0355000000000029));
#11313=CARTESIAN_POINT('',(0.158,-0.0699999999999987,0.0355000000000029));
#11314=CARTESIAN_POINT('',(0.058,-0.0699999999999987,0.0355000000000029));
#11315=CARTESIAN_POINT('',(0.058,-0.0699999999999988,0.051500000000002));
#11316=CARTESIAN_POINT('',(0.158,-0.0699999999999988,0.051500000000002));
#11317=CARTESIAN_POINT('',(0.042,-0.0699999999999988,0.051500000000002));
#11318=CARTESIAN_POINT('',(0.042,-0.0699999999999987,0.0355000000000029));
#11319=CARTESIAN_POINT('',(0.158,-0.0699999999999987,0.0355000000000029));
#11320=CARTESIAN_POINT('',(0.00799999999999999,-0.0699999999999987,0.0355000000000029));
#11321=CARTESIAN_POINT('',(0.00799999999999999,-0.0699999999999988,0.051500000000002));
#11322=CARTESIAN_POINT('',(0.158,-0.0699999999999988,0.051500000000002));
#11323=CARTESIAN_POINT('',(-0.00799999999999999,-0.0699999999999988,0.051500000000002));
#11324=CARTESIAN_POINT('',(-0.00799999999999999,-0.0699999999999987,0.0355000000000029));
#11325=CARTESIAN_POINT('',(0.158,-0.0699999999999987,0.0355000000000029));
#11326=CARTESIAN_POINT('',(-0.042,-0.0699999999999987,0.0355000000000029));
#11327=CARTESIAN_POINT('',(-0.042,-0.0699999999999988,0.051500000000002));
#11328=CARTESIAN_POINT('',(0.158,-0.0699999999999988,0.051500000000002));
#11329=CARTESIAN_POINT('',(-0.058,-0.0699999999999988,0.051500000000002));
#11330=CARTESIAN_POINT('',(-0.058,-0.0699999999999987,0.0355000000000029));
#11331=CARTESIAN_POINT('',(0.158,-0.0699999999999987,0.0355000000000029));
#11332=CARTESIAN_POINT('',(-0.092,-0.0699999999999987,0.0355000000000029));
#11333=CARTESIAN_POINT('',(-0.092,-0.0699999999999988,0.051500000000002));
#11334=CARTESIAN_POINT('',(0.158,-0.0699999999999988,0.051500000000002));
#11335=CARTESIAN_POINT('',(-0.108,-0.0699999999999988,0.051500000000002));
#11336=CARTESIAN_POINT('',(-0.108,-0.0699999999999987,0.0355000000000029));
#11337=CARTESIAN_POINT('',(0.158,-0.0699999999999988,0.051500000000002));
#11338=CARTESIAN_POINT('',(0.142,-0.0699999999999988,0.051500000000002));
#11339=CARTESIAN_POINT('',(0.142,-0.09,0.051500000000002));
#11340=CARTESIAN_POINT('',(0.158,-0.0699999999999988,0.051500000000002));
#11341=CARTESIAN_POINT('',(0.158,-0.09,0.051500000000002));
#11342=CARTESIAN_POINT('',(0.158,-0.09,0.051500000000002));
#11343=CARTESIAN_POINT('',(0.158,-0.0699999999999988,0.051500000000002));
#11344=CARTESIAN_POINT('',(0.108,-0.0699999999999988,0.051500000000002));
#11345=CARTESIAN_POINT('',(0.108,-0.09,0.051500000000002));
#11346=CARTESIAN_POINT('',(0.158,-0.09,0.051500000000002));
#11347=CARTESIAN_POINT('',(0.092,-0.09,0.051500000000002));
#11348=CARTESIAN_POINT('',(0.092,-0.0699999999999988,0.051500000000002));
#11349=CARTESIAN_POINT('',(0.158,-0.0699999999999988,0.051500000000002));
#11350=CARTESIAN_POINT('',(0.058,-0.0699999999999988,0.051500000000002));
#11351=CARTESIAN_POINT('',(0.058,-0.09,0.051500000000002));
#11352=CARTESIAN_POINT('',(0.158,-0.09,0.051500000000002));
#11353=CARTESIAN_POINT('',(0.042,-0.09,0.051500000000002));
#11354=CARTESIAN_POINT('',(0.042,-0.0699999999999988,0.051500000000002));
#11355=CARTESIAN_POINT('',(0.158,-0.0699999999999988,0.051500000000002));
#11356=CARTESIAN_POINT('',(0.00799999999999999,-0.0699999999999988,0.051500000000002));
#11357=CARTESIAN_POINT('',(0.00799999999999999,-0.09,0.051500000000002));
#11358=CARTESIAN_POINT('',(0.158,-0.09,0.051500000000002));
#11359=CARTESIAN_POINT('',(-0.00799999999999999,-0.09,0.051500000000002));
#11360=CARTESIAN_POINT('',(-0.00799999999999999,-0.0699999999999988,0.051500000000002));
#11361=CARTESIAN_POINT('',(0.158,-0.0699999999999988,0.051500000000002));
#11362=CARTESIAN_POINT('',(-0.042,-0.0699999999999988,0.051500000000002));
#11363=CARTESIAN_POINT('',(-0.042,-0.09,0.051500000000002));
#11364=CARTESIAN_POINT('',(0.158,-0.09,0.051500000000002));
#11365=CARTESIAN_POINT('',(-0.058,-0.09,0.051500000000002));
#11366=CARTESIAN_POINT('',(-0.058,-0.0699999999999988,0.051500000000002));
#11367=CARTESIAN_POINT('',(0.158,-0.0699999999999988,0.051500000000002));
#11368=CARTESIAN_POINT('',(-0.092,-0.0699999999999988,0.051500000000002));
#11369=CARTESIAN_POINT('',(-0.092,-0.09,0.051500000000002));
#11370=CARTESIAN_POINT('',(0.158,-0.09,0.051500000000002));
#11371=CARTESIAN_POINT('',(-0.108,-0.09,0.051500000000002));
#11372=CARTESIAN_POINT('',(-0.108,-0.0699999999999988,0.051500000000002));
#11373=CARTESIAN_POINT('',(0.158,-0.09,0.051500000000002));
#11374=CARTESIAN_POINT('',(0.142,-0.09,0.051500000000002));
#11375=CARTESIAN_POINT('',(0.142,-0.09,0.067500000000002));
#11376=CARTESIAN_POINT('',(0.158,-0.09,0.051500000000002));
#11377=CARTESIAN_POINT('',(0.158,-0.09,0.067500000000002));
#11378=CARTESIAN_POINT('',(0.158,-0.09,0.067500000000002));
#11379=CARTESIAN_POINT('',(0.158,-0.09,0.051500000000002));
#11380=CARTESIAN_POINT('',(0.108,-0.09,0.051500000000002));
#11381=CARTESIAN_POINT('',(0.108,-0.09,0.067500000000002));
#11382=CARTESIAN_POINT('',(0.158,-0.09,0.067500000000002));
#11383=CARTESIAN_POINT('',(0.092,-0.09,0.067500000000002));
#11384=CARTESIAN_POINT('',(0.092,-0.09,0.051500000000002));
#11385=CARTESIAN_POINT('',(0.158,-0.09,0.051500000000002));
#11386=CARTESIAN_POINT('',(0.058,-0.09,0.051500000000002));
#11387=CARTESIAN_POINT('',(0.058,-0.09,0.067500000000002));
#11388=CARTESIAN_POINT('',(0.158,-0.09,0.067500000000002));
#11389=CARTESIAN_POINT('',(0.042,-0.09,0.067500000000002));
#11390=CARTESIAN_POINT('',(0.042,-0.09,0.051500000000002));
#11391=CARTESIAN_POINT('',(0.158,-0.09,0.051500000000002));
#11392=CARTESIAN_POINT('',(0.00799999999999999,-0.09,0.051500000000002));
#11393=CARTESIAN_POINT('',(0.00799999999999999,-0.09,0.067500000000002));
#11394=CARTESIAN_POINT('',(0.158,-0.09,0.067500000000002));
#11395=CARTESIAN_POINT('',(-0.00799999999999999,-0.09,0.067500000000002));
#11396=CARTESIAN_POINT('',(-0.00799999999999999,-0.09,0.051500000000002));
#11397=CARTESIAN_POINT('',(0.158,-0.09,0.051500000000002));
#11398=CARTESIAN_POINT('',(-0.042,-0.09,0.051500000000002));
#11399=CARTESIAN_POINT('',(-0.042,-0.09,0.067500000000002));
#11400=CARTESIAN_POINT('',(0.158,-0.09,0.067500000000002));
#11401=CARTESIAN_POINT('',(-0.058,-0.09,0.067500000000002));
#11402=CARTESIAN_POINT('',(-0.058,-0.09,0.051500000000002));
#11403=CARTESIAN_POINT('',(0.158,-0.09,0.051500000000002));
#11404=CARTESIAN_POINT('',(-0.092,-0.09,0.051500000000002));
#11405=CARTESIAN_POINT('',(-0.092,-0.09,0.067500000000002));
#11406=CARTESIAN_POINT('',(0.158,-0.09,0.067500000000002));
#11407=CARTESIAN_POINT('',(-0.108,-0.09,0.067500000000002));
#11408=CARTESIAN_POINT('',(-0.108,-0.09,0.051500000000002));
#11409=CARTESIAN_POINT('',(0.158,-0.09,0.067500000000002));
#11410=CARTESIAN_POINT('',(0.142,-0.09,0.067500000000002));
#11411=CARTESIAN_POINT('',(0.142,-0.0699999999999994,0.067500000000002));
#11412=CARTESIAN_POINT('',(0.158,-0.09,0.067500000000002));
#11413=CARTESIAN_POINT('',(0.158,-0.0699999999999994,0.067500000000002));
#11414=CARTESIAN_POINT('',(0.158,-0.0699999999999994,0.067500000000002));
#11415=CARTESIAN_POINT('',(0.158,-0.09,0.067500000000002));
#11416=CARTESIAN_POINT('',(0.108,-0.09,0.067500000000002));
#11417=CARTESIAN_POINT('',(0.108,-0.0699999999999994,0.067500000000002));
#11418=CARTESIAN_POINT('',(0.158,-0.0699999999999994,0.067500000000002));
#11419=CARTESIAN_POINT('',(0.092,-0.0699999999999994,0.067500000000002));
#11420=CARTESIAN_POINT('',(0.092,-0.09,0.067500000000002));
#11421=CARTESIAN_POINT('',(0.158,-0.09,0.067500000000002));
#11422=CARTESIAN_POINT('',(0.058,-0.09,0.067500000000002));
#11423=CARTESIAN_POINT('',(0.058,-0.0699999999999994,0.067500000000002));
#11424=CARTESIAN_POINT('',(0.158,-0.0699999999999994,0.067500000000002));
#11425=CARTESIAN_POINT('',(0.042,-0.0699999999999994,0.067500000000002));
#11426=CARTESIAN_POINT('',(0.042,-0.09,0.067500000000002));
#11427=CARTESIAN_POINT('',(0.158,-0.09,0.067500000000002));
#11428=CARTESIAN_POINT('',(0.00799999999999999,-0.09,0.067500000000002));
#11429=CARTESIAN_POINT('',(0.00799999999999999,-0.0699999999999994,0.067500000000002));
#11430=CARTESIAN_POINT('',(0.158,-0.0699999999999994,0.067500000000002));
#11431=CARTESIAN_POINT('',(-0.00799999999999999,-0.0699999999999994,0.067500000000002));
#11432=CARTESIAN_POINT('',(-0.00799999999999999,-0.09,0.067500000000002));
#11433=CARTESIAN_POINT('',(0.158,-0.09,0.067500000000002));
#11434=CARTESIAN_POINT('',(-0.042,-0.09,0.067500000000002));
#11435=CARTESIAN_POINT('',(-0.042,-0.0699999999999994,0.067500000000002));
#11436=CARTESIAN_POINT('',(0.158,-0.0699999999999994,0.067500000000002));
#11437=CARTESIAN_POINT('',(-0.058,-0.0699999999999994,0.067500000000002));
#11438=CARTESIAN_POINT('',(-0.058,-0.09,0.067500000000002));
#11439=CARTESIAN_POINT('',(0.158,-0.09,0.067500000000002));
#11440=CARTESIAN_POINT('',(-0.092,-0.09,0.067500000000002));
#11441=CARTESIAN_POINT('',(-0.092,-0.0699999999999994,0.067500000000002));
#11442=CARTESIAN_POINT('',(0.158,-0.0699999999999994,0.067500000000002));
#11443=CARTESIAN_POINT('',(-0.108,-0.0699999999999994,0.067500000000002));
#11444=CARTESIAN_POINT('',(-0.108,-0.09,0.067500000000002));
#11445=CARTESIAN_POINT('',(0.158,-0.0699999999999994,0.0355000000000021));
#11446=CARTESIAN_POINT('',(0.142,-0.0699999999999994,0.0355000000000021));
#11447=CARTESIAN_POINT('',(0.142,-0.0392916949344305,0.0444999999999992));
#11448=CARTESIAN_POINT('',(0.158,-0.0699999999999994,0.0355000000000021));
#11449=CARTESIAN_POINT('',(0.158,-0.0392916949344305,0.0444999999999992));
#11450=CARTESIAN_POINT('',(0.158,-0.0392916949344305,0.0444999999999992));
#11451=CARTESIAN_POINT('',(0.158,-0.0699999999999994,0.0355000000000021));
#11452=CARTESIAN_POINT('',(0.108,-0.0699999999999994,0.0355000000000021));
#11453=CARTESIAN_POINT('',(0.108,-0.0392916949344305,0.0444999999999992));
#11454=CARTESIAN_POINT('',(0.158,-0.0392916949344305,0.0444999999999992));
#11455=CARTESIAN_POINT('',(0.092,-0.0392916949344305,0.0444999999999992));
#11456=CARTESIAN_POINT('',(0.092,-0.0699999999999994,0.0355000000000021));
#11457=CARTESIAN_POINT('',(0.158,-0.0699999999999994,0.0355000000000021));
#11458=CARTESIAN_POINT('',(0.058,-0.0699999999999994,0.0355000000000021));
#11459=CARTESIAN_POINT('',(0.058,-0.0392916949344305,0.0444999999999992));
#11460=CARTESIAN_POINT('',(0.158,-0.0392916949344305,0.0444999999999992));
#11461=CARTESIAN_POINT('',(0.042,-0.0392916949344305,0.0444999999999992));
#11462=CARTESIAN_POINT('',(0.042,-0.0699999999999994,0.0355000000000021));
#11463=CARTESIAN_POINT('',(0.158,-0.0699999999999994,0.0355000000000021));
#11464=CARTESIAN_POINT('',(0.00799999999999999,-0.0699999999999994,0.0355000000000021));
#11465=CARTESIAN_POINT('',(0.00799999999999999,-0.0392916949344305,0.0444999999999992));
#11466=CARTESIAN_POINT('',(0.158,-0.0392916949344305,0.0444999999999992));
#11467=CARTESIAN_POINT('',(-0.00799999999999999,-0.0392916949344305,0.0444999999999992));
#11468=CARTESIAN_POINT('',(-0.00799999999999999,-0.0699999999999994,0.0355000000000021));
#11469=CARTESIAN_POINT('',(0.158,-0.0699999999999994,0.0355000000000021));
#11470=CARTESIAN_POINT('',(-0.042,-0.0699999999999994,0.0355000000000021));
#11471=CARTESIAN_POINT('',(-0.042,-0.0392916949344305,0.0444999999999992));
#11472=CARTESIAN_POINT('',(0.158,-0.0392916949344305,0.0444999999999992));
#11473=CARTESIAN_POINT('',(-0.058,-0.0392916949344305,0.0444999999999992));
#11474=CARTESIAN_POINT('',(-0.058,-0.0699999999999994,0.0355000000000021));
#11475=CARTESIAN_POINT('',(0.158,-0.0699999999999994,0.0355000000000021));
#11476=CARTESIAN_POINT('',(-0.092,-0.0699999999999994,0.0355000000000021));
#11477=CARTESIAN_POINT('',(-0.092,-0.0392916949344305,0.0444999999999992));
#11478=CARTESIAN_POINT('',(0.158,-0.0392916949344305,0.0444999999999992));
#11479=CARTESIAN_POINT('',(-0.108,-0.0392916949344305,0.0444999999999992));
#11480=CARTESIAN_POINT('',(-0.108,-0.0699999999999994,0.0355000000000021));
#11481=CARTESIAN_POINT('',(0.158,-0.023937542401649,0.0489999999999968));
#11482=CARTESIAN_POINT('',(0.158,-0.023937542401649,0.033));
#11483=CARTESIAN_POINT('',(0.158,-0.023937542401649,0.033));
#11484=CARTESIAN_POINT('',(0.142,-0.023937542401649,0.033));
#11485=CARTESIAN_POINT('',(0.142,-0.023937542401649,0.0489999999999968));
#11486=CARTESIAN_POINT('',(0.158,-0.023937542401649,0.0489999999999968));
#11487=CARTESIAN_POINT('',(0.158,-0.023937542401649,0.0489999999999968));
#11488=CARTESIAN_POINT('',(0.108,-0.023937542401649,0.0489999999999968));
#11489=CARTESIAN_POINT('',(0.108,-0.023937542401649,0.033));
#11490=CARTESIAN_POINT('',(0.158,-0.023937542401649,0.033));
#11491=CARTESIAN_POINT('',(0.092,-0.023937542401649,0.033));
#11492=CARTESIAN_POINT('',(0.092,-0.023937542401649,0.0489999999999968));
#11493=CARTESIAN_POINT('',(0.158,-0.023937542401649,0.0489999999999968));
#11494=CARTESIAN_POINT('',(0.058,-0.023937542401649,0.0489999999999968));
#11495=CARTESIAN_POINT('',(0.058,-0.023937542401649,0.033));
#11496=CARTESIAN_POINT('',(0.158,-0.023937542401649,0.033));
#11497=CARTESIAN_POINT('',(0.042,-0.023937542401649,0.033));
#11498=CARTESIAN_POINT('',(0.042,-0.023937542401649,0.0489999999999968));
#11499=CARTESIAN_POINT('',(0.158,-0.023937542401649,0.0489999999999968));
#11500=CARTESIAN_POINT('',(0.00799999999999999,-0.023937542401649,0.0489999999999968));
#11501=CARTESIAN_POINT('',(0.00799999999999999,-0.023937542401649,0.033));
#11502=CARTESIAN_POINT('',(0.158,-0.023937542401649,0.033));
#11503=CARTESIAN_POINT('',(-0.00799999999999999,-0.023937542401649,0.033));
#11504=CARTESIAN_POINT('',(-0.00799999999999999,-0.023937542401649,0.0489999999999968));
#11505=CARTESIAN_POINT('',(0.158,-0.023937542401649,0.0489999999999968));
#11506=CARTESIAN_POINT('',(-0.042,-0.023937542401649,0.0489999999999968));
#11507=CARTESIAN_POINT('',(-0.042,-0.023937542401649,0.033));
#11508=CARTESIAN_POINT('',(0.158,-0.023937542401649,0.033));
#11509=CARTESIAN_POINT('',(-0.058,-0.023937542401649,0.033));
#11510=CARTESIAN_POINT('',(-0.058,-0.023937542401649,0.0489999999999968));
#11511=CARTESIAN_POINT('',(0.158,-0.023937542401649,0.0489999999999968));
#11512=CARTESIAN_POINT('',(-0.092,-0.023937542401649,0.0489999999999968));
#11513=CARTESIAN_POINT('',(-0.092,-0.023937542401649,0.033));
#11514=CARTESIAN_POINT('',(0.158,-0.023937542401649,0.033));
#11515=CARTESIAN_POINT('',(-0.108,-0.023937542401649,0.033));
#11516=CARTESIAN_POINT('',(-0.108,-0.023937542401649,0.0489999999999968));
#11517=CARTESIAN_POINT('',(0.158,-0.023937542401649,0.033));
#11518=CARTESIAN_POINT('',(0.142,-0.023937542401649,0.033));
#11519=CARTESIAN_POINT('',(0.142,-8.16947196629039E-19,0.033));
#11520=CARTESIAN_POINT('',(0.158,-0.023937542401649,0.033));
#11521=CARTESIAN_POINT('',(0.158,0.,0.033));
#11522=CARTESIAN_POINT('',(0.158,0.,0.033));
#11523=CARTESIAN_POINT('',(0.158,-0.023937542401649,0.033));
#11524=CARTESIAN_POINT('',(0.108,-0.023937542401649,0.033));
#11525=CARTESIAN_POINT('',(0.108,-8.16947196629039E-19,0.033));
#11526=CARTESIAN_POINT('',(0.158,0.,0.033));
#11527=CARTESIAN_POINT('',(0.092,-8.16947196629039E-19,0.033));
#11528=CARTESIAN_POINT('',(0.092,-0.023937542401649,0.033));
#11529=CARTESIAN_POINT('',(0.158,-0.023937542401649,0.033));
#11530=CARTESIAN_POINT('',(0.058,-0.023937542401649,0.033));
#11531=CARTESIAN_POINT('',(0.058,-8.16947196629039E-19,0.033));
#11532=CARTESIAN_POINT('',(0.158,0.,0.033));
#11533=CARTESIAN_POINT('',(0.042,-8.16947196629039E-19,0.033));
#11534=CARTESIAN_POINT('',(0.042,-0.023937542401649,0.033));
#11535=CARTESIAN_POINT('',(0.158,-0.023937542401649,0.033));
#11536=CARTESIAN_POINT('',(0.00799999999999999,-0.023937542401649,0.033));
#11537=CARTESIAN_POINT('',(0.00799999999999999,-8.16947196629039E-19,0.033));
#11538=CARTESIAN_POINT('',(0.158,0.,0.033));
#11539=CARTESIAN_POINT('',(-0.00799999999999999,-8.16947196629039E-19,0.033));
#11540=CARTESIAN_POINT('',(-0.00799999999999999,-0.023937542401649,0.033));
#11541=CARTESIAN_POINT('',(0.158,-0.023937542401649,0.033));
#11542=CARTESIAN_POINT('',(-0.042,-0.023937542401649,0.033));
#11543=CARTESIAN_POINT('',(-0.042,-8.16947196629039E-19,0.033));
#11544=CARTESIAN_POINT('',(0.158,0.,0.033));
#11545=CARTESIAN_POINT('',(-0.058,-8.16947196629039E-19,0.033));
#11546=CARTESIAN_POINT('',(-0.058,-0.023937542401649,0.033));
#11547=CARTESIAN_POINT('',(0.158,-0.023937542401649,0.033));
#11548=CARTESIAN_POINT('',(-0.092,-0.023937542401649,0.033));
#11549=CARTESIAN_POINT('',(-0.092,-8.16947196629039E-19,0.033));
#11550=CARTESIAN_POINT('',(0.158,0.,0.033));
#11551=CARTESIAN_POINT('',(-0.108,-8.16947196629039E-19,0.033));
#11552=CARTESIAN_POINT('',(-0.108,-0.023937542401649,0.033));
#11553=CARTESIAN_POINT('',(0.158,0.0241756413382558,0.));
#11554=CARTESIAN_POINT('',(0.142,0.0241756413382558,0.));
#11555=CARTESIAN_POINT('',(0.142,0.01,-0.0193498967666349));
#11556=CARTESIAN_POINT('',(0.158,0.01,-0.0193498967666349));
#11557=CARTESIAN_POINT('',(0.108,0.0100000000000001,-0.0193498967666345));
#11558=CARTESIAN_POINT('',(0.108,0.0241756413382558,0.));
#11559=CARTESIAN_POINT('',(0.092,0.0241756413382558,0.));
#11560=CARTESIAN_POINT('',(0.092,0.01,-0.0193498967666349));
#11561=CARTESIAN_POINT('',(0.158,0.00999999999999998,-0.0193498967666349));
#11562=CARTESIAN_POINT('',(0.058,0.0100000000000001,-0.0193498967666345));
#11563=CARTESIAN_POINT('',(0.058,0.0241756413382558,0.));
#11564=CARTESIAN_POINT('',(0.042,0.0241756413382558,0.));
#11565=CARTESIAN_POINT('',(0.042,0.01,-0.0193498967666349));
#11566=CARTESIAN_POINT('',(0.158,0.00999999999999997,-0.019349896766635));
#11567=CARTESIAN_POINT('',(0.00799999999999999,0.0100000000000001,-0.0193498967666345));
#11568=CARTESIAN_POINT('',(0.00799999999999999,0.0241756413382558,0.));
#11569=CARTESIAN_POINT('',(-0.00799999999999999,0.0241756413382558,0.));
#11570=CARTESIAN_POINT('',(-0.008,0.01,-0.0193498967666349));
#11571=CARTESIAN_POINT('',(0.158,0.00999999999999996,-0.019349896766635));
#11572=CARTESIAN_POINT('',(-0.042,0.0100000000000001,-0.0193498967666345));
#11573=CARTESIAN_POINT('',(-0.042,0.0241756413382558,0.));
#11574=CARTESIAN_POINT('',(-0.058,0.0241756413382558,0.));
#11575=CARTESIAN_POINT('',(-0.058,0.01,-0.0193498967666349));
#11576=CARTESIAN_POINT('',(0.158,0.00999999999999995,-0.019349896766635));
#11577=CARTESIAN_POINT('',(-0.092,0.0100000000000001,-0.0193498967666345));
#11578=CARTESIAN_POINT('',(-0.092,0.0241756413382558,0.));
#11579=CARTESIAN_POINT('',(-0.108,0.0241756413382558,0.));
#11580=CARTESIAN_POINT('',(-0.108,0.01,-0.0193498967666349));
#11581=CARTESIAN_POINT('',(0.158,0.00999999999999993,-0.019349896766635));
#11582=CARTESIAN_POINT('',(-0.142,0.0100000000000001,-0.0193498967666345));
#11583=CARTESIAN_POINT('',(-0.142,0.0241756413382558,0.));
#11584=CARTESIAN_POINT('',(-0.142,0.,-0.033));
#11585=CARTESIAN_POINT('',(0.158,0.,-0.033));
#11586=CARTESIAN_POINT('',(-0.158,0.,-0.033));
#11587=CARTESIAN_POINT('',(-0.158,0.0241756413382558,0.));
#11588=CARTESIAN_POINT('',(-0.158,0.0241756413382558,4.26851249010041E-18));
#11589=CARTESIAN_POINT('',(0.158,0.0241756413382558,4.26851249010041E-18));
#11590=CARTESIAN_POINT('',(0.158,0.0241756413382558,4.26851249010041E-18));
#11591=CARTESIAN_POINT('',(0.158,0.0241756413382558,0.));
#11592=CARTESIAN_POINT('',(0.158,0.,-0.033));
#11593=CARTESIAN_POINT('',(-0.142,0.,-0.033));
#11594=CARTESIAN_POINT('',(-0.142,-0.0999999999999935,-0.033));
#11595=CARTESIAN_POINT('',(0.158,-0.0999999999999935,-0.033));
#11596=CARTESIAN_POINT('',(-0.158,-0.0999999999999935,-0.033));
#11597=CARTESIAN_POINT('',(-0.158,0.,-0.033));
#11598=CARTESIAN_POINT('',(0.158,-0.0999999999999936,-0.00099999999998838));
#11599=CARTESIAN_POINT('',(-0.142,-0.0999999999999936,-0.00099999999998838));
#11600=CARTESIAN_POINT('',(-0.142,-0.127415472779372,-0.0175042979942649));
#11601=CARTESIAN_POINT('',(0.158,-0.127415472779372,-0.0175042979942649));
#11602=CARTESIAN_POINT('',(-0.158,-0.127415472779372,-0.0175042979942649));
#11603=CARTESIAN_POINT('',(-0.158,-0.0999999999999936,-0.00099999999998838));
#11604=CARTESIAN_POINT('',(0.158,-0.127415472779372,-0.0175042979942649));
#11605=CARTESIAN_POINT('',(-0.142,-0.127415472779372,-0.0175042979942649));
#11606=CARTESIAN_POINT('',(-0.142,-0.164292263610329,0.043752148997151));
#11607=CARTESIAN_POINT('',(0.158,-0.164292263610329,0.043752148997151));
#11608=CARTESIAN_POINT('',(-0.158,-0.164292263610329,0.043752148997151));
#11609=CARTESIAN_POINT('',(-0.158,-0.127415472779372,-0.0175042979942649));
#11610=CARTESIAN_POINT('',(0.158,-0.177999999999989,0.0355000000000303));
#11611=CARTESIAN_POINT('',(-0.142,-0.177999999999989,0.0355000000000303));
#11612=CARTESIAN_POINT('',(-0.142,-0.177999999999989,0.051500000000002));
#11613=CARTESIAN_POINT('',(0.158,-0.177999999999989,0.051500000000002));
#11614=CARTESIAN_POINT('',(-0.158,-0.177999999999989,0.051500000000002));
#11615=CARTESIAN_POINT('',(-0.158,-0.177999999999989,0.0355000000000303));
#11616=CARTESIAN_POINT('',(0.158,-0.177999999999989,0.051500000000002));
#11617=CARTESIAN_POINT('',(-0.142,-0.177999999999989,0.051500000000002));
#11618=CARTESIAN_POINT('',(-0.142,-0.21,0.051500000000002));
#11619=CARTESIAN_POINT('',(0.158,-0.21,0.051500000000002));
#11620=CARTESIAN_POINT('',(-0.158,-0.21,0.051500000000002));
#11621=CARTESIAN_POINT('',(-0.158,-0.177999999999989,0.051500000000002));
#11622=CARTESIAN_POINT('',(0.158,-0.21,0.051500000000002));
#11623=CARTESIAN_POINT('',(-0.142,-0.21,0.051500000000002));
#11624=CARTESIAN_POINT('',(-0.142,-0.21,0.067500000000002));
#11625=CARTESIAN_POINT('',(0.158,-0.21,0.067500000000002));
#11626=CARTESIAN_POINT('',(-0.158,-0.21,0.067500000000002));
#11627=CARTESIAN_POINT('',(-0.158,-0.21,0.051500000000002));
#11628=CARTESIAN_POINT('',(0.158,-0.21,0.067500000000002));
#11629=CARTESIAN_POINT('',(-0.142,-0.21,0.067500000000002));
#11630=CARTESIAN_POINT('',(-0.142,-0.178000000000006,0.067500000000002));
#11631=CARTESIAN_POINT('',(0.158,-0.178000000000006,0.067500000000002));
#11632=CARTESIAN_POINT('',(-0.158,-0.178000000000006,0.067500000000002));
#11633=CARTESIAN_POINT('',(-0.158,-0.21,0.067500000000002));
#11634=CARTESIAN_POINT('',(0.158,-0.178000000000006,0.0354999999999904));
#11635=CARTESIAN_POINT('',(-0.142,-0.178000000000006,0.0354999999999904));
#11636=CARTESIAN_POINT('',(-0.142,-0.150584527220628,0.0520042979942668));
#11637=CARTESIAN_POINT('',(0.158,-0.150584527220628,0.0520042979942668));
#11638=CARTESIAN_POINT('',(-0.158,-0.150584527220628,0.0520042979942668));
#11639=CARTESIAN_POINT('',(-0.158,-0.178000000000006,0.0354999999999904));
#11640=CARTESIAN_POINT('',(0.158,-0.150584527220628,0.0520042979942668));
#11641=CARTESIAN_POINT('',(-0.142,-0.150584527220628,0.0520042979942668));
#11642=CARTESIAN_POINT('',(-0.142,-0.113707736389672,-0.00925214899714825));
#11643=CARTESIAN_POINT('',(0.158,-0.113707736389672,-0.00925214899714825));
#11644=CARTESIAN_POINT('',(-0.158,-0.113707736389672,-0.00925214899714825));
#11645=CARTESIAN_POINT('',(-0.158,-0.150584527220628,0.0520042979942668));
#11646=CARTESIAN_POINT('',(0.158,-0.10000000000001,-0.00100000000002683));
#11647=CARTESIAN_POINT('',(-0.142,-0.10000000000001,-0.00100000000002683));
#11648=CARTESIAN_POINT('',(-0.142,-0.10000000000001,-0.017));
#11649=CARTESIAN_POINT('',(0.158,-0.10000000000001,-0.017));
#11650=CARTESIAN_POINT('',(-0.158,-0.10000000000001,-0.017));
#11651=CARTESIAN_POINT('',(-0.158,-0.10000000000001,-0.00100000000002683));
#11652=CARTESIAN_POINT('',(0.158,-0.10000000000001,-0.017));
#11653=CARTESIAN_POINT('',(-0.142,-0.10000000000001,-0.017));
#11654=CARTESIAN_POINT('',(-0.142,0.01,-0.017));
#11655=CARTESIAN_POINT('',(0.158,0.01,-0.017));
#11656=CARTESIAN_POINT('',(-0.158,0.01,-0.017));
#11657=CARTESIAN_POINT('',(-0.158,-0.10000000000001,-0.017));
#11658=CARTESIAN_POINT('',(0.158,0.01,-0.017));
#11659=CARTESIAN_POINT('',(-0.142,0.01,0.5));
#11660=CARTESIAN_POINT('',(-0.108,0.01,0.5));
#11661=CARTESIAN_POINT('',(-0.092,0.01,0.5));
#11662=CARTESIAN_POINT('',(-0.058,0.01,0.5));
#11663=CARTESIAN_POINT('',(-0.042,0.01,0.5));
#11664=CARTESIAN_POINT('',(-0.008,0.01,0.5));
#11665=CARTESIAN_POINT('',(0.00799999999999998,0.01,0.5));
#11666=CARTESIAN_POINT('',(0.042,0.01,0.5));
#11667=CARTESIAN_POINT('',(0.058,0.01,0.5));
#11668=CARTESIAN_POINT('',(0.092,0.01,0.5));
#11669=CARTESIAN_POINT('',(0.108,0.01,0.5));
#11670=CARTESIAN_POINT('',(0.142,0.01,0.5));
#11671=CARTESIAN_POINT('',(0.158,0.01,-0.017));
#11672=CARTESIAN_POINT('',(0.142,0.01,0.5));
#11673=CARTESIAN_POINT('',(0.142,0.01,0.0193498967666349));
#11674=CARTESIAN_POINT('',(0.158,0.01,0.0193498967666349));
#11675=CARTESIAN_POINT('',(0.108,0.01,0.0193498967666349));
#11676=CARTESIAN_POINT('',(0.108,0.01,0.5));
#11677=CARTESIAN_POINT('',(0.092,0.01,0.5));
#11678=CARTESIAN_POINT('',(0.092,0.01,0.0193498967666349));
#11679=CARTESIAN_POINT('',(0.158,0.00999999999999998,0.0193498967666349));
#11680=CARTESIAN_POINT('',(0.058,0.01,0.0193498967666349));
#11681=CARTESIAN_POINT('',(0.058,0.01,0.5));
#11682=CARTESIAN_POINT('',(0.042,0.01,0.5));
#11683=CARTESIAN_POINT('',(0.042,0.01,0.0193498967666349));
#11684=CARTESIAN_POINT('',(0.158,0.00999999999999997,0.019349896766635));
#11685=CARTESIAN_POINT('',(0.00799999999999999,0.01,0.0193498967666349));
#11686=CARTESIAN_POINT('',(0.00799999999999998,0.01,0.5));
#11687=CARTESIAN_POINT('',(-0.008,0.01,0.5));
#11688=CARTESIAN_POINT('',(-0.008,0.01,0.0193498967666349));
#11689=CARTESIAN_POINT('',(0.158,0.00999999999999996,0.019349896766635));
#11690=CARTESIAN_POINT('',(-0.042,0.01,0.0193498967666349));
#11691=CARTESIAN_POINT('',(-0.042,0.01,0.5));
#11692=CARTESIAN_POINT('',(-0.058,0.01,0.5));
#11693=CARTESIAN_POINT('',(-0.058,0.01,0.0193498967666349));
#11694=CARTESIAN_POINT('',(0.158,0.00999999999999995,0.019349896766635));
#11695=CARTESIAN_POINT('',(-0.092,0.01,0.0193498967666349));
#11696=CARTESIAN_POINT('',(-0.092,0.01,0.5));
#11697=CARTESIAN_POINT('',(-0.108,0.01,0.5));
#11698=CARTESIAN_POINT('',(-0.108,0.01,0.0193498967666349));
#11699=CARTESIAN_POINT('',(0.158,0.00999999999999993,0.019349896766635));
#11700=CARTESIAN_POINT('',(-0.142,0.01,0.0193498967666349));
#11701=CARTESIAN_POINT('',(-0.142,0.01,0.5));
#11702=CARTESIAN_POINT('',(-0.142,0.01,0.017));
#11703=CARTESIAN_POINT('',(0.158,0.01,0.017));
#11704=CARTESIAN_POINT('',(-0.158,0.01,0.017));
#11705=CARTESIAN_POINT('',(-0.158,0.01,-0.017));
#11706=CARTESIAN_POINT('',(0.158,0.01,0.017));
#11707=CARTESIAN_POINT('',(-0.142,0.01,0.017));
#11708=CARTESIAN_POINT('',(-0.142,-0.0239375424016466,0.017));
#11709=CARTESIAN_POINT('',(0.158,-0.0239375424016466,0.017));
#11710=CARTESIAN_POINT('',(-0.158,-0.0239375424016466,0.017));
#11711=CARTESIAN_POINT('',(-0.158,0.01,0.017));
#11712=CARTESIAN_POINT('',(0.158,-0.0239375424016467,0.0489999999999998));
#11713=CARTESIAN_POINT('',(-0.142,-0.0239375424016467,0.0489999999999998));
#11714=CARTESIAN_POINT('',(-0.142,-0.0546458474672152,0.0400000000000017));
#11715=CARTESIAN_POINT('',(0.158,-0.0546458474672152,0.0400000000000017));
#11716=CARTESIAN_POINT('',(-0.158,-0.0546458474672152,0.0400000000000017));
#11717=CARTESIAN_POINT('',(-0.158,-0.0239375424016467,0.0489999999999998));
#11718=CARTESIAN_POINT('',(0.158,-0.0699999999999987,0.0355000000000029));
#11719=CARTESIAN_POINT('',(-0.142,-0.0699999999999987,0.0355000000000029));
#11720=CARTESIAN_POINT('',(-0.142,-0.0699999999999988,0.051500000000002));
#11721=CARTESIAN_POINT('',(0.158,-0.0699999999999988,0.051500000000002));
#11722=CARTESIAN_POINT('',(-0.158,-0.0699999999999988,0.051500000000002));
#11723=CARTESIAN_POINT('',(-0.158,-0.0699999999999987,0.0355000000000029));
#11724=CARTESIAN_POINT('',(0.158,-0.0699999999999988,0.051500000000002));
#11725=CARTESIAN_POINT('',(-0.142,-0.0699999999999988,0.051500000000002));
#11726=CARTESIAN_POINT('',(-0.142,-0.09,0.051500000000002));
#11727=CARTESIAN_POINT('',(0.158,-0.09,0.051500000000002));
#11728=CARTESIAN_POINT('',(-0.158,-0.09,0.051500000000002));
#11729=CARTESIAN_POINT('',(-0.158,-0.0699999999999988,0.051500000000002));
#11730=CARTESIAN_POINT('',(0.158,-0.09,0.051500000000002));
#11731=CARTESIAN_POINT('',(-0.142,-0.09,0.051500000000002));
#11732=CARTESIAN_POINT('',(-0.142,-0.09,0.067500000000002));
#11733=CARTESIAN_POINT('',(0.158,-0.09,0.067500000000002));
#11734=CARTESIAN_POINT('',(-0.158,-0.09,0.067500000000002));
#11735=CARTESIAN_POINT('',(-0.158,-0.09,0.051500000000002));
#11736=CARTESIAN_POINT('',(0.158,-0.09,0.067500000000002));
#11737=CARTESIAN_POINT('',(-0.142,-0.09,0.067500000000002));
#11738=CARTESIAN_POINT('',(-0.142,-0.0699999999999994,0.067500000000002));
#11739=CARTESIAN_POINT('',(0.158,-0.0699999999999994,0.067500000000002));
#11740=CARTESIAN_POINT('',(-0.158,-0.0699999999999994,0.067500000000002));
#11741=CARTESIAN_POINT('',(-0.158,-0.09,0.067500000000002));
#11742=CARTESIAN_POINT('',(0.158,-0.0699999999999994,0.0355000000000021));
#11743=CARTESIAN_POINT('',(-0.142,-0.0699999999999994,0.0355000000000021));
#11744=CARTESIAN_POINT('',(-0.142,-0.0392916949344305,0.0444999999999992));
#11745=CARTESIAN_POINT('',(0.158,-0.0392916949344305,0.0444999999999992));
#11746=CARTESIAN_POINT('',(-0.158,-0.0392916949344305,0.0444999999999992));
#11747=CARTESIAN_POINT('',(-0.158,-0.0699999999999994,0.0355000000000021));
#11748=CARTESIAN_POINT('',(0.158,-0.023937542401649,0.0489999999999968));
#11749=CARTESIAN_POINT('',(-0.142,-0.023937542401649,0.0489999999999968));
#11750=CARTESIAN_POINT('',(-0.142,-0.023937542401649,0.033));
#11751=CARTESIAN_POINT('',(0.158,-0.023937542401649,0.033));
#11752=CARTESIAN_POINT('',(-0.158,-0.023937542401649,0.033));
#11753=CARTESIAN_POINT('',(-0.158,-0.023937542401649,0.0489999999999968));
#11754=CARTESIAN_POINT('',(0.158,-0.023937542401649,0.033));
#11755=CARTESIAN_POINT('',(-0.142,-0.023937542401649,0.033));
#11756=CARTESIAN_POINT('',(-0.142,-8.16947196629039E-19,0.033));
#11757=CARTESIAN_POINT('',(0.158,0.,0.033));
#11758=CARTESIAN_POINT('',(-0.158,0.,0.033));
#11759=CARTESIAN_POINT('',(-0.158,-0.023937542401649,0.033));
#11760=CARTESIAN_POINT('',(0.158,0.,0.033));
#11761=CARTESIAN_POINT('',(0.142,0.,0.033));
#11762=CARTESIAN_POINT('',(0.158,0.,0.033));
#11763=CARTESIAN_POINT('',(-0.158,0.,0.033));
#11764=CARTESIAN_POINT('',(-0.142,0.,0.033));
#11765=CARTESIAN_POINT('',(-0.108,0.,0.033));
#11766=CARTESIAN_POINT('',(-0.092,0.,0.033));
#11767=CARTESIAN_POINT('',(-0.058,0.,0.033));
#11768=CARTESIAN_POINT('',(-0.042,0.,0.033));
#11769=CARTESIAN_POINT('',(-0.00799999999999999,0.,0.033));
#11770=CARTESIAN_POINT('',(0.00799999999999999,0.,0.033));
#11771=CARTESIAN_POINT('',(0.042,0.,0.033));
#11772=CARTESIAN_POINT('',(0.058,0.,0.033));
#11773=CARTESIAN_POINT('',(0.092,0.,0.033));
#11774=CARTESIAN_POINT('',(0.108,0.,0.033));
#11775=CARTESIAN_POINT('',(0.158,-0.0999999999999936,-0.00099999999998838));
#11776=CARTESIAN_POINT('',(-0.158,-0.0999999999999936,-0.00099999999998838));
#11777=CARTESIAN_POINT('',(-0.142,-0.44609430648634,0.5));
#11778=CARTESIAN_POINT('',(-0.108,0.01,0.5));
#11779=CARTESIAN_POINT('',(-0.092,-0.44445605508514,0.5));
#11780=CARTESIAN_POINT('',(-0.058,0.01,0.5));
#11781=CARTESIAN_POINT('',(-0.042,-0.44445605508514,0.5));
#11782=CARTESIAN_POINT('',(-0.008,0.01,0.5));
#11783=CARTESIAN_POINT('',(0.00799999999999998,-0.44445605508514,0.5));
#11784=CARTESIAN_POINT('',(0.042,0.01,0.5));
#11785=CARTESIAN_POINT('',(0.058,-0.44445605508514,0.5));
#11786=CARTESIAN_POINT('',(0.092,0.01,0.5));
#11787=CARTESIAN_POINT('',(0.108,-0.44445605508514,0.5));
#11788=CARTESIAN_POINT('',(0.142,0.01,0.5));
#11789=CARTESIAN_POINT('',(-0.142,-0.44609430648634,0.5));
#11790=CARTESIAN_POINT('',(-0.108,0.01,0.5));
#11791=CARTESIAN_POINT('',(-0.092,-0.44445605508514,0.5));
#11792=CARTESIAN_POINT('',(-0.058,0.01,0.5));
#11793=CARTESIAN_POINT('',(-0.042,-0.44445605508514,0.5));
#11794=CARTESIAN_POINT('',(-0.008,0.01,0.5));
#11795=CARTESIAN_POINT('',(0.00799999999999998,-0.44445605508514,0.5));
#11796=CARTESIAN_POINT('',(0.042,0.01,0.5));
#11797=CARTESIAN_POINT('',(0.058,-0.44445605508514,0.5));
#11798=CARTESIAN_POINT('',(0.092,0.01,0.5));
#11799=CARTESIAN_POINT('',(0.142,0.01,0.5));
#11800=CARTESIAN_POINT('',(0.108,-0.44445605508514,0.5));
#11801=CARTESIAN_POINT('',(0.,0.,0.));
#11802=MECHANICAL_DESIGN_GEOMETRIC_PRESENTATION_REPRESENTATION('',(#7297,
#7298,#7299),#11803);
#11803=(
GEOMETRIC_REPRESENTATION_CONTEXT(3)
GLOBAL_UNCERTAINTY_ASSIGNED_CONTEXT((#11807))
GLOBAL_UNIT_ASSIGNED_CONTEXT((#11813,#11812,#11811))
REPRESENTATION_CONTEXT('FTSH-107-01-L-DH-A','TOP_LEVEL_ASSEMBLY_PART')
);
#11804=(
GEOMETRIC_REPRESENTATION_CONTEXT(3)
GLOBAL_UNCERTAINTY_ASSIGNED_CONTEXT((#11808))
GLOBAL_UNIT_ASSIGNED_CONTEXT((#11813,#11812,#11811))
REPRESENTATION_CONTEXT('FTSH-107-01-L-DH-A_body','COMPONENT_PART')
);
#11805=(
GEOMETRIC_REPRESENTATION_CONTEXT(3)
GLOBAL_UNCERTAINTY_ASSIGNED_CONTEXT((#11809))
GLOBAL_UNIT_ASSIGNED_CONTEXT((#11813,#11812,#11811))
REPRESENTATION_CONTEXT('FTSH-107-01-L-DH-A_pins1','COMPONENT_PART')
);
#11806=(
GEOMETRIC_REPRESENTATION_CONTEXT(3)
GLOBAL_UNCERTAINTY_ASSIGNED_CONTEXT((#11810))
GLOBAL_UNIT_ASSIGNED_CONTEXT((#11813,#11812,#11811))
REPRESENTATION_CONTEXT('FTSH-107-01-L-DH-A_pins2','COMPONENT_PART')
);
#11807=UNCERTAINTY_MEASURE_WITH_UNIT(LENGTH_MEASURE(3.93700787401575E-7),
#11813,'DISTANCE_ACCURACY_VALUE','Maximum Tolerance applied to model');
#11808=UNCERTAINTY_MEASURE_WITH_UNIT(LENGTH_MEASURE(3.93700787401575E-7),
#11813,'DISTANCE_ACCURACY_VALUE','Maximum Tolerance applied to model');
#11809=UNCERTAINTY_MEASURE_WITH_UNIT(LENGTH_MEASURE(3.93700787401575E-7),
#11813,'DISTANCE_ACCURACY_VALUE','Maximum Tolerance applied to model');
#11810=UNCERTAINTY_MEASURE_WITH_UNIT(LENGTH_MEASURE(3.93700787401575E-7),
#11813,'DISTANCE_ACCURACY_VALUE','Maximum Tolerance applied to model');
#11811=(
NAMED_UNIT(*)
SI_UNIT($,.STERADIAN.)
SOLID_ANGLE_UNIT()
);
#11812=(
NAMED_UNIT(*)
PLANE_ANGLE_UNIT()
SI_UNIT($,.RADIAN.)
);
#11813=(
CONVERSION_BASED_UNIT('INCH',#11815)
LENGTH_UNIT()
NAMED_UNIT(#11814)
);
#11814=DIMENSIONAL_EXPONENTS(1.,0.,0.,0.,0.,0.,0.);
#11815=LENGTH_MEASURE_WITH_UNIT(LENGTH_MEASURE(25.4),#11816);
#11816=(
LENGTH_UNIT()
NAMED_UNIT(*)
SI_UNIT(.MILLI.,.METRE.)
);
#11817=PRODUCT_DEFINITION_SHAPE('','',#11824);
#11818=PRODUCT_DEFINITION_SHAPE('','',#11825);
#11819=PRODUCT_DEFINITION_SHAPE(' ','NAUO PRDDFN',#21);
#11820=PRODUCT_DEFINITION_SHAPE('','',#11826);
#11821=PRODUCT_DEFINITION_SHAPE(' ','NAUO PRDDFN',#22);
#11822=PRODUCT_DEFINITION_SHAPE('','',#11827);
#11823=PRODUCT_DEFINITION_SHAPE(' ','NAUO PRDDFN',#23);
#11824=PRODUCT_DEFINITION('','',#11832,#11828);
#11825=PRODUCT_DEFINITION('','',#11833,#11829);
#11826=PRODUCT_DEFINITION('','',#11834,#11830);
#11827=PRODUCT_DEFINITION('','',#11835,#11831);
#11828=PRODUCT_DEFINITION_CONTEXT('',#11853,'design');
#11829=PRODUCT_DEFINITION_CONTEXT('',#11853,'design');
#11830=PRODUCT_DEFINITION_CONTEXT('',#11853,'design');
#11831=PRODUCT_DEFINITION_CONTEXT('',#11853,'design');
#11832=PRODUCT_DEFINITION_FORMATION_WITH_SPECIFIED_SOURCE('','',#11840,
 .NOT_KNOWN.);
#11833=PRODUCT_DEFINITION_FORMATION_WITH_SPECIFIED_SOURCE('','',#11841,
 .NOT_KNOWN.);
#11834=PRODUCT_DEFINITION_FORMATION_WITH_SPECIFIED_SOURCE('','',#11842,
 .NOT_KNOWN.);
#11835=PRODUCT_DEFINITION_FORMATION_WITH_SPECIFIED_SOURCE('','',#11843,
 .NOT_KNOWN.);
#11836=PRODUCT_RELATED_PRODUCT_CATEGORY('','',(#11840));
#11837=PRODUCT_RELATED_PRODUCT_CATEGORY('','',(#11841));
#11838=PRODUCT_RELATED_PRODUCT_CATEGORY('','',(#11842));
#11839=PRODUCT_RELATED_PRODUCT_CATEGORY('','',(#11843));
#11840=PRODUCT('FTSH-107-01-L-DH-A','FTSH-107-01-L-DH-A',
'FTSH-107-01-L-DH-A',(#11848));
#11841=PRODUCT('FTSH-107-01-L-DH-A_body','FTSH-107-01-L-DH-A_body',
'FTSH-107-01-L-DH-A_body',(#11849));
#11842=PRODUCT('FTSH-107-01-L-DH-A_pins1','FTSH-107-01-L-DH-A_pins1',
'FTSH-107-01-L-DH-A_pins1',(#11850));
#11843=PRODUCT('FTSH-107-01-L-DH-A_pins2','FTSH-107-01-L-DH-A_pins2',
'FTSH-107-01-L-DH-A_pins2',(#11851));
#11844=PRODUCT_CATEGORY('','');
#11845=PRODUCT_CATEGORY('','');
#11846=PRODUCT_CATEGORY('','');
#11847=PRODUCT_CATEGORY('','');
#11848=PRODUCT_CONTEXT('',#11853,'mechanical');
#11849=PRODUCT_CONTEXT('',#11853,'mechanical');
#11850=PRODUCT_CONTEXT('',#11853,'mechanical');
#11851=PRODUCT_CONTEXT('',#11853,'mechanical');
#11852=APPLICATION_PROTOCOL_DEFINITION('international standard',
'automotive_design',2010,#11853);
#11853=APPLICATION_CONTEXT(
'core data for automotive mechanical design processes');
ENDSEC;
END-ISO-10303-21;
