ISO-10303-21;
HEADER;
FILE_DESCRIPTION (( 'STEP AP214' ),
    '1' );
FILE_NAME ('APFA2507LSURKSYKZGKC.STEP',
    '2024-01-31T15:08:33',
    ( '' ),
    ( '' ),
    'SwSTEP 2.0',
    'SolidWorks 2024',
    '' );
FILE_SCHEMA (( 'AUTOMOTIVE_DESIGN' ));
ENDSEC;

DATA;
#1 = DIRECTION ( 'NONE',  ( 1.000000000000000000, 0.000000000000000000, 0.000000000000000000 ) ) ;
#2 = VECTOR ( 'NONE', #1530, 1000.000000000000000 ) ;
#3 = PRODUCT_DEFINITION_SHAPE ( 'NONE', 'NONE',  #998 ) ;
#4 = DIRECTION ( 'NONE',  ( 0.000000000000000000, 0.000000000000000000, -1.000000000000000000 ) ) ;
#5 = ORIENTED_EDGE ( 'NONE', *, *, #2913, .T. ) ;
#6 = MECHANICAL_DESIGN_GEOMETRIC_PRESENTATION_REPRESENTATION (  '', ( #1543 ), #779 ) ;
#7 = VERTEX_POINT ( 'NONE', #407 ) ;
#8 = DIRECTION ( 'NONE',  ( 0.000000000000000000, -1.000000000000000000, 0.000000000000000000 ) ) ;
#9 = DIRECTION ( 'NONE',  ( 0.000000000000000000, 0.000000000000000000, 1.000000000000000000 ) ) ;
#10 = EDGE_CURVE ( 'NONE', #2625, #1739, #1370, .T. ) ;
#11 = ORIENTED_EDGE ( 'NONE', *, *, #1352, .T. ) ;
#12 = DIRECTION ( 'NONE',  ( -1.000000000000000000, 0.000000000000000000, 0.000000000000000000 ) ) ;
#13 = DIRECTION ( 'NONE',  ( 0.000000000000000000, 1.000000000000000000, 0.000000000000000000 ) ) ;
#14 = CARTESIAN_POINT ( 'NONE',  ( 0.000000000000000000, 0.000000000000000000, 0.000000000000000000 ) ) ;
#15 = PLANE ( 'NONE',  #2399 ) ;
#16 = EDGE_CURVE ( 'NONE', #2082, #2074, #2274, .T. ) ;
#17 = PLANE ( 'NONE',  #2994 ) ;
#18 = CARTESIAN_POINT ( 'NONE',  ( 2.249999902331639934, -0.4649999999999749889, 0.7000000000007301493 ) ) ;
#19 = EDGE_CURVE ( 'NONE', #2817, #1561, #2010, .T. ) ;
#20 = SURFACE_STYLE_FILL_AREA ( #2448 ) ;
#21 = ORIENTED_EDGE ( 'NONE', *, *, #1241, .F. ) ;
#22 = EDGE_LOOP ( 'NONE', ( #2303, #2606, #2615, #1674 ) ) ;
#23 = DIRECTION ( 'NONE',  ( -0.000000000000000000, 0.000000000000000000, 1.000000000000000000 ) ) ;
#24 =( NAMED_UNIT ( * ) SI_UNIT ( $, .STERADIAN. ) SOLID_ANGLE_UNIT ( ) );
#25 = ORIENTED_EDGE ( 'NONE', *, *, #472, .F. ) ;
#26 = FACE_OUTER_BOUND ( 'NONE', #3121, .T. ) ;
#27 = DIRECTION ( 'NONE',  ( 0.000000000000000000, -1.000000000000000000, 0.000000000000000000 ) ) ;
#28 = DIRECTION ( 'NONE',  ( 1.000000000000000000, 0.000000000000000000, 0.000000000000000000 ) ) ;
#29 = PRODUCT ( 'APFA2507', 'APFA2507', '', ( #1291 ) ) ;
#30 = CARTESIAN_POINT ( 'NONE',  ( 2.299999999999959854, 7.882583474831439804E-17, 4.575854394245805564E-13 ) ) ;
#31 = CARTESIAN_POINT ( 'NONE',  ( 0.2000000000000520806, -0.03500000000002053552, 0.7000000000007303713 ) ) ;
#32 = LINE ( 'NONE', #521, #730 ) ;
#33 = EDGE_CURVE ( 'NONE', #1744, #156, #1828, .T. ) ;
#34 = DIRECTION ( 'NONE',  ( 0.000000000000000000, 0.000000000000000000, -1.000000000000000000 ) ) ;
#35 = EDGE_CURVE ( 'NONE', #957, #525, #1054, .T. ) ;
#36 = ORIENTED_EDGE ( 'NONE', *, *, #2770, .F. ) ;
#37 = VECTOR ( 'NONE', #2200, 1000.000000000000000 ) ;
#38 = ORIENTED_EDGE ( 'NONE', *, *, #1041, .T. ) ;
#39 = DIRECTION ( 'NONE',  ( -1.000000000000000000, -0.000000000000000000, 0.000000000000000000 ) ) ;
#40 = DIRECTION ( 'NONE',  ( -1.136912612664799927E-12, 1.192622389729869970E-16, 1.000000000000000000 ) ) ;
#41 = AXIS2_PLACEMENT_3D ( 'NONE', #1334, #116, #180 ) ;
#42 = VERTEX_POINT ( 'NONE', #1341 ) ;
#43 = PRESENTATION_LAYER_ASSIGNMENT (  '', '', ( #1218 ) ) ;
#44 = PLANE ( 'NONE',  #2419 ) ;
#45 = DIRECTION ( 'NONE',  ( 0.000000000000000000, 0.000000000000000000, 1.000000000000000000 ) ) ;
#46 = CARTESIAN_POINT ( 'NONE',  ( 0.03500000000008791218, -0.03499999999996820238, 4.576145612854880411E-13 ) ) ;
#47 = PLANE ( 'NONE',  #2601 ) ;
#48 = AXIS2_PLACEMENT_3D ( 'NONE', #678, #2121, #1631 ) ;
#49 = LINE ( 'NONE', #520, #1327 ) ;
#50 = PLANE ( 'NONE',  #475 ) ;
#51 = LINE ( 'NONE', #67, #2404 ) ;
#52 = VECTOR ( 'NONE', #1349, 1000.000000000000000 ) ;
#53 = VERTEX_POINT ( 'NONE', #2327 ) ;
#54 = EDGE_CURVE ( 'NONE', #243, #2817, #1215, .T. ) ;
#55 = AXIS2_PLACEMENT_3D ( 'NONE', #560, #1993, #1740 ) ;
#56 = ORIENTED_EDGE ( 'NONE', *, *, #1258, .T. ) ;
#57 = CARTESIAN_POINT ( 'NONE',  ( 0.6499999990380790349, -0.4649999999999749889, 4.575229084480270103E-13 ) ) ;
#58 = FILL_AREA_STYLE ('',( #512 ) ) ;
#59 = AXIS2_PLACEMENT_3D ( 'NONE', #2992, #289, #66 ) ;
#60 = ADVANCED_FACE ( 'NONE', ( #1389 ), #1663, .T. ) ;
#61 = VERTEX_POINT ( 'NONE', #3131 ) ;
#62 = DIRECTION ( 'NONE',  ( 1.000000000000000000, 0.000000000000000000, 0.000000000000000000 ) ) ;
#63 = CARTESIAN_POINT ( 'NONE',  ( 0.1499999999995509925, -0.03499999999996809830, 0.2251740997246799991 ) ) ;
#64 = DIRECTION ( 'NONE',  ( -1.000000000000000000, 0.000000000000000000, -0.000000000000000000 ) ) ;
#65 = LINE ( 'NONE', #2699, #1085 ) ;
#66 = DIRECTION ( 'NONE',  ( 0.000000000000000000, 0.000000000000000000, -1.000000000000000000 ) ) ;
#67 = CARTESIAN_POINT ( 'NONE',  ( 2.464999999999919922, -0.03499999999996809830, 4.575229084480270103E-13 ) ) ;
#68 = DIRECTION ( 'NONE',  ( -1.000000000000000000, -6.776263578034403945E-17, 0.000000000000000000 ) ) ;
#69 = VERTEX_POINT ( 'NONE', #424 ) ;
#70 = DIRECTION ( 'NONE',  ( 0.000000000000000000, 1.000000000000000000, 0.000000000000000000 ) ) ;
#71 = DIRECTION ( 'NONE',  ( 0.000000000000000000, -1.000000000000000000, 0.000000000000000000 ) ) ;
#72 = EDGE_CURVE ( 'NONE', #156, #849, #172, .T. ) ;
#73 = VERTEX_POINT ( 'NONE', #2653 ) ;
#74 = PLANE ( 'NONE',  #1260 ) ;
#75 = DIRECTION ( 'NONE',  ( 1.000000000000000000, 0.000000000000000000, 0.000000000000000000 ) ) ;
#76 = ITEM_DEFINED_TRANSFORMATION ( 'NONE', 'NONE', #2506,  #2777 ) ;
#77 = LINE ( 'NONE', #1749, #2815 ) ;
#78 = EDGE_CURVE ( 'NONE', #2323, #3045, #2446, .T. ) ;
#79 = ORIENTED_EDGE ( 'NONE', *, *, #984, .F. ) ;
#80 = CARTESIAN_POINT ( 'NONE',  ( 1.449999999038259935, -0.5000000000000000000, 0.02000000161661140072 ) ) ;
#81 = LINE ( 'NONE', #1555, #2365 ) ;
#82 = ORIENTED_EDGE ( 'NONE', *, *, #250, .T. ) ;
#83 = VECTOR ( 'NONE', #165, 1000.000000000000000 ) ;
#84 = SURFACE_STYLE_FILL_AREA ( #1043 ) ;
#85 = VECTOR ( 'NONE', #976, 1000.000000000000000 ) ;
#86 = ORIENTED_EDGE ( 'NONE', *, *, #1870, .F. ) ;
#87 = EDGE_CURVE ( 'NONE', #2138, #1237, #1937, .T. ) ;
#88 = FACE_OUTER_BOUND ( 'NONE', #1901, .T. ) ;
#89 = DIRECTION ( 'NONE',  ( 1.000000000000000000, 0.000000000000000000, 0.000000000000000000 ) ) ;
#90 =( GEOMETRIC_REPRESENTATION_CONTEXT ( 3 ) GLOBAL_UNCERTAINTY_ASSIGNED_CONTEXT ( ( #201 ) ) GLOBAL_UNIT_ASSIGNED_CONTEXT ( ( #528, #266, #24 ) ) REPRESENTATION_CONTEXT ( 'NONE', 'WORKASPACE' ) );
#91 = APPLICATION_PROTOCOL_DEFINITION ( 'draft international standard', 'automotive_design', 1998, #2563 ) ;
#92 = DIRECTION ( 'NONE',  ( 0.000000000000000000, -0.000000000000000000, -1.000000000000000000 ) ) ;
#93 = AXIS2_PLACEMENT_3D ( 'NONE', #2226, #2500, #2748 ) ;
#94 = ORIENTED_EDGE ( 'NONE', *, *, #2571, .F. ) ;
#95 = EDGE_CURVE ( 'NONE', #526, #1069, #3152, .T. ) ;
#96 = LINE ( 'NONE', #2052, #2363 ) ;
#97 = DIRECTION ( 'NONE',  ( 1.000000000000000000, 0.000000000000000000, -0.000000000000000000 ) ) ;
#98 = AXIS2_PLACEMENT_3D ( 'NONE', #1897, #3106, #901 ) ;
#99 = EDGE_LOOP ( 'NONE', ( #598, #2405, #1003, #1281 ) ) ;
#100 = VECTOR ( 'NONE', #2972, 1000.000000000000000 ) ;
#101 = FILL_AREA_STYLE_COLOUR ( '', #3155 ) ;
#102 = ORIENTED_EDGE ( 'NONE', *, *, #2087, .F. ) ;
#103 = ORIENTED_EDGE ( 'NONE', *, *, #1150, .T. ) ;
#104 = VECTOR ( 'NONE', #1877, 1000.000000000000000 ) ;
#105 = CARTESIAN_POINT ( 'NONE',  ( 1.499999999038330367, -0.4649999999999749889, 4.575229084480270103E-13 ) ) ;
#106 = SHAPE_DEFINITION_REPRESENTATION ( #1392, #1168 ) ;
#107 = PLANE ( 'NONE',  #1211 ) ;
#108 = ORIENTED_EDGE ( 'NONE', *, *, #1441, .F. ) ;
#109 = FACE_OUTER_BOUND ( 'NONE', #2854, .T. ) ;
#110 = DIRECTION ( 'NONE',  ( 1.000000000000000000, 0.000000000000000000, 0.000000000000000000 ) ) ;
#111 = PRODUCT_DEFINITION_CONTEXT ( 'detailed design', #1783, 'design' ) ;
#112 = ORIENTED_EDGE ( 'NONE', *, *, #1738, .T. ) ;
#113 = EDGE_CURVE ( 'NONE', #2466, #2225, #443, .T. ) ;
#114 = FILL_AREA_STYLE ('',( #101 ) ) ;
#115 = ORIENTED_EDGE ( 'NONE', *, *, #705, .F. ) ;
#116 = DIRECTION ( 'NONE',  ( 0.000000000000000000, 1.000000000000000000, 0.000000000000000000 ) ) ;
#117 = CARTESIAN_POINT ( 'NONE',  ( 2.350000000000159961, 0.000000000000000000, 4.576301044078330316E-13 ) ) ;
#118 = VERTEX_POINT ( 'NONE', #1452 ) ;
#119 = DIRECTION ( 'NONE',  ( 0.000000000000000000, -1.000000000000000000, 0.000000000000000000 ) ) ;
#120 = DIRECTION ( 'NONE',  ( 1.000000000000000000, 0.000000000000000000, 0.000000000000000000 ) ) ;
#121 = ORIENTED_EDGE ( 'NONE', *, *, #314, .F. ) ;
#122 = EDGE_CURVE ( 'NONE', #73, #3175, #2202, .T. ) ;
#123 = FACE_OUTER_BOUND ( 'NONE', #808, .T. ) ;
#124 = ORIENTED_EDGE ( 'NONE', *, *, #1305, .F. ) ;
#125 = EDGE_CURVE ( 'NONE', #2125, #69, #2905, .T. ) ;
#126 = DIRECTION ( 'NONE',  ( 0.000000000000000000, -1.000000000000000000, 0.000000000000000000 ) ) ;
#127 = FILL_AREA_STYLE ('',( #858 ) ) ;
#128 = VERTEX_POINT ( 'NONE', #3192 ) ;
#129 = ORIENTED_EDGE ( 'NONE', *, *, #454, .T. ) ;
#130 = CARTESIAN_POINT ( 'NONE',  ( 0.1500000000000152878, 0.000000000000000000, 0.7000000000007301493 ) ) ;
#131 = LINE ( 'NONE', #2129, #2865 ) ;
#132 = VECTOR ( 'NONE', #818, 1000.000000000000000 ) ;
#133 = ORIENTED_EDGE ( 'NONE', *, *, #2289, .T. ) ;
#134 =( GEOMETRIC_REPRESENTATION_CONTEXT ( 3 ) GLOBAL_UNCERTAINTY_ASSIGNED_CONTEXT ( ( #465 ) ) GLOBAL_UNIT_ASSIGNED_CONTEXT ( ( #3046, #949, #2411 ) ) REPRESENTATION_CONTEXT ( 'NONE', 'WORKASPACE' ) );
#135 = PLANE ( 'NONE',  #468 ) ;
#136 =( REPRESENTATION_RELATIONSHIP ('NONE','NONE', #2823, #178 ) REPRESENTATION_RELATIONSHIP_WITH_TRANSFORMATION ( #3065 )SHAPE_REPRESENTATION_RELATIONSHIP( ) );
#137 = PLANE ( 'NONE',  #1520 ) ;
#138 = VECTOR ( 'NONE', #2847, 1000.000000000000000 ) ;
#139 = ORIENTED_EDGE ( 'NONE', *, *, #513, .F. ) ;
#140 = DIRECTION ( 'NONE',  ( 1.000000000000000000, 0.000000000000000000, 0.000000000000000000 ) ) ;
#141 = VECTOR ( 'NONE', #874, 1000.000000000000000 ) ;
#142 = ORIENTED_EDGE ( 'NONE', *, *, #1717, .F. ) ;
#143 = EDGE_CURVE ( 'NONE', #2127, #1337, #1438, .T. ) ;
#144 = CARTESIAN_POINT ( 'NONE',  ( 0.1499999999995509647, 2.032879073410320506E-17, 0.3251740997246799769 ) ) ;
#145 = ORIENTED_EDGE ( 'NONE', *, *, #2254, .F. ) ;
#146 = EDGE_CURVE ( 'NONE', #1582, #903, #2136, .T. ) ;
#147 = ORIENTED_EDGE ( 'NONE', *, *, #54, .F. ) ;
#148 = CARTESIAN_POINT ( 'NONE',  ( 0.4500001298220068224, -0.5000000000000000000, 0.5200000000005527978 ) ) ;
#149 = LINE ( 'NONE', #651, #1408 ) ;
#150 = EDGE_CURVE ( 'NONE', #1651, #623, #2891, .T. ) ;
#151 = ORIENTED_EDGE ( 'NONE', *, *, #226, .T. ) ;
#152 = VECTOR ( 'NONE', #1597, 1000.000000000000000 ) ;
#153 = DIRECTION ( 'NONE',  ( -0.000000000000000000, 1.000000000000000000, 0.000000000000000000 ) ) ;
#154 = DIRECTION ( 'NONE',  ( 0.000000000000000000, -1.000000000000000000, -0.000000000000000000 ) ) ;
#155 = VECTOR ( 'NONE', #2700, 1000.000000000000000 ) ;
#156 = VERTEX_POINT ( 'NONE', #1649 ) ;
#157 = DIRECTION ( 'NONE',  ( 0.000000000000000000, 1.000000000000000000, -0.000000000000000000 ) ) ;
#158 = ORIENTED_EDGE ( 'NONE', *, *, #170, .F. ) ;
#159 = SHAPE_REPRESENTATION ( 'APFA2507_5', ( #2777 ), #1879 ) ;
#160 = LINE ( 'NONE', #2330, #2930 ) ;
#161 = UNCERTAINTY_MEASURE_WITH_UNIT (LENGTH_MEASURE( 1.000000000000000082E-05 ), #967, 'distance_accuracy_value', 'NONE');
#162 = ORIENTED_EDGE ( 'NONE', *, *, #2189, .T. ) ;
#163 = EDGE_CURVE ( 'NONE', #2977, #2466, #2638, .T. ) ;
#164 = LINE ( 'NONE', #1882, #1880 ) ;
#165 = DIRECTION ( 'NONE',  ( -1.000000000000000000, -0.000000000000000000, -0.000000000000000000 ) ) ;
#166 = PRODUCT_DEFINITION_SHAPE ( 'NONE', 'NONE',  #1277 ) ;
#167 = ORIENTED_EDGE ( 'NONE', *, *, #3018, .F. ) ;
#168 = FACE_OUTER_BOUND ( 'NONE', #1703, .T. ) ;
#169 =( NAMED_UNIT ( * ) PLANE_ANGLE_UNIT ( ) SI_UNIT ( $, .RADIAN. ) );
#170 = EDGE_CURVE ( 'NONE', #2468, #2306, #455, .T. ) ;
#171 = LINE ( 'NONE', #2080, #1111 ) ;
#172 = LINE ( 'NONE', #2379, #2465 ) ;
#173 = PLANE ( 'NONE',  #48 ) ;
#174 = VERTEX_POINT ( 'NONE', #1425 ) ;
#175 = LINE ( 'NONE', #632, #3136 ) ;
#176 = CARTESIAN_POINT ( 'NONE',  ( 2.049999999038170095, -0.4649999999999749889, 4.575229084480270103E-13 ) ) ;
#177 = ORIENTED_EDGE ( 'NONE', *, *, #1767, .T. ) ;
#178 = SHAPE_REPRESENTATION ( 'APFA2507_3', ( #2777 ), #2084 ) ;
#179 = ORIENTED_EDGE ( 'NONE', *, *, #3135, .F. ) ;
#180 = DIRECTION ( 'NONE',  ( 0.000000000000000000, 0.000000000000000000, 1.000000000000000000 ) ) ;
#181 = PLANE ( 'NONE',  #1667 ) ;
#182 = VERTEX_POINT ( 'NONE', #2414 ) ;
#183 = CARTESIAN_POINT ( 'NONE',  ( 1.449999999038259935, -0.5000000000000000000, 0.02000000161661140072 ) ) ;
#184 = DIRECTION ( 'NONE',  ( -1.000000000000000000, 0.000000000000000000, -0.000000000000000000 ) ) ;
#185 = VECTOR ( 'NONE', #2461, 1000.000000000000000 ) ;
#186 = CARTESIAN_POINT ( 'NONE',  ( 1.299999999038170095, -0.4649999999999749889, 0.3699999983844040052 ) ) ;
#187 = ADVANCED_FACE ( 'NONE', ( #474 ), #209, .T. ) ;
#188 = COLOUR_RGB ( '',0.6470588235294117974, 0.6196078431372549211, 0.5882352941176470784 ) ;
#189 = CARTESIAN_POINT ( 'NONE',  ( 0.3628221509515813792, -0.5000000000000000000, 0.7000000000007432499 ) ) ;
#190 =( LENGTH_UNIT ( ) NAMED_UNIT ( * ) SI_UNIT ( .MILLI., .METRE. ) );
#191 = AXIS2_PLACEMENT_3D ( 'NONE', #534, #739, #1504 ) ;
#192 = ORIENTED_EDGE ( 'NONE', *, *, #2689, .F. ) ;
#193 = AXIS2_PLACEMENT_3D ( 'NONE', #148, #624, #2860 ) ;
#194 = EDGE_CURVE ( 'NONE', #525, #182, #1684, .T. ) ;
#195 = CARTESIAN_POINT ( 'NONE',  ( 2.249999902331639934, -0.5000000000000000000, 0.4699999983844135309 ) ) ;
#196 = PRODUCT_DEFINITION_SHAPE ( 'NONE', 'NONE',  #244 ) ;
#197 = EDGE_LOOP ( 'NONE', ( #2908, #416, #1553, #2783 ) ) ;
#198 = EDGE_LOOP ( 'NONE', ( #635, #102, #2952, #3058 ) ) ;
#199 = DIRECTION ( 'NONE',  ( -0.000000000000000000, -1.000000000000000000, 0.000000000000000000 ) ) ;
#200 =( NAMED_UNIT ( * ) SI_UNIT ( $, .STERADIAN. ) SOLID_ANGLE_UNIT ( ) );
#201 = UNCERTAINTY_MEASURE_WITH_UNIT (LENGTH_MEASURE( 1.000000000000000082E-05 ), #528, 'distance_accuracy_value', 'NONE');
#202 = VERTEX_POINT ( 'NONE', #966 ) ;
#203 = CARTESIAN_POINT ( 'NONE',  ( 0.03500000000008809953, -0.4649999999999749889, 4.575229084480270103E-13 ) ) ;
#204 = PRODUCT_DEFINITION_CONTEXT ( 'detailed design', #2505, 'design' ) ;
#205 = VECTOR ( 'NONE', #3022, 1000.000000000000000 ) ;
#206 = FACE_OUTER_BOUND ( 'NONE', #22, .T. ) ;
#207 = PLANE ( 'NONE',  #453 ) ;
#208 = VECTOR ( 'NONE', #1906, 1000.000000000000000 ) ;
#209 = CYLINDRICAL_SURFACE ( 'NONE', #2621, 0.1000000000000000194 ) ;
#210 = EDGE_CURVE ( 'NONE', #957, #854, #2940, .T. ) ;
#211 =( GEOMETRIC_REPRESENTATION_CONTEXT ( 3 ) GLOBAL_UNCERTAINTY_ASSIGNED_CONTEXT ( ( #2167 ) ) GLOBAL_UNIT_ASSIGNED_CONTEXT ( ( #3091, #2091, #875 ) ) REPRESENTATION_CONTEXT ( 'NONE', 'WORKASPACE' ) );
#212 = DIRECTION ( 'NONE',  ( -1.000000000000000000, 0.000000000000000000, -0.000000000000000000 ) ) ;
#213 = ADVANCED_FACE ( 'NONE', ( #2773 ), #2753, .T. ) ;
#214 = VERTEX_POINT ( 'NONE', #2525 ) ;
#215 = ORIENTED_EDGE ( 'NONE', *, *, #2027, .F. ) ;
#216 = CARTESIAN_POINT ( 'NONE',  ( 1.499999999038440057, -0.5000000000000000000, 0.4699999983842559903 ) ) ;
#217 = DIRECTION ( 'NONE',  ( 0.000000000000000000, 0.000000000000000000, -1.000000000000000000 ) ) ;
#218 = ORIENTED_EDGE ( 'NONE', *, *, #2289, .F. ) ;
#219 = PLANE ( 'NONE',  #622 ) ;
#220 = FACE_OUTER_BOUND ( 'NONE', #1358, .T. ) ;
#221 = DIRECTION ( 'NONE',  ( 1.000000000000000000, 0.000000000000000000, 0.000000000000000000 ) ) ;
#222 = PRODUCT_DEFINITION_SHAPE ( 'NONE', 'NONE',  #3153 ) ;
#223 = CARTESIAN_POINT ( 'NONE',  ( 1.199999999038259935, -0.5000000000000000000, 0.3699999983844040052 ) ) ;
#224 = CARTESIAN_POINT ( 'NONE',  ( 0.000000000000000000, 0.000000000000000000, 0.000000000000000000 ) ) ;
#225 = ADVANCED_BREP_SHAPE_REPRESENTATION ( '', ( #3079, #2777 ), #2664 ) ;
#226 = EDGE_CURVE ( 'NONE', #3122, #2468, #65, .T. ) ;
#227 = FACE_OUTER_BOUND ( 'NONE', #1627, .T. ) ;
#228 = EDGE_LOOP ( 'NONE', ( #841, #1123, #2802, #1940 ) ) ;
#229 = ADVANCED_FACE ( 'NONE', ( #1521 ), #17, .T. ) ;
#230 = ORIENTED_EDGE ( 'NONE', *, *, #2513, .F. ) ;
#231 = DIRECTION ( 'NONE',  ( 0.000000000000000000, -0.000000000000000000, 1.000000000000000000 ) ) ;
#232 = DIRECTION ( 'NONE',  ( 1.000000000000000000, 0.000000000000000000, -0.000000000000000000 ) ) ;
#233 = ORIENTED_EDGE ( 'NONE', *, *, #1560, .T. ) ;
#234 = LINE ( 'NONE', #2666, #2944 ) ;
#235 = DIRECTION ( 'NONE',  ( 0.000000000000000000, 0.000000000000000000, -1.000000000000000000 ) ) ;
#236 = DIRECTION ( 'NONE',  ( 0.000000000000000000, 0.000000000000000000, 1.000000000000000000 ) ) ;
#237 = LINE ( 'NONE', #471, #2241 ) ;
#238 = DIRECTION ( 'NONE',  ( 5.433715653719760632E-17, -1.000000000000000000, 5.995260729771898439E-17 ) ) ;
#239 = LINE ( 'NONE', #2858, #1950 ) ;
#240 = AXIS2_PLACEMENT_3D ( 'NONE', #1139, #2119, #869 ) ;
#241 = AXIS2_PLACEMENT_3D ( 'NONE', #2460, #1964, #355 ) ;
#242 = VECTOR ( 'NONE', #2784, 1000.000000000000000 ) ;
#243 = VERTEX_POINT ( 'NONE', #80 ) ;
#244 = PRODUCT_DEFINITION ( 'UNKNOWN', '', #2345, #2067 ) ;
#245 = VECTOR ( 'NONE', #2616, 1000.000000000000000 ) ;
#246 = ORIENTED_EDGE ( 'NONE', *, *, #770, .F. ) ;
#247 = PLANE ( 'NONE',  #1433 ) ;
#248 = PRESENTATION_LAYER_ASSIGNMENT (  '', '', ( #1626 ) ) ;
#249 = DIRECTION ( 'NONE',  ( -0.000000000000000000, -1.000000000000000000, -0.000000000000000000 ) ) ;
#250 = EDGE_CURVE ( 'NONE', #2294, #369, #1490, .T. ) ;
#251 = ORIENTED_EDGE ( 'NONE', *, *, #1850, .F. ) ;
#252 = DIRECTION ( 'NONE',  ( -0.000000000000000000, 0.000000000000000000, 1.000000000000000000 ) ) ;
#253 = LINE ( 'NONE', #1167, #1672 ) ;
#254 = CARTESIAN_POINT ( 'NONE',  ( 0.000000000000000000, 0.000000000000000000, 0.000000000000000000 ) ) ;
#255 = FACE_OUTER_BOUND ( 'NONE', #1381, .T. ) ;
#256 = EDGE_CURVE ( 'NONE', #118, #2074, #1036, .T. ) ;
#257 = CARTESIAN_POINT ( 'NONE',  ( 0.03500000000025667996, -0.4649999999999749889, 4.575333258547815769E-13 ) ) ;
#258 = CARTESIAN_POINT ( 'NONE',  ( 2.350000000000155076, 2.558138885905015072E-17, 0.5699999999998629496 ) ) ;
#259 = PRODUCT ( 'APFA2507_4', 'APFA2507_4', '', ( #372 ) ) ;
#260 = VECTOR ( 'NONE', #2441, 1000.000000000000000 ) ;
#261 = DIRECTION ( 'NONE',  ( -0.000000000000000000, -0.000000000000000000, 1.000000000000000000 ) ) ;
#262 = ORIENTED_EDGE ( 'NONE', *, *, #839, .F. ) ;
#263 = EDGE_LOOP ( 'NONE', ( #3070, #145, #1457, #121 ) ) ;
#264 = APPLICATION_CONTEXT ( 'automotive_design' ) ;
#265 = DIRECTION ( 'NONE',  ( -0.000000000000000000, 1.000000000000000000, 0.000000000000000000 ) ) ;
#266 =( NAMED_UNIT ( * ) PLANE_ANGLE_UNIT ( ) SI_UNIT ( $, .RADIAN. ) );
#267 = EDGE_LOOP ( 'NONE', ( #2368, #1315, #382, #845 ) ) ;
#268 = EDGE_CURVE ( 'NONE', #3141, #1099, #2462, .T. ) ;
#269 = DIRECTION ( 'NONE',  ( -0.000000000000000000, -1.000000000000000000, -0.000000000000000000 ) ) ;
#270 = LINE ( 'NONE', #2227, #1363 ) ;
#271 = APPLICATION_PROTOCOL_DEFINITION ( 'draft international standard', 'automotive_design', 1998, #2505 ) ;
#272 = LINE ( 'NONE', #1254, #132 ) ;
#273 = EDGE_CURVE ( 'NONE', #1125, #2810, #1766, .T. ) ;
#274 = CARTESIAN_POINT ( 'NONE',  ( 0.1499999999995509647, -0.03499999999996809830, 0.3251740997246799769 ) ) ;
#275 = DIRECTION ( 'NONE',  ( 0.000000000000000000, 0.000000000000000000, 1.000000000000000000 ) ) ;
#276 = DIRECTION ( 'NONE',  ( 0.000000000000000000, -0.000000000000000000, -1.000000000000000000 ) ) ;
#277 = DIRECTION ( 'NONE',  ( 0.000000000000000000, 0.000000000000000000, -1.000000000000000000 ) ) ;
#278 = VERTEX_POINT ( 'NONE', #1274 ) ;
#279 = VERTEX_POINT ( 'NONE', #2490 ) ;
#280 = SURFACE_STYLE_FILL_AREA ( #1722 ) ;
#281 = DIRECTION ( 'NONE',  ( 1.000000000000000000, 0.000000000000000000, 2.273780989880960023E-12 ) ) ;
#282 = CARTESIAN_POINT ( 'NONE',  ( 0.1509421479570519919, -0.03499999999996820238, 0.3388686953274590019 ) ) ;
#283 = EDGE_LOOP ( 'NONE', ( #1262, #1040, #1609, #82 ) ) ;
#284 = PLANE ( 'NONE',  #1116 ) ;
#285 = CARTESIAN_POINT ( 'NONE',  ( 0.1500000000003250122, 7.882583474832701981E-17, 4.575824617590303106E-13 ) ) ;
#286 = DIRECTION ( 'NONE',  ( 1.000000000000000000, 0.000000000000000000, 0.000000000000000000 ) ) ;
#287 = DIRECTION ( 'NONE',  ( -1.000000000000000000, 2.710505431215771497E-15, 0.000000000000000000 ) ) ;
#288 = LINE ( 'NONE', #1015, #3148 ) ;
#289 = DIRECTION ( 'NONE',  ( 1.000000000000000000, 0.000000000000000000, 0.000000000000000000 ) ) ;
#290 = EDGE_CURVE ( 'NONE', #1075, #359, #1481, .T. ) ;
#291 = DIRECTION ( 'NONE',  ( -1.000000000000000000, 0.000000000000000000, -0.000000000000000000 ) ) ;
#292 = SURFACE_STYLE_USAGE ( .BOTH. , #1802 ) ;
#293 = ORIENTED_EDGE ( 'NONE', *, *, #1756, .T. ) ;
#294 = AXIS2_PLACEMENT_3D ( 'NONE', #2583, #386, #1347 ) ;
#295 = EDGE_CURVE ( 'NONE', #61, #1577, #1294, .T. ) ;
#296 = VECTOR ( 'NONE', #1019, 1000.000000000000000 ) ;
#297 = STYLED_ITEM ( 'NONE', ( #2801 ), #1996 ) ;
#298 = DIRECTION ( 'NONE',  ( 0.000000000000000000, -1.000000000000000000, -0.000000000000000000 ) ) ;
#299 =( NAMED_UNIT ( * ) PLANE_ANGLE_UNIT ( ) SI_UNIT ( $, .RADIAN. ) );
#300 = SURFACE_STYLE_FILL_AREA ( #58 ) ;
#301 = FACE_OUTER_BOUND ( 'NONE', #2485, .T. ) ;
#302 = PRODUCT_DEFINITION_FORMATION_WITH_SPECIFIED_SOURCE ( 'ANY', '', #1885, .NOT_KNOWN. ) ;
#303 = AXIS2_PLACEMENT_3D ( 'NONE', #2883, #1194, #3176 ) ;
#304 = ORIENTED_EDGE ( 'NONE', *, *, #2729, .T. ) ;
#305 = VECTOR ( 'NONE', #524, 1000.000000000000000 ) ;
#306 = CARTESIAN_POINT ( 'NONE',  ( 0.4500000957448327399, -0.4649999999999742117, 0.5200000000004958434 ) ) ;
#307 = LINE ( 'NONE', #567, #3038 ) ;
#308 = FACE_OUTER_BOUND ( 'NONE', #1164, .T. ) ;
#309 = DIRECTION ( 'NONE',  ( -1.000000000000000000, 0.000000000000000000, -0.000000000000000000 ) ) ;
#310 = CARTESIAN_POINT ( 'NONE',  ( 0.03500000000016547513, -0.03499999999996810524, 4.575822557886526805E-13 ) ) ;
#311 = ADVANCED_BREP_SHAPE_REPRESENTATION ( '', ( #921, #2777 ), #768 ) ;
#312 = APPLICATION_CONTEXT ( 'automotive_design' ) ;
#313 = FACE_OUTER_BOUND ( 'NONE', #1409, .T. ) ;
#314 = EDGE_CURVE ( 'NONE', #2423, #889, #805, .T. ) ;
#315 = PLANE ( 'NONE',  #2561 ) ;
#316 = VECTOR ( 'NONE', #1154, 1000.000000000000000 ) ;
#317 = VERTEX_POINT ( 'NONE', #31 ) ;
#318 = ORIENTED_EDGE ( 'NONE', *, *, #3060, .F. ) ;
#319 = EDGE_CURVE ( 'NONE', #2013, #1804, #288, .T. ) ;
#320 = LINE ( 'NONE', #2470, #3151 ) ;
#321 = CARTESIAN_POINT ( 'NONE',  ( 0.03500000000008809953, -0.03499999999996820238, 4.575229084480270103E-13 ) ) ;
#322 = AXIS2_PLACEMENT_3D ( 'NONE', #2509, #1037, #3041 ) ;
#323 = VERTEX_POINT ( 'NONE', #1540 ) ;
#324 = PLANE ( 'NONE',  #93 ) ;
#325 = DIRECTION ( 'NONE',  ( 0.000000000000000000, 0.000000000000000000, -1.000000000000000000 ) ) ;
#326 = APPLICATION_PROTOCOL_DEFINITION ( 'draft international standard', 'automotive_design', 1998, #860 ) ;
#327 = CARTESIAN_POINT ( 'NONE',  ( 2.149999999038529896, -0.5000000000000000000, 4.575229084480270103E-13 ) ) ;
#328 = EDGE_LOOP ( 'NONE', ( #450, #1246, #129, #1395, #1183, #953, #1283, #3063 ) ) ;
#329 = DIRECTION ( 'NONE',  ( 0.000000000000000000, 1.000000000000000000, -0.000000000000000000 ) ) ;
#330 = CARTESIAN_POINT ( 'NONE',  ( 0.1500000000000970002, -0.03499999999996816075, 0.7000000000007301493 ) ) ;
#331 = CARTESIAN_POINT ( 'NONE',  ( 2.499999999999780176, -0.5000000000000000000, 4.575229084480270103E-13 ) ) ;
#332 = EDGE_CURVE ( 'NONE', #1755, #1306, #1065, .T. ) ;
#333 = SURFACE_SIDE_STYLE ('',( #1357 ) ) ;
#334 = FACE_OUTER_BOUND ( 'NONE', #3039, .T. ) ;
#335 = EDGE_CURVE ( 'NONE', #437, #2095, #502, .T. ) ;
#336 = ORIENTED_EDGE ( 'NONE', *, *, #1895, .T. ) ;
#337 = LINE ( 'NONE', #731, #305 ) ;
#338 = CARTESIAN_POINT ( 'NONE',  ( 2.349999999038352883, -0.4649999999999749889, 0.7000000000007301493 ) ) ;
#339 = APPLICATION_PROTOCOL_DEFINITION ( 'draft international standard', 'automotive_design', 1998, #436 ) ;
#340 = CARTESIAN_POINT ( 'NONE',  ( 1.449999999038259935, -0.4649999999999749889, 0.3699999983844040052 ) ) ;
#341 = ORIENTED_EDGE ( 'NONE', *, *, #1146, .T. ) ;
#342 = LINE ( 'NONE', #2296, #2890 ) ;
#343 = DIRECTION ( 'NONE',  ( 0.000000000000000000, 0.000000000000000000, 1.000000000000000000 ) ) ;
#344 = DIRECTION ( 'NONE',  ( -0.000000000000000000, 0.000000000000000000, -1.000000000000000000 ) ) ;
#345 = VERTEX_POINT ( 'NONE', #257 ) ;
#346 = VECTOR ( 'NONE', #535, 1000.000000000000000 ) ;
#347 = LINE ( 'NONE', #1177, #1801 ) ;
#348 = SURFACE_STYLE_USAGE ( .BOTH. , #577 ) ;
#349 = ORIENTED_EDGE ( 'NONE', *, *, #1282, .T. ) ;
#350 = DIRECTION ( 'NONE',  ( 1.000000000000000000, 0.000000000000000000, -0.000000000000000000 ) ) ;
#351 =( GEOMETRIC_REPRESENTATION_CONTEXT ( 3 ) GLOBAL_UNCERTAINTY_ASSIGNED_CONTEXT ( ( #1673 ) ) GLOBAL_UNIT_ASSIGNED_CONTEXT ( ( #1445, #1904, #200 ) ) REPRESENTATION_CONTEXT ( 'NONE', 'WORKASPACE' ) );
#352 = ORIENTED_EDGE ( 'NONE', *, *, #2877, .T. ) ;
#353 = ADVANCED_FACE ( 'NONE', ( #1231 ), #1256, .T. ) ;
#354 = CARTESIAN_POINT ( 'NONE',  ( 2.499999999999780176, -0.4649999999999749889, 0.7000000000007301493 ) ) ;
#355 = DIRECTION ( 'NONE',  ( 1.000000000000000000, 0.000000000000000000, 0.000000000000000000 ) ) ;
#356 = VECTOR ( 'NONE', #1509, 1000.000000000000000 ) ;
#357 = PRODUCT_CONTEXT ( 'NONE', #600, 'mechanical' ) ;
#358 = LINE ( 'NONE', #3077, #1462 ) ;
#359 = VERTEX_POINT ( 'NONE', #274 ) ;
#360 = LINE ( 'NONE', #2357, #1896 ) ;
#361 = EDGE_CURVE ( 'NONE', #1616, #369, #49, .T. ) ;
#362 = CARTESIAN_POINT ( 'NONE',  ( 1.499999999038440057, -0.4649999999999749889, 0.4699999983842559903 ) ) ;
#363 = CIRCLE ( 'NONE', #2923, 0.1000000000000000194 ) ;
#364 = SURFACE_SIDE_STYLE ('',( #2655 ) ) ;
#365 = ORIENTED_EDGE ( 'NONE', *, *, #1870, .T. ) ;
#366 = CLOSED_SHELL ( 'NONE', ( #3116, #1933, #187, #2118 ) ) ;
#367 =( LENGTH_UNIT ( ) NAMED_UNIT ( * ) SI_UNIT ( .MILLI., .METRE. ) );
#368 = STYLED_ITEM ( 'NONE', ( #1575 ), #896 ) ;
#369 = VERTEX_POINT ( 'NONE', #1985 ) ;
#370 = VECTOR ( 'NONE', #729, 1000.000000000000000 ) ;
#371 = DIRECTION ( 'NONE',  ( 1.000000000000000000, 0.000000000000000000, 0.000000000000000000 ) ) ;
#372 = PRODUCT_CONTEXT ( 'NONE', #2563, 'mechanical' ) ;
#373 = LINE ( 'NONE', #2848, #756 ) ;
#374 = EDGE_CURVE ( 'NONE', #1871, #323, #2991, .T. ) ;
#375 = EDGE_LOOP ( 'NONE', ( #608, #3071, #2356, #2928 ) ) ;
#376 = DIRECTION ( 'NONE',  ( -0.000000000000000000, -1.000000000000000000, -0.000000000000000000 ) ) ;
#377 = APPLICATION_CONTEXT ( 'automotive_design' ) ;
#378 = LINE ( 'NONE', #2889, #400 ) ;
#379 = EDGE_CURVE ( 'NONE', #2906, #1174, #1995, .T. ) ;
#380 = ORIENTED_EDGE ( 'NONE', *, *, #2853, .F. ) ;
#381 = CARTESIAN_POINT ( 'NONE',  ( 0.6499999990380790349, -0.4649999999999749889, 0.4699999983843320406 ) ) ;
#382 = ORIENTED_EDGE ( 'NONE', *, *, #2328, .T. ) ;
#383 = ORIENTED_EDGE ( 'NONE', *, *, #1455, .F. ) ;
#384 = LINE ( 'NONE', #1320, #1313 ) ;
#385 = SHAPE_DEFINITION_REPRESENTATION ( #2467, #2283 ) ;
#386 = DIRECTION ( 'NONE',  ( 0.000000000000000000, 0.000000000000000000, -1.000000000000000000 ) ) ;
#387 = ORIENTED_EDGE ( 'NONE', *, *, #644, .T. ) ;
#388 = CARTESIAN_POINT ( 'NONE',  ( 2.300000000000189893, -0.03500000000002499723, 4.576518083086135452E-13 ) ) ;
#389 = CARTESIAN_POINT ( 'NONE',  ( 0.1509421479570492164, 8.007049884236991386E-17, 0.3388686953274586688 ) ) ;
#390 = ORIENTED_EDGE ( 'NONE', *, *, #2474, .T. ) ;
#391 = EDGE_CURVE ( 'NONE', #431, #2162, #1840, .T. ) ;
#392 = EDGE_LOOP ( 'NONE', ( #2948, #2524, #1476, #2899, #2195, #2494, #1101, #409 ) ) ;
#393 = CARTESIAN_POINT ( 'NONE',  ( 1.949999999037810072, -0.5000000000000000000, 0.4699999983844260210 ) ) ;
#394 = EDGE_CURVE ( 'NONE', #2092, #118, #2851, .T. ) ;
#395 = LINE ( 'NONE', #2305, #1692 ) ;
#396 = ORIENTED_EDGE ( 'NONE', *, *, #1175, .F. ) ;
#397 = ORIENTED_EDGE ( 'NONE', *, *, #2437, .F. ) ;
#398 = CYLINDRICAL_SURFACE ( 'NONE', #1074, 0.09999999999999831246 ) ;
#399 = CARTESIAN_POINT ( 'NONE',  ( 2.300000000000189893, 0.5000000000001130207, 0.7000000000007310375 ) ) ;
#400 = VECTOR ( 'NONE', #914, 1000.000000000000000 ) ;
#401 = ORIENTED_EDGE ( 'NONE', *, *, #2173, .F. ) ;
#402 = CARTESIAN_POINT ( 'NONE',  ( 2.464999999999919922, -0.03499999999996820238, 4.575229084480270103E-13 ) ) ;
#403 = AXIS2_PLACEMENT_3D ( 'NONE', #321, #1286, #1249 ) ;
#404 = DIRECTION ( 'NONE',  ( -0.000000000000000000, 1.000000000000000000, 0.000000000000000000 ) ) ;
#405 = DIRECTION ( 'NONE',  ( 1.000000000000000000, 0.000000000000000000, 0.000000000000000000 ) ) ;
#406 = VECTOR ( 'NONE', #2424, 1000.000000000000000 ) ;
#407 = CARTESIAN_POINT ( 'NONE',  ( 0.5499999990377718584, -0.4649999999999749889, 4.574869282511125764E-13 ) ) ;
#408 = VECTOR ( 'NONE', #680, 1000.000000000000000 ) ;
#409 = ORIENTED_EDGE ( 'NONE', *, *, #122, .F. ) ;
#410 = EDGE_CURVE ( 'NONE', #1053, #278, #628, .T. ) ;
#411 = DIRECTION ( 'NONE',  ( -0.000000000000000000, 0.000000000000000000, 1.000000000000000000 ) ) ;
#412 = DIRECTION ( 'NONE',  ( -0.000000000000000000, 0.000000000000000000, -1.000000000000000000 ) ) ;
#413 = CARTESIAN_POINT ( 'NONE',  ( 0.2000000000000520251, -2.269094291579802485E-13, 4.576301044078327286E-13 ) ) ;
#414 = ORIENTED_EDGE ( 'NONE', *, *, #35, .T. ) ;
#415 = ADVANCED_FACE ( 'NONE', ( #1095 ), #135, .T. ) ;
#416 = ORIENTED_EDGE ( 'NONE', *, *, #2799, .F. ) ;
#417 = CARTESIAN_POINT ( 'NONE',  ( 1.299999999038170095, -0.4649999999999749889, 0.3699999983844040052 ) ) ;
#418 = DIRECTION ( 'NONE',  ( 0.000000000000000000, -1.000000000000000000, -4.440892098500043391E-16 ) ) ;
#419 = VECTOR ( 'NONE', #1172, 1000.000000000000000 ) ;
#420 = ORIENTED_EDGE ( 'NONE', *, *, #2432, .F. ) ;
#421 = AXIS2_PLACEMENT_3D ( 'NONE', #2864, #467, #2428 ) ;
#422 = LINE ( 'NONE', #933, #208 ) ;
#423 = PLANE ( 'NONE',  #2654 ) ;
#424 = CARTESIAN_POINT ( 'NONE',  ( 0.1500000000003250122, -0.03499999999996813299, 4.576173302388353120E-13 ) ) ;
#425 = DIRECTION ( 'NONE',  ( -1.000000000000000000, -0.000000000000000000, -1.136912612664799927E-12 ) ) ;
#426 = ORIENTED_EDGE ( 'NONE', *, *, #3173, .T. ) ;
#427 = CYLINDRICAL_SURFACE ( 'NONE', #662, 0.2000000000000022593 ) ;
#428 = DIRECTION ( 'NONE',  ( -1.000000000000000000, -0.000000000000000000, -0.000000000000000000 ) ) ;
#429 = ORIENTED_EDGE ( 'NONE', *, *, #113, .F. ) ;
#430 = PRODUCT_RELATED_PRODUCT_CATEGORY ( 'part', '', ( #2969 ) ) ;
#431 = VERTEX_POINT ( 'NONE', #3100 ) ;
#432 = CARTESIAN_POINT ( 'NONE',  ( 2.350000000000263434, 2.636779667544789016E-17, 0.6699999999999451950 ) ) ;
#433 = LINE ( 'NONE', #2693, #607 ) ;
#434 = ADVANCED_FACE ( 'NONE', ( #1338 ), #2338, .T. ) ;
#435 = PRODUCT_DEFINITION_SHAPE ( 'NONE', 'NONE',  #2626 ) ;
#436 = APPLICATION_CONTEXT ( 'automotive_design' ) ;
#437 = VERTEX_POINT ( 'NONE', #2585 ) ;
#438 = DIRECTION ( 'NONE',  ( 1.000000000000000000, 0.000000000000000000, 0.000000000000000000 ) ) ;
#439 = UNCERTAINTY_MEASURE_WITH_UNIT (LENGTH_MEASURE( 1.000000000000000082E-05 ), #1694, 'distance_accuracy_value', 'NONE');
#440 = CARTESIAN_POINT ( 'NONE',  ( -8.213622348045679033E-10, -0.5000000000000000000, 0.7000000000007301493 ) ) ;
#441 = LINE ( 'NONE', #2102, #960 ) ;
#442 = EDGE_CURVE ( 'NONE', #941, #2742, #96, .T. ) ;
#443 = LINE ( 'NONE', #936, #979 ) ;
#444 = VERTEX_POINT ( 'NONE', #1105 ) ;
#445 = DIRECTION ( 'NONE',  ( -1.000000000000000000, 0.000000000000000000, -0.000000000000000000 ) ) ;
#446 = EDGE_LOOP ( 'NONE', ( #2104, #1878, #1107, #1992 ) ) ;
#447 = EDGE_LOOP ( 'NONE', ( #387, #115, #1008, #380 ) ) ;
#448 = CARTESIAN_POINT ( 'NONE',  ( 2.299999999999959854, -0.03499999999996815381, 0.6699999999999002309 ) ) ;
#449 = CARTESIAN_POINT ( 'NONE',  ( 0.1999999990384880022, -0.5000000000000000000, 0.3199999967682057300 ) ) ;
#450 = ORIENTED_EDGE ( 'NONE', *, *, #532, .F. ) ;
#451 = CARTESIAN_POINT ( 'NONE',  ( 0.7000000000005069944, -3.403580334061286113E-13, 4.576301044078327286E-13 ) ) ;
#452 = SHAPE_REPRESENTATION_RELATIONSHIP ( 'NONE' , 'NONE' ,  #1823, #2022 ) ;
#453 = AXIS2_PLACEMENT_3D ( 'NONE', #2217, #1697, #2668 ) ;
#454 = EDGE_CURVE ( 'NONE', #345, #2648, #837, .T. ) ;
#455 = LINE ( 'NONE', #189, #419 ) ;
#456 = PRODUCT_DEFINITION_FORMATION_WITH_SPECIFIED_SOURCE ( 'ANY', '', #259, .NOT_KNOWN. ) ;
#457 = VECTOR ( 'NONE', #1444, 1000.000000000000000 ) ;
#458 =( GEOMETRIC_REPRESENTATION_CONTEXT ( 3 ) GLOBAL_UNCERTAINTY_ASSIGNED_CONTEXT ( ( #2426 ) ) GLOBAL_UNIT_ASSIGNED_CONTEXT ( ( #1086, #2741, #3010 ) ) REPRESENTATION_CONTEXT ( 'NONE', 'WORKASPACE' ) );
#459 = CARTESIAN_POINT ( 'NONE',  ( -9.615570562004900651E-10, 0.000000000000000000, 4.575943724212310918E-13 ) ) ;
#460 = ORIENTED_EDGE ( 'NONE', *, *, #1948, .T. ) ;
#461 = AXIS2_PLACEMENT_3D ( 'NONE', #1784, #2528, #661 ) ;
#462 = ORIENTED_EDGE ( 'NONE', *, *, #2651, .F. ) ;
#463 = LINE ( 'NONE', #1147, #3134 ) ;
#464 = DIRECTION ( 'NONE',  ( 1.000000000000000000, 0.000000000000000000, 0.000000000000000000 ) ) ;
#465 = UNCERTAINTY_MEASURE_WITH_UNIT (LENGTH_MEASURE( 1.000000000000000082E-05 ), #3046, 'distance_accuracy_value', 'NONE');
#466 = ORIENTED_EDGE ( 'NONE', *, *, #2747, .T. ) ;
#467 = DIRECTION ( 'NONE',  ( 0.000000000000000000, -1.000000000000000000, 0.000000000000000000 ) ) ;
#468 = AXIS2_PLACEMENT_3D ( 'NONE', #821, #2793, #1798 ) ;
#469 = DIRECTION ( 'NONE',  ( -0.000000000000000000, -1.000000000000000000, 0.000000000000000000 ) ) ;
#470 = PRODUCT ( 'APFA2507_3', 'APFA2507_3', '', ( #801 ) ) ;
#471 = CARTESIAN_POINT ( 'NONE',  ( 1.049999999038170095, -0.5000000000000000000, 0.3699999983844040052 ) ) ;
#472 = EDGE_CURVE ( 'NONE', #2013, #1853, #2079, .T. ) ;
#473 = VECTOR ( 'NONE', #1266, 1000.000000000000000 ) ;
#474 = FACE_OUTER_BOUND ( 'NONE', #909, .T. ) ;
#475 = AXIS2_PLACEMENT_3D ( 'NONE', #1768, #2754, #553 ) ;
#476 = EDGE_CURVE ( 'NONE', #849, #2466, #3040, .T. ) ;
#477 = LINE ( 'NONE', #1440, #1734 ) ;
#478 = ORIENTED_EDGE ( 'NONE', *, *, #1857, .T. ) ;
#479 = APPLICATION_CONTEXT ( 'automotive_design' ) ;
#480 = ORIENTED_EDGE ( 'NONE', *, *, #2831, .T. ) ;
#481 = CARTESIAN_POINT ( 'NONE',  ( 2.464999999999919922, 0.000000000000000000, 4.576301044078330316E-13 ) ) ;
#482 = PRESENTATION_STYLE_ASSIGNMENT (( #735 ) ) ;
#483 = ORIENTED_EDGE ( 'NONE', *, *, #1001, .F. ) ;
#484 = DIRECTION ( 'NONE',  ( -1.000000000000000000, 0.000000000000000000, 0.000000000000000000 ) ) ;
#485 = FACE_OUTER_BOUND ( 'NONE', #2589, .T. ) ;
#486 = DIRECTION ( 'NONE',  ( 0.000000000000000000, 0.000000000000000000, 1.000000000000000000 ) ) ;
#487 = DIRECTION ( 'NONE',  ( 0.000000000000000000, -0.000000000000000000, 1.000000000000000000 ) ) ;
#488 = EDGE_CURVE ( 'NONE', #69, #1180, #1120, .T. ) ;
#489 = CARTESIAN_POINT ( 'NONE',  ( 2.464999999999919922, -0.03499999999996820238, 0.7000000000007301493 ) ) ;
#490 = EDGE_CURVE ( 'NONE', #1829, #2612, #2838, .T. ) ;
#491 = SURFACE_SIDE_STYLE ('',( #20 ) ) ;
#492 = VERTEX_POINT ( 'NONE', #599 ) ;
#493 = EDGE_LOOP ( 'NONE', ( #460, #2175, #2581, #3103 ) ) ;
#494 = DIRECTION ( 'NONE',  ( 0.000000000000000000, -0.000000000000000000, -1.000000000000000000 ) ) ;
#495 = DIRECTION ( 'NONE',  ( -0.000000000000000000, 0.000000000000000000, 1.000000000000000000 ) ) ;
#496 = ORIENTED_EDGE ( 'NONE', *, *, #1079, .F. ) ;
#497 = DIRECTION ( 'NONE',  ( 1.000000000000000000, 1.300042018481659960E-11, -1.189369783216570014E-16 ) ) ;
#498 = CARTESIAN_POINT ( 'NONE',  ( 0.2000000000000521361, -0.03500000000002531642, 0.7000000000007301493 ) ) ;
#499 =( NAMED_UNIT ( * ) PLANE_ANGLE_UNIT ( ) SI_UNIT ( $, .RADIAN. ) );
#500 = DIRECTION ( 'NONE',  ( 0.000000000000000000, 0.000000000000000000, 1.000000000000000000 ) ) ;
#501 = VECTOR ( 'NONE', #865, 1000.000000000000000 ) ;
#502 = LINE ( 'NONE', #1470, #2569 ) ;
#503 = DIRECTION ( 'NONE',  ( 0.7409555492446004976, 0.000000000000000000, -0.6715540738046583691 ) ) ;
#504 = AXIS2_PLACEMENT_3D ( 'NONE', #402, #1450, #980 ) ;
#505 = AXIS2_PLACEMENT_3D ( 'NONE', #224, #275, #725 ) ;
#506 = AXIS2_PLACEMENT_3D ( 'NONE', #1747, #75, #325 ) ;
#507 = VERTEX_POINT ( 'NONE', #1368 ) ;
#508 = EDGE_CURVE ( 'NONE', #2910, #1494, #360, .T. ) ;
#509 = EDGE_LOOP ( 'NONE', ( #1863, #2757, #1482, #336 ) ) ;
#510 = PRESENTATION_STYLE_ASSIGNMENT (( #2708 ) ) ;
#511 = AXIS2_PLACEMENT_3D ( 'NONE', #2481, #277, #212 ) ;
#512 = FILL_AREA_STYLE_COLOUR ( '', #1830 ) ;
#513 = EDGE_CURVE ( 'NONE', #1577, #2125, #1138, .T. ) ;
#514 = ORIENTED_EDGE ( 'NONE', *, *, #532, .T. ) ;
#515 = DIRECTION ( 'NONE',  ( -0.000000000000000000, 1.000000000000000000, 0.000000000000000000 ) ) ;
#516 = LINE ( 'NONE', #2749, #910 ) ;
#517 = DIRECTION ( 'NONE',  ( 0.000000000000000000, 0.000000000000000000, 1.000000000000000000 ) ) ;
#518 = CARTESIAN_POINT ( 'NONE',  ( 0.1499999990785991499, -0.4649999999999749889, 0.7000000000007301493 ) ) ;
#519 = AXIS2_PLACEMENT_3D ( 'NONE', #2219, #757, #2718 ) ;
#520 = CARTESIAN_POINT ( 'NONE',  ( 0.4499999990384839776, -0.4649999999999749889, 4.575229084480270103E-13 ) ) ;
#521 = CARTESIAN_POINT ( 'NONE',  ( 2.249999902331639934, -0.4649999999999749889, 0.7000000000007301493 ) ) ;
#522 = PRODUCT_DEFINITION_SHAPE ( 'NONE', 'NONE',  #3198 ) ;
#523 = VECTOR ( 'NONE', #428, 1000.000000000000000 ) ;
#524 = DIRECTION ( 'NONE',  ( 0.000000000000000000, 0.000000000000000000, 1.000000000000000000 ) ) ;
#525 = VERTEX_POINT ( 'NONE', #1554 ) ;
#526 = VERTEX_POINT ( 'NONE', #2538 ) ;
#527 = FACE_OUTER_BOUND ( 'NONE', #2985, .T. ) ;
#528 =( LENGTH_UNIT ( ) NAMED_UNIT ( * ) SI_UNIT ( .MILLI., .METRE. ) );
#529 = DIRECTION ( 'NONE',  ( -0.7409555492411560307, 0.000000000000000000, 0.6715540738084587735 ) ) ;
#530 = ORIENTED_EDGE ( 'NONE', *, *, #1756, .F. ) ;
#531 = PLANE ( 'NONE',  #2302 ) ;
#532 = EDGE_CURVE ( 'NONE', #1862, #2946, #342, .T. ) ;
#533 = CARTESIAN_POINT ( 'NONE',  ( 1.199999999038259935, -0.4649999999999749889, 0.3699999983844040052 ) ) ;
#534 = CARTESIAN_POINT ( 'NONE',  ( 0.000000000000000000, 0.000000000000000000, 0.000000000000000000 ) ) ;
#535 = DIRECTION ( 'NONE',  ( 0.000000000000000000, 1.000000000000000000, 0.000000000000000000 ) ) ;
#536 = DIRECTION ( 'NONE',  ( 0.000000000000000000, -0.000000000000000000, 1.000000000000000000 ) ) ;
#537 = FACE_OUTER_BOUND ( 'NONE', #1247, .T. ) ;
#538 = APPLICATION_CONTEXT ( 'automotive_design' ) ;
#539 = LINE ( 'NONE', #2511, #356 ) ;
#540 = CARTESIAN_POINT ( 'NONE',  ( 2.299999999999509992, 2.220446049250820109E-17, 0.5199999999999850298 ) ) ;
#541 = ADVANCED_BREP_SHAPE_REPRESENTATION ( '', ( #856, #2777 ), #1359 ) ;
#542 = ORIENTED_EDGE ( 'NONE', *, *, #2736, .T. ) ;
#543 = ORIENTED_EDGE ( 'NONE', *, *, #410, .F. ) ;
#544 = PLANE ( 'NONE',  #55 ) ;
#545 = LINE ( 'NONE', #561, #1572 ) ;
#546 = EDGE_LOOP ( 'NONE', ( #429, #1072, #697, #2869, #2100, #3099 ) ) ;
#547 = LINE ( 'NONE', #3004, #2507 ) ;
#548 = DIRECTION ( 'NONE',  ( -1.000000000000000000, -0.000000000000000000, 0.000000000000000000 ) ) ;
#549 = CARTESIAN_POINT ( 'NONE',  ( 0.000000000000000000, 0.000000000000000000, 0.000000000000000000 ) ) ;
#550 = LINE ( 'NONE', #1982, #1255 ) ;
#551 = EDGE_CURVE ( 'NONE', #1090, #507, #1325, .T. ) ;
#552 = DIRECTION ( 'NONE',  ( 1.000000000000000000, 0.000000000000000000, 0.000000000000000000 ) ) ;
#553 = DIRECTION ( 'NONE',  ( 0.000000000000000000, -0.000000000000000000, -1.000000000000000000 ) ) ;
#554 = ADVANCED_FACE ( 'NONE', ( #109 ), #2064, .T. ) ;
#555 = FILL_AREA_STYLE ('',( #2008 ) ) ;
#556 = ORIENTED_EDGE ( 'NONE', *, *, #2571, .T. ) ;
#557 = VECTOR ( 'NONE', #802, 1000.000000000000000 ) ;
#558 = AXIS2_PLACEMENT_3D ( 'NONE', #3149, #1228, #738 ) ;
#559 = CARTESIAN_POINT ( 'NONE',  ( 1.449999999038259935, -0.4649999999999749889, 0.02000000161661140072 ) ) ;
#560 = CARTESIAN_POINT ( 'NONE',  ( 0.1499999990385340043, -0.5000000000000000000, 0.4699999967682539914 ) ) ;
#561 = CARTESIAN_POINT ( 'NONE',  ( 2.299999999999959854, -0.03499999999996817462, 0.6699999999998480504 ) ) ;
#562 = PRODUCT_DEFINITION_FORMATION_WITH_SPECIFIED_SOURCE ( 'ANY', '', #3138, .NOT_KNOWN. ) ;
#563 = VECTOR ( 'NONE', #583, 1000.000000000000000 ) ;
#564 = VERTEX_POINT ( 'NONE', #1583 ) ;
#565 = VECTOR ( 'NONE', #344, 1000.000000000000000 ) ;
#566 = LINE ( 'NONE', #1534, #2251 ) ;
#567 = CARTESIAN_POINT ( 'NONE',  ( 2.349999999920015181, 0.000000000000000000, 0.7000000000007301493 ) ) ;
#568 = CONTEXT_DEPENDENT_SHAPE_REPRESENTATION ( #1512, #2184 ) ;
#569 = FACE_OUTER_BOUND ( 'NONE', #2570, .T. ) ;
#570 = DIRECTION ( 'NONE',  ( -1.000000000000000000, -6.776263578034401480E-17, 0.000000000000000000 ) ) ;
#571 = FACE_OUTER_BOUND ( 'NONE', #1905, .T. ) ;
#572 = ADVANCED_FACE ( 'NONE', ( #2391 ), #1448, .T. ) ;
#573 = ADVANCED_FACE ( 'NONE', ( #2635 ), #219, .T. ) ;
#574 = VECTOR ( 'NONE', #618, 1000.000000000000000 ) ;
#575 = ORIENTED_EDGE ( 'NONE', *, *, #2369, .F. ) ;
#576 = AXIS2_PLACEMENT_3D ( 'NONE', #1418, #484, #2649 ) ;
#577 = SURFACE_SIDE_STYLE ('',( #2531 ) ) ;
#578 = EDGE_LOOP ( 'NONE', ( #3052, #920, #2021, #383 ) ) ;
#579 = CARTESIAN_POINT ( 'NONE',  ( 0.1499999999995509925, 2.220446049250310123E-17, 0.2251740997246799991 ) ) ;
#580 = VECTOR ( 'NONE', #968, 1000.000000000000000 ) ;
#581 = ORIENTED_EDGE ( 'NONE', *, *, #2669, .T. ) ;
#582 = PLANE ( 'NONE',  #765 ) ;
#583 = DIRECTION ( 'NONE',  ( -3.972516759986960033E-15, -1.000000000000000000, -1.503033928216566829E-26 ) ) ;
#584 = APPLICATION_PROTOCOL_DEFINITION ( 'draft international standard', 'automotive_design', 1998, #2234 ) ;
#585 = DIRECTION ( 'NONE',  ( -2.658697976849402313E-15, -1.000000000000000000, 2.020898785741258656E-15 ) ) ;
#586 = ORIENTED_EDGE ( 'NONE', *, *, #804, .T. ) ;
#587 = DIRECTION ( 'NONE',  ( 1.000000000000000000, -0.000000000000000000, 0.000000000000000000 ) ) ;
#588 = DIRECTION ( 'NONE',  ( -0.000000000000000000, 1.000000000000000000, 0.000000000000000000 ) ) ;
#589 = EDGE_CURVE ( 'NONE', #1510, #1582, #721, .T. ) ;
#590 = ORIENTED_EDGE ( 'NONE', *, *, #1079, .T. ) ;
#591 = EDGE_CURVE ( 'NONE', #854, #1641, #234, .T. ) ;
#592 = CARTESIAN_POINT ( 'NONE',  ( 2.464999999999919922, -0.03499999999996810524, 4.575757348794364030E-13 ) ) ;
#593 = SURFACE_STYLE_USAGE ( .BOTH. , #1073 ) ;
#594 = EDGE_CURVE ( 'NONE', #1632, #2482, #2935, .T. ) ;
#595 = EDGE_LOOP ( 'NONE', ( #496, #2212, #1893, #1949 ) ) ;
#596 = CARTESIAN_POINT ( 'NONE',  ( 0.2300001320969090601, -0.4649999999999749889, 4.575229084480270103E-13 ) ) ;
#597 = CARTESIAN_POINT ( 'NONE',  ( 0.5499999990379430548, -0.4649999999999749889, 4.574236029252519810E-13 ) ) ;
#598 = ORIENTED_EDGE ( 'NONE', *, *, #682, .T. ) ;
#599 = CARTESIAN_POINT ( 'NONE',  ( 0.7000000000005067724, 0.5000000000001141309, 4.578521490127579619E-13 ) ) ;
#600 = APPLICATION_CONTEXT ( 'automotive_design' ) ;
#601 = DIRECTION ( 'NONE',  ( 0.000000000000000000, 0.000000000000000000, 1.000000000000000000 ) ) ;
#602 = CARTESIAN_POINT ( 'NONE',  ( 0.2499999999995509703, 2.710505431213761085E-17, 0.3251740997246799769 ) ) ;
#603 = ORIENTED_EDGE ( 'NONE', *, *, #379, .F. ) ;
#604 = VECTOR ( 'NONE', #2339, 1000.000000000000000 ) ;
#605 = ORIENTED_EDGE ( 'NONE', *, *, #16, .T. ) ;
#606 = ADVANCED_FACE ( 'NONE', ( #1659 ), #655, .T. ) ;
#607 = VECTOR ( 'NONE', #2931, 1000.000000000000000 ) ;
#608 = ORIENTED_EDGE ( 'NONE', *, *, #125, .F. ) ;
#609 = DIRECTION ( 'NONE',  ( 0.000000000000000000, -0.000000000000000000, 1.000000000000000000 ) ) ;
#610 = AXIS2_PLACEMENT_3D ( 'NONE', #2245, #996, #286 ) ;
#611 = VECTOR ( 'NONE', #1607, 1000.000000000000000 ) ;
#612 = APPLICATION_PROTOCOL_DEFINITION ( 'draft international standard', 'automotive_design', 1998, #2333 ) ;
#613 = FACE_OUTER_BOUND ( 'NONE', #1390, .T. ) ;
#614 = ADVANCED_FACE ( 'NONE', ( #3126 ), #1932, .T. ) ;
#615 = ORIENTED_EDGE ( 'NONE', *, *, #1599, .T. ) ;
#616 = CARTESIAN_POINT ( 'NONE',  ( 0.03500000000023759800, -0.4649999999999749889, 4.575229084480270103E-13 ) ) ;
#617 = LINE ( 'NONE', #1826, #3127 ) ;
#618 = DIRECTION ( 'NONE',  ( -0.000000000000000000, -1.000000000000000000, 0.000000000000000000 ) ) ;
#619 =( NAMED_UNIT ( * ) PLANE_ANGLE_UNIT ( ) SI_UNIT ( $, .RADIAN. ) );
#620 = ORIENTED_EDGE ( 'NONE', *, *, #1500, .T. ) ;
#621 = VECTOR ( 'NONE', #1891, 1000.000000000000000 ) ;
#622 = AXIS2_PLACEMENT_3D ( 'NONE', #3165, #1185, #958 ) ;
#623 = VERTEX_POINT ( 'NONE', #947 ) ;
#624 = DIRECTION ( 'NONE',  ( -0.000000000000000000, -1.000000000000000000, -0.000000000000000000 ) ) ;
#625 = PLANE ( 'NONE',  #1827 ) ;
#626 = ORIENTED_EDGE ( 'NONE', *, *, #490, .F. ) ;
#627 = ADVANCED_FACE ( 'NONE', ( #1917 ), #1436, .T. ) ;
#628 = LINE ( 'NONE', #2324, #1843 ) ;
#629 = CARTESIAN_POINT ( 'NONE',  ( 1.299999999038170095, -0.5000000000000000000, 0.3699999983844040052 ) ) ;
#630 = ORIENTED_EDGE ( 'NONE', *, *, #1818, .F. ) ;
#631 = EDGE_LOOP ( 'NONE', ( #2541, #890, #1511, #2341 ) ) ;
#632 = CARTESIAN_POINT ( 'NONE',  ( 2.249999902331639934, -0.4649999999999749889, 0.4699999983843130003 ) ) ;
#633 = SURFACE_STYLE_USAGE ( .BOTH. , #333 ) ;
#634 = APPLICATION_CONTEXT ( 'automotive_design' ) ;
#635 = ORIENTED_EDGE ( 'NONE', *, *, #2099, .T. ) ;
#636 = LINE ( 'NONE', #354, #2984 ) ;
#637 = CARTESIAN_POINT ( 'NONE',  ( 0.7000000000005069944, -3.403580334061286113E-13, 4.573017481454989125E-13 ) ) ;
#638 = ORIENTED_EDGE ( 'NONE', *, *, #2752, .T. ) ;
#639 = DIRECTION ( 'NONE',  ( -1.000000000000000000, -6.776263578034403945E-17, 0.000000000000000000 ) ) ;
#640 = CARTESIAN_POINT ( 'NONE',  ( 0.6499999990380790349, -0.5000000000000000000, 4.574554095059817348E-13 ) ) ;
#641 = EDGE_CURVE ( 'NONE', #1337, #1587, #1151, .T. ) ;
#642 = ORIENTED_EDGE ( 'NONE', *, *, #1584, .F. ) ;
#643 = EDGE_LOOP ( 'NONE', ( #2785, #25, #1653, #1872 ) ) ;
#644 = EDGE_CURVE ( 'NONE', #42, #492, #1166, .T. ) ;
#645 = DIRECTION ( 'NONE',  ( -1.000000000000000000, 0.000000000000000000, -0.000000000000000000 ) ) ;
#646 = LINE ( 'NONE', #902, #370 ) ;
#647 = ORIENTED_EDGE ( 'NONE', *, *, #1742, .T. ) ;
#648 = UNCERTAINTY_MEASURE_WITH_UNIT (LENGTH_MEASURE( 1.000000000000000082E-05 ), #1453, 'distance_accuracy_value', 'NONE');
#649 = ORIENTED_EDGE ( 'NONE', *, *, #2956, .T. ) ;
#650 = DIRECTION ( 'NONE',  ( 1.000000000000000000, 0.000000000000000000, 0.000000000000000000 ) ) ;
#651 = CARTESIAN_POINT ( 'NONE',  ( 1.499999999038440057, -0.5000000000000000000, 0.4699999983842559903 ) ) ;
#652 = VECTOR ( 'NONE', #726, 1000.000000000000000 ) ;
#653 = EDGE_LOOP ( 'NONE', ( #1666, #1859, #352, #1998 ) ) ;
#654 = AXIS2_PLACEMENT_3D ( 'NONE', #1918, #1710, #235 ) ;
#655 = PLANE ( 'NONE',  #1484 ) ;
#656 = DIRECTION ( 'NONE',  ( 1.000000000000000000, 0.000000000000000000, 0.000000000000000000 ) ) ;
#657 = VECTOR ( 'NONE', #1535, 1000.000000000000000 ) ;
#658 = PRODUCT ( 'APFA2507_8', 'APFA2507_8', '', ( #981 ) ) ;
#659 = ORIENTED_EDGE ( 'NONE', *, *, #1997, .F. ) ;
#660 = PRODUCT_RELATED_PRODUCT_CATEGORY ( 'part', '', ( #1885 ) ) ;
#661 = DIRECTION ( 'NONE',  ( -1.000000000000000000, 0.000000000000000000, -0.000000000000000000 ) ) ;
#662 = AXIS2_PLACEMENT_3D ( 'NONE', #2347, #1406, #1176 ) ;
#663 = EDGE_LOOP ( 'NONE', ( #832, #2440, #2562, #3125 ) ) ;
#664 = ADVANCED_FACE ( 'NONE', ( #168 ), #3146, .T. ) ;
#665 = PLANE ( 'NONE',  #1576 ) ;
#666 = DIRECTION ( 'NONE',  ( -0.000000000000000000, 1.000000000000000000, 0.000000000000000000 ) ) ;
#667 = VECTOR ( 'NONE', #2231, 1000.000000000000000 ) ;
#668 = ORIENTED_EDGE ( 'NONE', *, *, #1800, .F. ) ;
#669 = CARTESIAN_POINT ( 'NONE',  ( 2.249999902331639934, -0.5000000000000000000, 0.4699999983843130003 ) ) ;
#670 = CARTESIAN_POINT ( 'NONE',  ( 2.350000000000259881, -0.03499999999996817462, 0.7000000000007301493 ) ) ;
#671 = ORIENTED_EDGE ( 'NONE', *, *, #2981, .F. ) ;
#672 = VECTOR ( 'NONE', #23, 1000.000000000000000 ) ;
#673 = LINE ( 'NONE', #1197, #778 ) ;
#674 =( LENGTH_UNIT ( ) NAMED_UNIT ( * ) SI_UNIT ( .MILLI., .METRE. ) );
#675 = DIRECTION ( 'NONE',  ( -1.000000000000000000, 0.000000000000000000, 0.000000000000000000 ) ) ;
#676 = CARTESIAN_POINT ( 'NONE',  ( 0.2000000000000519973, 1.136868377216160045E-13, 0.7000000000007301493 ) ) ;
#677 = CARTESIAN_POINT ( 'NONE',  ( 2.149999999038529896, -0.5000000000000000000, 0.4699999967682255697 ) ) ;
#678 = CARTESIAN_POINT ( 'NONE',  ( 1.199999999038259935, -0.4649999999999749889, 0.3699999983844040052 ) ) ;
#679 = ORIENTED_EDGE ( 'NONE', *, *, #256, .T. ) ;
#680 = DIRECTION ( 'NONE',  ( 1.000000000000000000, 0.000000000000000000, -0.000000000000000000 ) ) ;
#681 = ORIENTED_EDGE ( 'NONE', *, *, #1044, .F. ) ;
#682 = EDGE_CURVE ( 'NONE', #3112, #1641, #673, .T. ) ;
#683 = ORIENTED_EDGE ( 'NONE', *, *, #1423, .F. ) ;
#684 = CARTESIAN_POINT ( 'NONE',  ( 2.149999999038529896, -0.4649999999999749889, 4.575229084480270103E-13 ) ) ;
#685 = CARTESIAN_POINT ( 'NONE',  ( 2.299999999999509992, 0.000000000000000000, 0.5199999999999850298 ) ) ;
#686 = PRODUCT ( 'APFA2507_2', 'APFA2507_2', '', ( #2968 ) ) ;
#687 = EDGE_CURVE ( 'NONE', #1142, #1871, #422, .T. ) ;
#688 = UNCERTAINTY_MEASURE_WITH_UNIT (LENGTH_MEASURE( 1.000000000000000082E-05 ), #899, 'distance_accuracy_value', 'NONE');
#689 = ORIENTED_EDGE ( 'NONE', *, *, #770, .T. ) ;
#690 = PLANE ( 'NONE',  #2264 ) ;
#691 = UNCERTAINTY_MEASURE_WITH_UNIT (LENGTH_MEASURE( 1.000000000000000082E-05 ), #2954, 'distance_accuracy_value', 'NONE');
#692 = CARTESIAN_POINT ( 'NONE',  ( 0.2000000000000519973, 1.136868377216160045E-13, 4.576301044078327286E-13 ) ) ;
#693 = LINE ( 'NONE', #1661, #1014 ) ;
#694 = CARTESIAN_POINT ( 'NONE',  ( 2.464999999999919922, 0.000000000000000000, 0.7000000000007301493 ) ) ;
#695 = LINE ( 'NONE', #2976, #1422 ) ;
#696 = ORIENTED_EDGE ( 'NONE', *, *, #1915, .F. ) ;
#697 = ORIENTED_EDGE ( 'NONE', *, *, #72, .F. ) ;
#698 = ADVANCED_FACE ( 'NONE', ( #2182 ), #3180, .T. ) ;
#699 = CARTESIAN_POINT ( 'NONE',  ( -9.615570562004900651E-10, -0.5000000000000000000, 0.3199999967681773083 ) ) ;
#700 = CONTEXT_DEPENDENT_SHAPE_REPRESENTATION ( #1841, #2943 ) ;
#701 = CARTESIAN_POINT ( 'NONE',  ( 1.949999999037938636, -0.4649999999999749889, 0.4699999983844149187 ) ) ;
#702 = ORIENTED_EDGE ( 'NONE', *, *, #319, .T. ) ;
#703 = DIRECTION ( 'NONE',  ( 0.000000000000000000, 0.000000000000000000, -1.000000000000000000 ) ) ;
#704 = SHAPE_REPRESENTATION_RELATIONSHIP ( 'NONE' , 'NONE' ,  #1284, #311 ) ;
#705 = EDGE_CURVE ( 'NONE', #1069, #492, #983, .T. ) ;
#706 = PLANE ( 'NONE',  #504 ) ;
#707 = VECTOR ( 'NONE', #935, 1000.000000000000000 ) ;
#708 = DIRECTION ( 'NONE',  ( -1.000000000000000000, -0.000000000000000000, -0.000000000000000000 ) ) ;
#709 = COLOUR_RGB ( '',0.7921568627450980005, 0.8196078431372548767, 0.9333333333333333481 ) ;
#710 = DIRECTION ( 'NONE',  ( 0.000000000000000000, 1.000000000000000000, 0.000000000000000000 ) ) ;
#711 = PRODUCT_DEFINITION_FORMATION_WITH_SPECIFIED_SOURCE ( 'ANY', '', #29, .NOT_KNOWN. ) ;
#712 = VECTOR ( 'NONE', #2949, 1000.000000000000000 ) ;
#713 = VECTOR ( 'NONE', #972, 1000.000000000000000 ) ;
#714 = PLANE ( 'NONE',  #511 ) ;
#715 =( GEOMETRIC_REPRESENTATION_CONTEXT ( 3 ) GLOBAL_UNCERTAINTY_ASSIGNED_CONTEXT ( ( #1420 ) ) GLOBAL_UNIT_ASSIGNED_CONTEXT ( ( #2392, #169, #3166 ) ) REPRESENTATION_CONTEXT ( 'NONE', 'WORKASPACE' ) );
#716 = ORIENTED_EDGE ( 'NONE', *, *, #705, .T. ) ;
#717 = LINE ( 'NONE', #699, #457 ) ;
#718 = DIRECTION ( 'NONE',  ( -3.783581087324350278E-12, 0.000000000000000000, 1.000000000000000000 ) ) ;
#719 = ADVANCED_FACE ( 'NONE', ( #1888 ), #690, .T. ) ;
#720 = ORIENTED_EDGE ( 'NONE', *, *, #2983, .T. ) ;
#721 = LINE ( 'NONE', #2152, #1230 ) ;
#722 = SHAPE_REPRESENTATION_RELATIONSHIP ( 'NONE' , 'NONE' ,  #950, #225 ) ;
#723 = VECTOR ( 'NONE', #70, 1000.000000000000000 ) ;
#724 = CARTESIAN_POINT ( 'NONE',  ( 2.299999999999959854, -0.03499999999996817462, 0.5699999999998249800 ) ) ;
#725 = DIRECTION ( 'NONE',  ( 1.000000000000000000, 0.000000000000000000, 0.000000000000000000 ) ) ;
#726 = DIRECTION ( 'NONE',  ( -0.000000000000000000, 1.000000000000000000, 0.000000000000000000 ) ) ;
#727 = ADVANCED_FACE ( 'NONE', ( #1760 ), #44, .T. ) ;
#728 = DIRECTION ( 'NONE',  ( -1.000000000000000000, -0.000000000000000000, -0.000000000000000000 ) ) ;
#729 = DIRECTION ( 'NONE',  ( -1.000000000000000000, -0.000000000000000000, -0.000000000000000000 ) ) ;
#730 = VECTOR ( 'NONE', #2124, 1000.000000000000000 ) ;
#731 = CARTESIAN_POINT ( 'NONE',  ( 2.149999999999420819, -0.03499999999996814687, 0.5199999999999850298 ) ) ;
#732 = ORIENTED_EDGE ( 'NONE', *, *, #2027, .T. ) ;
#733 = ORIENTED_EDGE ( 'NONE', *, *, #1545, .F. ) ;
#734 = DIRECTION ( 'NONE',  ( 0.000000000000000000, 1.000000000000000000, 0.000000000000000000 ) ) ;
#735 = SURFACE_STYLE_USAGE ( .BOTH. , #2407 ) ;
#736 = VERTEX_POINT ( 'NONE', #1730 ) ;
#737 =( NAMED_UNIT ( * ) SI_UNIT ( $, .STERADIAN. ) SOLID_ANGLE_UNIT ( ) );
#738 = DIRECTION ( 'NONE',  ( -3.783581087324350278E-12, 0.000000000000000000, 1.000000000000000000 ) ) ;
#739 = DIRECTION ( 'NONE',  ( 0.000000000000000000, 0.000000000000000000, 1.000000000000000000 ) ) ;
#740 = DIRECTION ( 'NONE',  ( 0.000000000000000000, 0.000000000000000000, -1.000000000000000000 ) ) ;
#741 = DIRECTION ( 'NONE',  ( -6.776263578034403945E-17, 1.000000000000000000, 6.776263578034400247E-17 ) ) ;
#742 = CARTESIAN_POINT ( 'NONE',  ( 2.049999999038170095, -0.4649999999999749889, 0.4699999983843130003 ) ) ;
#743 = ADVANCED_FACE ( 'NONE', ( #1029 ), #3003, .T. ) ;
#744 = FACE_OUTER_BOUND ( 'NONE', #3062, .T. ) ;
#745 = EDGE_CURVE ( 'NONE', #3094, #1532, #2763, .T. ) ;
#746 = ORIENTED_EDGE ( 'NONE', *, *, #1838, .F. ) ;
#747 = PRODUCT_DEFINITION_SHAPE ( 'NONE', 'NONE',  #3055 ) ;
#748 = ORIENTED_EDGE ( 'NONE', *, *, #3097, .T. ) ;
#749 = CARTESIAN_POINT ( 'NONE',  ( 2.299999999999959854, -0.03499999999996820238, 0.6699999999998480504 ) ) ;
#750 = PLANE ( 'NONE',  #2038 ) ;
#751 = ORIENTED_EDGE ( 'NONE', *, *, #3178, .F. ) ;
#752 = DIRECTION ( 'NONE',  ( 0.000000000000000000, 0.000000000000000000, 1.000000000000000000 ) ) ;
#753 = DIRECTION ( 'NONE',  ( -0.000000000000000000, 1.000000000000000000, 0.000000000000000000 ) ) ;
#754 =( NAMED_UNIT ( * ) SI_UNIT ( $, .STERADIAN. ) SOLID_ANGLE_UNIT ( ) );
#755 = LINE ( 'NONE', #1213, #707 ) ;
#756 = VECTOR ( 'NONE', #848, 1000.000000000000000 ) ;
#757 = DIRECTION ( 'NONE',  ( 0.000000000000000000, -1.000000000000000000, 0.000000000000000000 ) ) ;
#758 = CARTESIAN_POINT ( 'NONE',  ( 2.149999999038567644, -0.4649999999999749889, 0.4699999967682136903 ) ) ;
#759 = MECHANICAL_DESIGN_GEOMETRIC_PRESENTATION_REPRESENTATION (  '', ( #2142 ), #810 ) ;
#760 = APPLICATION_CONTEXT ( 'automotive_design' ) ;
#761 = PRODUCT_RELATED_PRODUCT_CATEGORY ( 'part', '', ( #470 ) ) ;
#762 = DIRECTION ( 'NONE',  ( 0.000000000000000000, 0.000000000000000000, -1.000000000000000000 ) ) ;
#763 = AXIS2_PLACEMENT_3D ( 'NONE', #669, #954, #2371 ) ;
#764 = EDGE_LOOP ( 'NONE', ( #1021, #671, #1415, #1114 ) ) ;
#765 = AXIS2_PLACEMENT_3D ( 'NONE', #2534, #126, #2090 ) ;
#766 = ADVANCED_FACE ( 'NONE', ( #88 ), #2353, .T. ) ;
#767 = ORIENTED_EDGE ( 'NONE', *, *, #797, .T. ) ;
#768 =( GEOMETRIC_REPRESENTATION_CONTEXT ( 3 ) GLOBAL_UNCERTAINTY_ASSIGNED_CONTEXT ( ( #1378 ) ) GLOBAL_UNIT_ASSIGNED_CONTEXT ( ( #2397, #3154, #1491 ) ) REPRESENTATION_CONTEXT ( 'NONE', 'WORKASPACE' ) );
#769 = FACE_OUTER_BOUND ( 'NONE', #3080, .T. ) ;
#770 = EDGE_CURVE ( 'NONE', #1944, #1045, #347, .T. ) ;
#771 = ORIENTED_EDGE ( 'NONE', *, *, #1717, .T. ) ;
#772 = FACE_OUTER_BOUND ( 'NONE', #1130, .T. ) ;
#773 = CARTESIAN_POINT ( 'NONE',  ( 0.2000000000002790101, -0.03499999999996809830, 4.575229084480270103E-13 ) ) ;
#774 = SHAPE_DEFINITION_REPRESENTATION ( #166, #1263 ) ;
#775 = LINE ( 'NONE', #2004, #557 ) ;
#776 = CARTESIAN_POINT ( 'NONE',  ( 0.2300001320969090601, -0.4649999999999749889, 0.4699999983844260210 ) ) ;
#777 = DIRECTION ( 'NONE',  ( -0.000000000000000000, 0.000000000000000000, 1.000000000000000000 ) ) ;
#778 = VECTOR ( 'NONE', #2619, 1000.000000000000000 ) ;
#779 =( GEOMETRIC_REPRESENTATION_CONTEXT ( 3 ) GLOBAL_UNCERTAINTY_ASSIGNED_CONTEXT ( ( #945 ) ) GLOBAL_UNIT_ASSIGNED_CONTEXT ( ( #2042, #1314, #1129 ) ) REPRESENTATION_CONTEXT ( 'NONE', 'WORKASPACE' ) );
#780 = EDGE_LOOP ( 'NONE', ( #2584, #1442, #1191, #1606 ) ) ;
#781 = ORIENTED_EDGE ( 'NONE', *, *, #923, .T. ) ;
#782 = DIRECTION ( 'NONE',  ( 1.000000000000000000, 0.000000000000000000, 2.273780989880960023E-12 ) ) ;
#783 = ADVANCED_FACE ( 'NONE', ( #1007 ), #247, .T. ) ;
#784 = EDGE_LOOP ( 'NONE', ( #696, #1772, #3117, #2208 ) ) ;
#785 = CARTESIAN_POINT ( 'NONE',  ( 0.5499999990379299541, -0.4649999999999749889, 4.575229084480270103E-13 ) ) ;
#786 = LINE ( 'NONE', #1979, #657 ) ;
#787 = CARTESIAN_POINT ( 'NONE',  ( 0.4499999990383353188, -0.4649999999999749889, 4.574236029252519810E-13 ) ) ;
#788 = ADVANCED_FACE ( 'NONE', ( #527 ), #544, .T. ) ;
#789 = DIRECTION ( 'NONE',  ( -1.000000000000000000, -0.000000000000000000, -0.000000000000000000 ) ) ;
#790 = DIRECTION ( 'NONE',  ( 0.000000000000000000, 0.000000000000000000, 1.000000000000000000 ) ) ;
#791 = CARTESIAN_POINT ( 'NONE',  ( 0.2000000000002791212, -0.03499999999996809830, 0.4293667011477311224 ) ) ;
#792 = ORIENTED_EDGE ( 'NONE', *, *, #2213, .F. ) ;
#793 = VERTEX_POINT ( 'NONE', #2963 ) ;
#794 = DIRECTION ( 'NONE',  ( -1.000000000000000000, 2.710505431215771497E-15, 0.000000000000000000 ) ) ;
#795 = CARTESIAN_POINT ( 'NONE',  ( 2.149999999038529896, -0.4649999999999749889, 0.4699999967682539914 ) ) ;
#796 = ORIENTED_EDGE ( 'NONE', *, *, #797, .F. ) ;
#797 = EDGE_CURVE ( 'NONE', #1737, #564, #811, .T. ) ;
#798 = DIRECTION ( 'NONE',  ( 0.000000000000000000, -0.000000000000000000, 1.000000000000000000 ) ) ;
#799 = FACE_OUTER_BOUND ( 'NONE', #578, .T. ) ;
#800 = PLANE ( 'NONE',  #1931 ) ;
#801 = PRODUCT_CONTEXT ( 'NONE', #2971, 'mechanical' ) ;
#802 = DIRECTION ( 'NONE',  ( 0.000000000000000000, 1.000000000000000000, -0.000000000000000000 ) ) ;
#803 = APPLICATION_CONTEXT ( 'automotive_design' ) ;
#804 = EDGE_CURVE ( 'NONE', #3133, #2381, #1757, .T. ) ;
#805 = LINE ( 'NONE', #1780, #100 ) ;
#806 = DIRECTION ( 'NONE',  ( -1.000000000000000000, 0.000000000000000000, 0.000000000000000000 ) ) ;
#807 = PLANE ( 'NONE',  #461 ) ;
#808 = EDGE_LOOP ( 'NONE', ( #414, #1571, #3179, #1203 ) ) ;
#809 = VECTOR ( 'NONE', #2229, 1000.000000000000000 ) ;
#810 =( GEOMETRIC_REPRESENTATION_CONTEXT ( 3 ) GLOBAL_UNCERTAINTY_ASSIGNED_CONTEXT ( ( #2647 ) ) GLOBAL_UNIT_ASSIGNED_CONTEXT ( ( #3014, #1058, #1514 ) ) REPRESENTATION_CONTEXT ( 'NONE', 'WORKASPACE' ) );
#811 = LINE ( 'NONE', #1222, #672 ) ;
#812 = SURFACE_STYLE_USAGE ( .BOTH. , #2532 ) ;
#813 = CIRCLE ( 'NONE', #303, 0.5000000000004494183 ) ;
#814 = ORIENTED_EDGE ( 'NONE', *, *, #1136, .F. ) ;
#815 = VECTOR ( 'NONE', #2857, 1000.000000000000000 ) ;
#816 = LINE ( 'NONE', #1792, #141 ) ;
#817 = CARTESIAN_POINT ( 'NONE',  ( 2.500000040840869797, -0.03499999999996817462, 0.7000000000007301493 ) ) ;
#818 = DIRECTION ( 'NONE',  ( 0.000000000000000000, -1.000000000000000000, -0.000000000000000000 ) ) ;
#819 = PRODUCT_RELATED_PRODUCT_CATEGORY ( 'part', '', ( #3138 ) ) ;
#820 = VERTEX_POINT ( 'NONE', #1460 ) ;
#821 = CARTESIAN_POINT ( 'NONE',  ( 1.849999999038119958, -0.4649999999999749889, 4.574236029252519810E-13 ) ) ;
#822 = LINE ( 'NONE', #1799, #2108 ) ;
#823 = ADVANCED_FACE ( 'NONE', ( #2982 ), #2998, .T. ) ;
#824 = SURFACE_STYLE_FILL_AREA ( #555 ) ;
#825 = CLOSED_SHELL ( 'NONE', ( #2934, #572, #3043, #2630, #2687, #1640 ) ) ;
#826 = ORIENTED_EDGE ( 'NONE', *, *, #1385, .F. ) ;
#827 = ADVANCED_FACE ( 'NONE', ( #1248 ), #2496, .T. ) ;
#828 = AXIS2_PLACEMENT_3D ( 'NONE', #3114, #1628, #1387 ) ;
#829 = CARTESIAN_POINT ( 'NONE',  ( 0.6499999990380790349, -0.4649999999999749889, 4.574522432210126641E-13 ) ) ;
#830 = ORIENTED_EDGE ( 'NONE', *, *, #143, .F. ) ;
#831 = SURFACE_STYLE_FILL_AREA ( #2307 ) ;
#832 = ORIENTED_EDGE ( 'NONE', *, *, #442, .F. ) ;
#833 = CARTESIAN_POINT ( 'NONE',  ( 2.300000000000189893, -0.03500000000002531642, 0.7000000000007301493 ) ) ;
#834 = ITEM_DEFINED_TRANSFORMATION ( 'NONE', 'NONE', #191,  #2777 ) ;
#835 = CARTESIAN_POINT ( 'NONE',  ( 2.349999999038257847, -0.5000000000000000000, 0.4699999967682208513 ) ) ;
#836 = ORIENTED_EDGE ( 'NONE', *, *, #226, .F. ) ;
#837 = LINE ( 'NONE', #616, #1639 ) ;
#838 = DIRECTION ( 'NONE',  ( -0.000000000000000000, -0.000000000000000000, 1.000000000000000000 ) ) ;
#839 = EDGE_CURVE ( 'NONE', #2092, #2082, #2024, .T. ) ;
#840 = CARTESIAN_POINT ( 'NONE',  ( 2.500000040840869797, 0.000000000000000000, 0.7000000000007301493 ) ) ;
#841 = ORIENTED_EDGE ( 'NONE', *, *, #2278, .F. ) ;
#842 = ADVANCED_FACE ( 'NONE', ( #2240 ), #2259, .T. ) ;
#843 = SHAPE_REPRESENTATION ( 'APFA2507_9', ( #2777 ), #2828 ) ;
#844 = PRESENTATION_STYLE_ASSIGNMENT (( #3061 ) ) ;
#845 = ORIENTED_EDGE ( 'NONE', *, *, #3060, .T. ) ;
#846 = ORIENTED_EDGE ( 'NONE', *, *, #978, .F. ) ;
#847 = LINE ( 'NONE', #2813, #1785 ) ;
#848 = DIRECTION ( 'NONE',  ( 0.000000000000000000, 1.000000000000000000, -0.000000000000000000 ) ) ;
#849 = VERTEX_POINT ( 'NONE', #1960 ) ;
#850 = DIRECTION ( 'NONE',  ( 0.000000000000000000, -0.000000000000000000, -1.000000000000000000 ) ) ;
#851 = CARTESIAN_POINT ( 'NONE',  ( 1.449999999038259935, -0.5000000000000000000, 0.3699999983844040052 ) ) ;
#852 = EDGE_LOOP ( 'NONE', ( #2703, #2746, #3159, #668 ) ) ;
#853 = CARTESIAN_POINT ( 'NONE',  ( 0.1499999990385340043, -0.4649999999999749889, 0.4699999967682539914 ) ) ;
#854 = VERTEX_POINT ( 'NONE', #3013 ) ;
#855 = PRODUCT_DEFINITION ( 'UNKNOWN', '', #302, #111 ) ;
#856 = MANIFOLD_SOLID_BREP ( 'brep_6', #1743 ) ;
#857 = CIRCLE ( 'NONE', #2922, 0.1999999999998516576 ) ;
#858 = FILL_AREA_STYLE_COLOUR ( '', #1746 ) ;
#859 = ADVANCED_FACE ( 'NONE', ( #2759 ), #2484, .T. ) ;
#860 = APPLICATION_CONTEXT ( 'automotive_design' ) ;
#861 = ORIENTED_EDGE ( 'NONE', *, *, #1560, .F. ) ;
#862 = DIRECTION ( 'NONE',  ( 1.973115228024722683E-28, -4.440892098500144464E-16, 1.000000000000000000 ) ) ;
#863 = AXIS2_PLACEMENT_3D ( 'NONE', #795, #2497, #2728 ) ;
#864 = ITEM_DEFINED_TRANSFORMATION ( 'NONE', 'NONE', #3033,  #2777 ) ;
#865 = DIRECTION ( 'NONE',  ( 0.000000000000000000, -0.000000000000000000, 1.000000000000000000 ) ) ;
#866 =( GEOMETRIC_REPRESENTATION_CONTEXT ( 3 ) GLOBAL_UNCERTAINTY_ASSIGNED_CONTEXT ( ( #1163 ) ) GLOBAL_UNIT_ASSIGNED_CONTEXT ( ( #2205, #2174, #1702 ) ) REPRESENTATION_CONTEXT ( 'NONE', 'WORKASPACE' ) );
#867 = ORIENTED_EDGE ( 'NONE', *, *, #745, .T. ) ;
#868 = DIRECTION ( 'NONE',  ( -6.776263578034403945E-17, 1.000000000000000000, 6.776263578034400247E-17 ) ) ;
#869 = DIRECTION ( 'NONE',  ( 0.000000000000000000, -0.000000000000000000, 1.000000000000000000 ) ) ;
#870 = ORIENTED_EDGE ( 'NONE', *, *, #956, .F. ) ;
#871 = PLANE ( 'NONE',  #2253 ) ;
#872 = ORIENTED_EDGE ( 'NONE', *, *, #490, .T. ) ;
#873 = VECTOR ( 'NONE', #309, 1000.000000000000000 ) ;
#874 = DIRECTION ( 'NONE',  ( -1.000000000000000000, -0.000000000000000000, 0.000000000000000000 ) ) ;
#875 =( NAMED_UNIT ( * ) SI_UNIT ( $, .STERADIAN. ) SOLID_ANGLE_UNIT ( ) );
#876 = VECTOR ( 'NONE', #2744, 1000.000000000000000 ) ;
#877 = ORIENTED_EDGE ( 'NONE', *, *, #1578, .T. ) ;
#878 = VECTOR ( 'NONE', #656, 1000.000000000000000 ) ;
#879 = CARTESIAN_POINT ( 'NONE',  ( 2.299999999999959854, 7.882583474831439804E-17, 4.575229084480270103E-13 ) ) ;
#880 = LINE ( 'NONE', #399, #2139 ) ;
#881 = EDGE_LOOP ( 'NONE', ( #1725, #1990, #1178, #2037 ) ) ;
#882 = DIRECTION ( 'NONE',  ( 0.000000000000000000, -0.000000000000000000, 1.000000000000000000 ) ) ;
#883 = EDGE_CURVE ( 'NONE', #1737, #1771, #320, .T. ) ;
#884 = LINE ( 'NONE', #629, #2034 ) ;
#885 = ORIENTED_EDGE ( 'NONE', *, *, #1401, .T. ) ;
#886 = DIRECTION ( 'NONE',  ( -1.000000000000000000, -6.776263578034401480E-17, 0.000000000000000000 ) ) ;
#887 = ORIENTED_EDGE ( 'NONE', *, *, #1612, .F. ) ;
#888 = LINE ( 'NONE', #1110, #1317 ) ;
#889 = VERTEX_POINT ( 'NONE', #592 ) ;
#890 = ORIENTED_EDGE ( 'NONE', *, *, #1595, .T. ) ;
#891 = CARTESIAN_POINT ( 'NONE',  ( 0.4499999990382609893, -0.5000000000000000000, 0.3200000000005884804 ) ) ;
#892 = CARTESIAN_POINT ( 'NONE',  ( 0.9999999990379264680, -0.4649999999999749889, 4.574433201306837080E-13 ) ) ;
#893 = ORIENTED_EDGE ( 'NONE', *, *, #2237, .T. ) ;
#894 = DIRECTION ( 'NONE',  ( 0.000000000000000000, 0.000000000000000000, -1.000000000000000000 ) ) ;
#895 = CARTESIAN_POINT ( 'NONE',  ( 1.049999999038170095, -0.5000000000000000000, 0.02000000161661140072 ) ) ;
#896 = MANIFOLD_SOLID_BREP ( 'brep_3', #1127 ) ;
#897 = EDGE_CURVE ( 'NONE', #793, #7, #395, .T. ) ;
#898 = VERTEX_POINT ( 'NONE', #2331 ) ;
#899 =( LENGTH_UNIT ( ) NAMED_UNIT ( * ) SI_UNIT ( .MILLI., .METRE. ) );
#900 = ORIENTED_EDGE ( 'NONE', *, *, #143, .T. ) ;
#901 = DIRECTION ( 'NONE',  ( 1.000000000000000000, 0.000000000000000000, -0.000000000000000000 ) ) ;
#902 = CARTESIAN_POINT ( 'NONE',  ( 1.499999999038220011, -0.4649999999999749889, 4.574706651662490341E-13 ) ) ;
#903 = VERTEX_POINT ( 'NONE', #829 ) ;
#904 = VECTOR ( 'NONE', #982, 1000.000000000000000 ) ;
#905 = ORIENTED_EDGE ( 'NONE', *, *, #1324, .F. ) ;
#906 = DIRECTION ( 'NONE',  ( 0.000000000000000000, 0.000000000000000000, 1.000000000000000000 ) ) ;
#907 = DIRECTION ( 'NONE',  ( -1.963485578302788297E-28, -4.440892098500142491E-16, 1.000000000000000000 ) ) ;
#908 = VECTOR ( 'NONE', #2002, 1000.000000000000000 ) ;
#909 = EDGE_LOOP ( 'NONE', ( #1668, #2043, #581, #2151 ) ) ;
#910 = VECTOR ( 'NONE', #1485, 1000.000000000000000 ) ;
#911 = DIRECTION ( 'NONE',  ( 1.000000000000000000, 0.000000000000000000, 0.000000000000000000 ) ) ;
#912 =( NAMED_UNIT ( * ) PLANE_ANGLE_UNIT ( ) SI_UNIT ( $, .RADIAN. ) );
#913 = DIRECTION ( 'NONE',  ( 0.000000000000000000, -0.000000000000000000, 1.000000000000000000 ) ) ;
#914 = DIRECTION ( 'NONE',  ( -1.000000000000000000, 0.000000000000000000, -1.136824141767520062E-12 ) ) ;
#915 = PRODUCT_RELATED_PRODUCT_CATEGORY ( 'part', '', ( #686 ) ) ;
#916 = AXIS2_PLACEMENT_3D ( 'NONE', #2458, #497, #1464 ) ;
#917 = PRODUCT_DEFINITION_SHAPE ( 'NONE', 'NONE',  #2663 ) ;
#918 = CARTESIAN_POINT ( 'NONE',  ( 0.6499999990380790349, -0.4649999999999749889, 4.574236029252519810E-13 ) ) ;
#919 = VECTOR ( 'NONE', #994, 1000.000000000000000 ) ;
#920 = ORIENTED_EDGE ( 'NONE', *, *, #1957, .T. ) ;
#921 = MANIFOLD_SOLID_BREP ( 'brep_2', #925 ) ;
#922 = DIRECTION ( 'NONE',  ( 0.000000000000000000, 0.000000000000000000, -1.000000000000000000 ) ) ;
#923 = EDGE_CURVE ( 'NONE', #1237, #2817, #2782, .T. ) ;
#924 = ORIENTED_EDGE ( 'NONE', *, *, #2087, .T. ) ;
#925 = CLOSED_SHELL ( 'NONE', ( #1193, #2633, #2780, #766, #1833, #788, #1528, #1615, #859, #2546, #1413, #213, #554, #2068, #1319, #2609, #2273, #1207, #60 ) ) ;
#926 = ORIENTED_EDGE ( 'NONE', *, *, #1300, .T. ) ;
#927 = MANIFOLD_SOLID_BREP ( 'brep_4', #1539 ) ;
#928 = FACE_OUTER_BOUND ( 'NONE', #2809, .T. ) ;
#929 = LINE ( 'NONE', #1670, #85 ) ;
#930 = AXIS2_PLACEMENT_3D ( 'NONE', #1531, #991, #2224 ) ;
#931 = ORIENTED_EDGE ( 'NONE', *, *, #1545, .T. ) ;
#932 = VECTOR ( 'NONE', #2287, 1000.000000000000000 ) ;
#933 = CARTESIAN_POINT ( 'NONE',  ( 1.949999999038002807, -0.4649999999999749889, 4.575229084480270103E-13 ) ) ;
#934 = PLANE ( 'NONE',  #654 ) ;
#935 = DIRECTION ( 'NONE',  ( -9.170151199560271554E-28, -1.000000000000000000, 8.066464163316089987E-16 ) ) ;
#936 = CARTESIAN_POINT ( 'NONE',  ( 2.500000040840869797, -0.4649999999999749889, 0.7000000000007301493 ) ) ;
#937 =( NAMED_UNIT ( * ) SI_UNIT ( $, .STERADIAN. ) SOLID_ANGLE_UNIT ( ) );
#938 = ORIENTED_EDGE ( 'NONE', *, *, #3001, .F. ) ;
#939 = ADVANCED_FACE ( 'NONE', ( #2611 ), #1591, .T. ) ;
#940 = DIRECTION ( 'NONE',  ( 0.000000000000000000, -1.000000000000000000, -0.000000000000000000 ) ) ;
#941 = VERTEX_POINT ( 'NONE', #2941 ) ;
#942 = EDGE_CURVE ( 'NONE', #1028, #2306, #32, .T. ) ;
#943 = ORIENTED_EDGE ( 'NONE', *, *, #1542, .F. ) ;
#944 = FACE_OUTER_BOUND ( 'NONE', #1443, .T. ) ;
#945 = UNCERTAINTY_MEASURE_WITH_UNIT (LENGTH_MEASURE( 1.000000000000000082E-05 ), #2042, 'distance_accuracy_value', 'NONE');
#946 = EDGE_LOOP ( 'NONE', ( #2206, #2063, #1348, #1720 ) ) ;
#947 = CARTESIAN_POINT ( 'NONE',  ( 2.149999999038548548, -0.5000000000000000000, 0.4699999967682100821 ) ) ;
#948 = SHAPE_REPRESENTATION_RELATIONSHIP ( 'NONE' , 'NONE' ,  #159, #2844 ) ;
#949 =( NAMED_UNIT ( * ) PLANE_ANGLE_UNIT ( ) SI_UNIT ( $, .RADIAN. ) );
#950 = SHAPE_REPRESENTATION ( 'APFA2507_6', ( #2777 ), #2664 ) ;
#951 = CARTESIAN_POINT ( 'NONE',  ( 2.350000000000159961, 3.095623077896138744E-17, 4.575947412572823222E-13 ) ) ;
#952 = DIRECTION ( 'NONE',  ( -0.000000000000000000, 1.000000000000000000, 0.000000000000000000 ) ) ;
#953 = ORIENTED_EDGE ( 'NONE', *, *, #3157, .F. ) ;
#954 = DIRECTION ( 'NONE',  ( 1.000000000000000000, 0.000000000000000000, 0.000000000000000000 ) ) ;
#955 = CARTESIAN_POINT ( 'NONE',  ( 2.249999902331639934, -0.5000000000000000000, 4.575229084480270103E-13 ) ) ;
#956 = EDGE_CURVE ( 'NONE', #2723, #128, #1216, .T. ) ;
#957 = VERTEX_POINT ( 'NONE', #1472 ) ;
#958 = DIRECTION ( 'NONE',  ( -1.000000000000000000, 0.000000000000000000, -1.136824141767520062E-12 ) ) ;
#959 = DIRECTION ( 'NONE',  ( 1.000000000000000000, 0.000000000000000000, 0.000000000000000000 ) ) ;
#960 = VECTOR ( 'NONE', #110, 1000.000000000000000 ) ;
#961 = SHAPE_DEFINITION_REPRESENTATION ( #222, #2823 ) ;
#962 = CARTESIAN_POINT ( 'NONE',  ( 2.349999999038395515, -0.5000000000000000000, 0.4699999967681969815 ) ) ;
#963 = ADVANCED_FACE ( 'NONE', ( #1715 ), #2463, .T. ) ;
#964 = VECTOR ( 'NONE', #469, 1000.000000000000000 ) ;
#965 = APPLICATION_CONTEXT ( 'automotive_design' ) ;
#966 = CARTESIAN_POINT ( 'NONE',  ( 2.149999999999420819, 8.049116928511399431E-18, 0.5199999999999850298 ) ) ;
#967 =( LENGTH_UNIT ( ) NAMED_UNIT ( * ) SI_UNIT ( .MILLI., .METRE. ) );
#968 = DIRECTION ( 'NONE',  ( -0.000000000000000000, 1.000000000000000000, 0.000000000000000000 ) ) ;
#969 = PRODUCT_DEFINITION_FORMATION_WITH_SPECIFIED_SOURCE ( 'ANY', '', #1970, .NOT_KNOWN. ) ;
#970 = AXIS2_PLACEMENT_3D ( 'NONE', #596, #2060, #3064 ) ;
#971 = STYLED_ITEM ( 'NONE', ( #1002 ), #3024 ) ;
#972 = DIRECTION ( 'NONE',  ( -0.000000000000000000, -1.000000000000000000, 0.000000000000000000 ) ) ;
#973 = EDGE_LOOP ( 'NONE', ( #872, #1637, #989, #3030 ) ) ;
#974 = VERTEX_POINT ( 'NONE', #2974 ) ;
#975 = CARTESIAN_POINT ( 'NONE',  ( 0.2000000000002790101, -0.03499999999996820238, 0.4293667011477309559 ) ) ;
#976 = DIRECTION ( 'NONE',  ( 1.355907437030323723E-28, 1.000000000000000000, -1.192622389729869970E-16 ) ) ;
#977 = VERTEX_POINT ( 'NONE', #258 ) ;
#978 = EDGE_CURVE ( 'NONE', #3175, #1651, #1938, .T. ) ;
#979 = VECTOR ( 'NONE', #3184, 1000.000000000000000 ) ;
#980 = DIRECTION ( 'NONE',  ( 0.000000000000000000, 0.000000000000000000, 1.000000000000000000 ) ) ;
#981 = PRODUCT_CONTEXT ( 'NONE', #264, 'mechanical' ) ;
#982 = DIRECTION ( 'NONE',  ( -0.000000000000000000, 0.000000000000000000, -1.000000000000000000 ) ) ;
#983 = CIRCLE ( 'NONE', #2054, 0.5000000000004546363 ) ;
#984 = EDGE_CURVE ( 'NONE', #279, #2146, #1243, .T. ) ;
#985 = CARTESIAN_POINT ( 'NONE',  ( 1.449999999038259935, -0.5000000000000000000, 0.02000000161661140072 ) ) ;
#986 = DIRECTION ( 'NONE',  ( 0.000000000000000000, 0.000000000000000000, -1.000000000000000000 ) ) ;
#987 = AXIS2_PLACEMENT_3D ( 'NONE', #1051, #343, #3009 ) ;
#988 = DIRECTION ( 'NONE',  ( -1.000000000000000000, 0.000000000000000000, -0.000000000000000000 ) ) ;
#989 = ORIENTED_EDGE ( 'NONE', *, *, #1873, .F. ) ;
#990 = EDGE_LOOP ( 'NONE', ( #2863, #1881, #861, #2073, #716, #2308 ) ) ;
#991 = DIRECTION ( 'NONE',  ( 0.000000000000000000, 0.000000000000000000, 1.000000000000000000 ) ) ;
#992 = SURFACE_STYLE_FILL_AREA ( #1926 ) ;
#993 = VERTEX_POINT ( 'NONE', #742 ) ;
#994 = DIRECTION ( 'NONE',  ( -1.000000000000000000, 0.000000000000000000, -0.000000000000000000 ) ) ;
#995 = FACE_OUTER_BOUND ( 'NONE', #2023, .T. ) ;
#996 = DIRECTION ( 'NONE',  ( 0.000000000000000000, 0.000000000000000000, 1.000000000000000000 ) ) ;
#997 = LINE ( 'NONE', #3183, #1724 ) ;
#998 = PRODUCT_DEFINITION ( 'UNKNOWN', '', #1831, #1556 ) ;
#999 = DIRECTION ( 'NONE',  ( -1.000000000000000000, 0.000000000000000000, 0.000000000000000000 ) ) ;
#1000 = CARTESIAN_POINT ( 'NONE',  ( 2.464999999999919922, -0.4649999999999749889, 0.7000000000007301493 ) ) ;
#1001 = EDGE_CURVE ( 'NONE', #1844, #1644, #3139, .T. ) ;
#1002 = PRESENTATION_STYLE_ASSIGNMENT (( #3187 ) ) ;
#1003 = ORIENTED_EDGE ( 'NONE', *, *, #1654, .T. ) ;
#1004 = EDGE_CURVE ( 'NONE', #2256, #993, #1454, .T. ) ;
#1005 = PRODUCT_DEFINITION_SHAPE ( 'NONE', 'NONE',  #3193 ) ;
#1006 = EDGE_LOOP ( 'NONE', ( #1972, #2058, #2712, #830 ) ) ;
#1007 = FACE_OUTER_BOUND ( 'NONE', #2995, .T. ) ;
#1008 = ORIENTED_EDGE ( 'NONE', *, *, #95, .F. ) ;
#1009 = CARTESIAN_POINT ( 'NONE',  ( 0.3499999990383521054, -0.5000000000000000000, 0.3199999967682199964 ) ) ;
#1010 = CARTESIAN_POINT ( 'NONE',  ( 2.049999999038170095, -0.4649999999999749889, 4.574439438056083802E-13 ) ) ;
#1011 = B_SPLINE_CURVE_WITH_KNOTS ( 'NONE', 3,
 ( #389, #1106, #2820, #1842 ),
 .UNSPECIFIED., .F., .F.,
 ( 4, 4 ),
 ( 0.000000000000000000, 1.000000000000000000 ),
 .UNSPECIFIED. ) ;
#1012 = SHAPE_DEFINITION_REPRESENTATION ( #435, #1823 ) ;
#1013 = CARTESIAN_POINT ( 'NONE',  ( 2.349999999980198151, 4.128641840945506332E-17, 0.7000000000007301493 ) ) ;
#1014 = VECTOR ( 'NONE', #3168, 1000.000000000000000 ) ;
#1015 = CARTESIAN_POINT ( 'NONE',  ( 0.03500000000008800932, -0.4649999999999749889, 4.575229084480270103E-13 ) ) ;
#1016 = CARTESIAN_POINT ( 'NONE',  ( -9.415292269383853885E-10, -0.5000000000000000000, 4.576076124852627565E-13 ) ) ;
#1017 = VECTOR ( 'NONE', #495, 1000.000000000000000 ) ;
#1018 = AXIS2_PLACEMENT_3D ( 'NONE', #1032, #517, #28 ) ;
#1019 = DIRECTION ( 'NONE',  ( -6.776263578034403945E-17, 1.000000000000000000, 6.776263578034400247E-17 ) ) ;
#1020 = VECTOR ( 'NONE', #734, 1000.000000000000000 ) ;
#1021 = ORIENTED_EDGE ( 'NONE', *, *, #1109, .T. ) ;
#1022 = VECTOR ( 'NONE', #1726, 1000.000000000000000 ) ;
#1023 = ORIENTED_EDGE ( 'NONE', *, *, #2237, .F. ) ;
#1024 = EDGE_CURVE ( 'NONE', #1532, #2648, #1956, .T. ) ;
#1025 =( LENGTH_UNIT ( ) NAMED_UNIT ( * ) SI_UNIT ( .MILLI., .METRE. ) );
#1026 = SURFACE_SIDE_STYLE ('',( #300 ) ) ;
#1027 = CARTESIAN_POINT ( 'NONE',  ( 0.1999999990384880022, -0.4649999999999749889, 0.3199999967682164437 ) ) ;
#1028 = VERTEX_POINT ( 'NONE', #18 ) ;
#1029 = FACE_OUTER_BOUND ( 'NONE', #2680, .T. ) ;
#1030 = CARTESIAN_POINT ( 'NONE',  ( -9.615570562004900651E-10, -0.5000000000000000000, 4.575229084480270103E-13 ) ) ;
#1031 = PLANE ( 'NONE',  #2822 ) ;
#1032 = CARTESIAN_POINT ( 'NONE',  ( 0.000000000000000000, 0.000000000000000000, 0.000000000000000000 ) ) ;
#1033 = DIRECTION ( 'NONE',  ( 1.000000000000000000, 0.000000000000000000, 0.000000000000000000 ) ) ;
#1034 = APPLICATION_CONTEXT ( 'automotive_design' ) ;
#1035 = AXIS2_PLACEMENT_3D ( 'NONE', #2018, #741, #570 ) ;
#1036 = LINE ( 'NONE', #1050, #667 ) ;
#1037 = DIRECTION ( 'NONE',  ( 0.000000000000000000, 0.000000000000000000, 1.000000000000000000 ) ) ;
#1038 = DIRECTION ( 'NONE',  ( -0.000000000000000000, 0.000000000000000000, -1.000000000000000000 ) ) ;
#1039 = AXIS2_PLACEMENT_3D ( 'NONE', #1986, #806, #601 ) ;
#1040 = ORIENTED_EDGE ( 'NONE', *, *, #1633, .F. ) ;
#1041 = EDGE_CURVE ( 'NONE', #2483, #1959, #1733, .T. ) ;
#1042 = DIRECTION ( 'NONE',  ( -0.000000000000000000, 1.000000000000000000, 0.000000000000000000 ) ) ;
#1043 = FILL_AREA_STYLE ('',( #2277 ) ) ;
#1044 = EDGE_CURVE ( 'NONE', #564, #1510, #239, .T. ) ;
#1045 = VERTEX_POINT ( 'NONE', #1968 ) ;
#1046 = CARTESIAN_POINT ( 'NONE',  ( 1.049999999038170095, -0.4649999999999749889, 0.02000000161661140072 ) ) ;
#1047 = CARTESIAN_POINT ( 'NONE',  ( 0.3499999990383521609, 0.000000000000000000, 4.576301044078330316E-13 ) ) ;
#1048 = APPLICATION_PROTOCOL_DEFINITION ( 'draft international standard', 'automotive_design', 1998, #2971 ) ;
#1049 = DIRECTION ( 'NONE',  ( -0.000000000000000000, 1.000000000000000000, 0.000000000000000000 ) ) ;
#1050 = CARTESIAN_POINT ( 'NONE',  ( 2.299999999999735145, 3.139009234834344575E-12, 4.575229084480270103E-13 ) ) ;
#1051 = CARTESIAN_POINT ( 'NONE',  ( 2.299999999999509992, 0.000000000000000000, 0.7000000000007301493 ) ) ;
#1052 = DIRECTION ( 'NONE',  ( -1.000000000000000000, -6.776263578034401480E-17, 0.000000000000000000 ) ) ;
#1053 = VERTEX_POINT ( 'NONE', #758 ) ;
#1054 = LINE ( 'NONE', #2824, #574 ) ;
#1055 = EDGE_CURVE ( 'NONE', #2127, #820, #646, .T. ) ;
#1056 = DIRECTION ( 'NONE',  ( -2.273780989880960023E-12, 1.994931997855329875E-17, 1.000000000000000000 ) ) ;
#1057 = VERTEX_POINT ( 'NONE', #1619 ) ;
#1058 =( NAMED_UNIT ( * ) PLANE_ANGLE_UNIT ( ) SI_UNIT ( $, .RADIAN. ) );
#1059 = EDGE_LOOP ( 'NONE', ( #3012, #1405, #3156, #2933 ) ) ;
#1060 = DIRECTION ( 'NONE',  ( 0.000000000000000000, -1.000000000000000000, 0.000000000000000000 ) ) ;
#1061 = LINE ( 'NONE', #817, #2300 ) ;
#1062 = ITEM_DEFINED_TRANSFORMATION ( 'NONE', 'NONE', #1070,  #2777 ) ;
#1063 = LINE ( 'NONE', #2488, #2340 ) ;
#1064 = ORIENTED_EDGE ( 'NONE', *, *, #488, .T. ) ;
#1065 = LINE ( 'NONE', #1712, #1273 ) ;
#1066 = PLANE ( 'NONE',  #322 ) ;
#1067 = AXIS2_PLACEMENT_3D ( 'NONE', #637, #907, #418 ) ;
#1068 = DIRECTION ( 'NONE',  ( -6.776263578034403945E-17, 1.000000000000000000, 6.776263578034400247E-17 ) ) ;
#1069 = VERTEX_POINT ( 'NONE', #413 ) ;
#1070 = AXIS2_PLACEMENT_3D ( 'NONE', #14, #2734, #1486 ) ;
#1071 = MECHANICAL_DESIGN_GEOMETRIC_PRESENTATION_REPRESENTATION (  '', ( #2502 ), #351 ) ;
#1072 = ORIENTED_EDGE ( 'NONE', *, *, #476, .F. ) ;
#1073 = SURFACE_SIDE_STYLE ('',( #831 ) ) ;
#1074 = AXIS2_PLACEMENT_3D ( 'NONE', #1361, #3095, #1134 ) ;
#1075 = VERTEX_POINT ( 'NONE', #1376 ) ;
#1076 = CARTESIAN_POINT ( 'NONE',  ( 0.3628221509515679455, -0.4649999999999749889, 0.7000000000007366996 ) ) ;
#1077 = PRODUCT_CONTEXT ( 'NONE', #2234, 'mechanical' ) ;
#1078 = CARTESIAN_POINT ( 'NONE',  ( 0.4500000957448326289, -0.4999999999999991673, 0.5200000000004959544 ) ) ;
#1079 = EDGE_CURVE ( 'NONE', #2810, #7, #2367, .T. ) ;
#1080 = VERTEX_POINT ( 'NONE', #2383 ) ;
#1081 = DIRECTION ( 'NONE',  ( -0.000000000000000000, -0.000000000000000000, 1.000000000000000000 ) ) ;
#1082 = CARTESIAN_POINT ( 'NONE',  ( 0.3499999999995509481, 3.388131789017201356E-17, 0.3251740997246799769 ) ) ;
#1083 = PRODUCT_DEFINITION_CONTEXT ( 'detailed design', #634, 'design' ) ;
#1084 = EDGE_CURVE ( 'NONE', #7, #1616, #1636, .T. ) ;
#1085 = VECTOR ( 'NONE', #789, 1000.000000000000000 ) ;
#1086 =( LENGTH_UNIT ( ) NAMED_UNIT ( * ) SI_UNIT ( .MILLI., .METRE. ) );
#1087 = MECHANICAL_DESIGN_GEOMETRIC_PRESENTATION_REPRESENTATION (  '', ( #1182 ), #2313 ) ;
#1088 = ORIENTED_EDGE ( 'NONE', *, *, #1657, .F. ) ;
#1089 =( REPRESENTATION_RELATIONSHIP ('NONE','NONE', #2823, #1823 ) REPRESENTATION_RELATIONSHIP_WITH_TRANSFORMATION ( #2861 )SHAPE_REPRESENTATION_RELATIONSHIP( ) );
#1090 = VERTEX_POINT ( 'NONE', #1393 ) ;
#1091 = LINE ( 'NONE', #879, #245 ) ;
#1092 = SHAPE_DEFINITION_REPRESENTATION ( #3174, #2360 ) ;
#1093 = DIRECTION ( 'NONE',  ( -0.000000000000000000, 0.000000000000000000, 1.000000000000000000 ) ) ;
#1094 = ORIENTED_EDGE ( 'NONE', *, *, #2492, .T. ) ;
#1095 = FACE_OUTER_BOUND ( 'NONE', #1961, .T. ) ;
#1096 = FACE_OUTER_BOUND ( 'NONE', #2421, .T. ) ;
#1097 = PRODUCT_DEFINITION ( 'UNKNOWN', '', #456, #2795 ) ;
#1098 = EDGE_CURVE ( 'NONE', #437, #1532, #1158, .T. ) ;
#1099 = VERTEX_POINT ( 'NONE', #1700 ) ;
#1100 = EDGE_CURVE ( 'NONE', #2537, #1658, #2686, .T. ) ;
#1101 = ORIENTED_EDGE ( 'NONE', *, *, #2959, .T. ) ;
#1102 = CARTESIAN_POINT ( 'NONE',  ( 1.799999999999510436, -3.362120911539564890E-13, 0.7000000000007308154 ) ) ;
#1103 = DIRECTION ( 'NONE',  ( -1.000000000000000000, 2.310651670000210115E-15, -1.749651205168459947E-12 ) ) ;
#1104 = ORIENTED_EDGE ( 'NONE', *, *, #3001, .T. ) ;
#1105 = CARTESIAN_POINT ( 'NONE',  ( 0.1999999990384880022, -0.4649999999999749889, 0.4699999967682789159 ) ) ;
#1106 = CARTESIAN_POINT ( 'NONE',  ( 0.1506280986381401954, 7.882583474832701981E-17, 0.3391533292703524105 ) ) ;
#1107 = ORIENTED_EDGE ( 'NONE', *, *, #3157, .T. ) ;
#1108 = ORIENTED_EDGE ( 'NONE', *, *, #1762, .F. ) ;
#1109 = EDGE_CURVE ( 'NONE', #1180, #1602, #81, .T. ) ;
#1110 = CARTESIAN_POINT ( 'NONE',  ( 0.5499999990379359494, -0.5000000000000000000, 4.575229084480270103E-13 ) ) ;
#1111 = VECTOR ( 'NONE', #2134, 1000.000000000000000 ) ;
#1112 = VECTOR ( 'NONE', #249, 1000.000000000000000 ) ;
#1113 = ADVANCED_FACE ( 'NONE', ( #2036 ), #2006, .T. ) ;
#1114 = ORIENTED_EDGE ( 'NONE', *, *, #1767, .F. ) ;
#1115 = DIRECTION ( 'NONE',  ( -1.000000000000000000, -0.000000000000000000, -0.000000000000000000 ) ) ;
#1116 = AXIS2_PLACEMENT_3D ( 'NONE', #785, #62, #3031 ) ;
#1117 = LINE ( 'NONE', #1384, #83 ) ;
#1118 = VECTOR ( 'NONE', #34, 1000.000000000000000 ) ;
#1119 = ORIENTED_EDGE ( 'NONE', *, *, #54, .T. ) ;
#1120 = LINE ( 'NONE', #1812, #2624 ) ;
#1121 = CARTESIAN_POINT ( 'NONE',  ( 2.299999999999959854, 0.000000000000000000, 0.5699999999998249800 ) ) ;
#1122 = AXIS2_PLACEMENT_3D ( 'NONE', #2825, #2855, #886 ) ;
#1123 = ORIENTED_EDGE ( 'NONE', *, *, #2297, .T. ) ;
#1124 = SHAPE_REPRESENTATION_RELATIONSHIP ( 'NONE' , 'NONE' ,  #843, #3084 ) ;
#1125 = VERTEX_POINT ( 'NONE', #1522 ) ;
#1126 =( REPRESENTATION_RELATIONSHIP ('NONE','NONE', #2823, #2588 ) REPRESENTATION_RELATIONSHIP_WITH_TRANSFORMATION ( #76 )SHAPE_REPRESENTATION_RELATIONSHIP( ) );
#1127 = CLOSED_SHELL ( 'NONE', ( #2140, #2510, #1204, #415, #2177, #1226 ) ) ;
#1128 = DIRECTION ( 'NONE',  ( 0.000000000000000000, 0.000000000000000000, 1.000000000000000000 ) ) ;
#1129 =( NAMED_UNIT ( * ) SI_UNIT ( $, .STERADIAN. ) SOLID_ANGLE_UNIT ( ) );
#1130 = EDGE_LOOP ( 'NONE', ( #1596, #21, #938, #3164, #2449, #1064, #177, #480 ) ) ;
#1131 = ADVANCED_FACE ( 'NONE', ( #2019 ), #1066, .T. ) ;
#1132 = AXIS2_PLACEMENT_3D ( 'NONE', #2516, #8, #494 ) ;
#1133 = EDGE_LOOP ( 'NONE', ( #1911, #1298, #483, #2827 ) ) ;
#1134 = DIRECTION ( 'NONE',  ( 0.000000000000000000, 0.000000000000000000, 1.000000000000000000 ) ) ;
#1135 = DIRECTION ( 'NONE',  ( 1.000000000000000000, 0.000000000000000000, 0.000000000000000000 ) ) ;
#1136 = EDGE_CURVE ( 'NONE', #1923, #1959, #822, .T. ) ;
#1137 = ORIENTED_EDGE ( 'NONE', *, *, #2530, .F. ) ;
#1138 = LINE ( 'NONE', #1567, #2106 ) ;
#1139 = CARTESIAN_POINT ( 'NONE',  ( 0.03500000000008809953, -0.03499999999996809830, 4.575229084480270103E-13 ) ) ;
#1140 = ORIENTED_EDGE ( 'NONE', *, *, #1241, .T. ) ;
#1141 = CARTESIAN_POINT ( 'NONE',  ( 2.349999999038117515, -0.5000000000000000000, 0.7000000000007301493 ) ) ;
#1142 = VERTEX_POINT ( 'NONE', #2739 ) ;
#1143 = CARTESIAN_POINT ( 'NONE',  ( 0.3499999990383521054, -0.5000000000000000000, 4.575229084480270103E-13 ) ) ;
#1144 = CARTESIAN_POINT ( 'NONE',  ( 0.5499999990379299541, -0.4649999999999749889, 4.574846255663209765E-13 ) ) ;
#1145 = EDGE_LOOP ( 'NONE', ( #1687, #2499, #733, #1930 ) ) ;
#1146 = EDGE_CURVE ( 'NONE', #3122, #1028, #2250, .T. ) ;
#1147 = CARTESIAN_POINT ( 'NONE',  ( 1.949999999037810072, -0.4649999999999749889, 4.574791066802585959E-13 ) ) ;
#1148 = CARTESIAN_POINT ( 'NONE',  ( 2.149999999038539222, -0.5000000000000000000, 4.575506630767707490E-13 ) ) ;
#1149 = ORIENTED_EDGE ( 'NONE', *, *, #2135, .F. ) ;
#1150 = EDGE_CURVE ( 'NONE', #1771, #974, #2526, .T. ) ;
#1151 = LINE ( 'NONE', #2117, #1276 ) ;
#1152 = LINE ( 'NONE', #676, #1779 ) ;
#1153 = EDGE_CURVE ( 'NONE', #2625, #214, #1508, .T. ) ;
#1154 = DIRECTION ( 'NONE',  ( -0.000000000000000000, -0.000000000000000000, -1.000000000000000000 ) ) ;
#1155 = DIRECTION ( 'NONE',  ( 0.000000000000000000, 1.000000000000000000, 0.000000000000000000 ) ) ;
#1156 = ORIENTED_EDGE ( 'NONE', *, *, #1721, .T. ) ;
#1157 = PLANE ( 'NONE',  #1529 ) ;
#1158 = LINE ( 'NONE', #2143, #580 ) ;
#1159 = ORIENTED_EDGE ( 'NONE', *, *, #19, .T. ) ;
#1160 = AXIS2_PLACEMENT_3D ( 'NONE', #3069, #3128, #1869 ) ;
#1161 = ORIENTED_EDGE ( 'NONE', *, *, #273, .T. ) ;
#1162 = LINE ( 'NONE', #2270, #2608 ) ;
#1163 = UNCERTAINTY_MEASURE_WITH_UNIT (LENGTH_MEASURE( 1.000000000000000082E-05 ), #2205, 'distance_accuracy_value', 'NONE');
#1164 = EDGE_LOOP ( 'NONE', ( #1088, #420, #1858, #2364, #2812, #2553, #2188, #647 ) ) ;
#1165 = VECTOR ( 'NONE', #548, 1000.000000000000000 ) ;
#1166 = LINE ( 'NONE', #2886, #260 ) ;
#1167 = CARTESIAN_POINT ( 'NONE',  ( 2.149999999999420819, 2.220446049250820109E-17, 0.7000000000007301493 ) ) ;
#1168 = SHAPE_REPRESENTATION ( 'APFA2507_1', ( #2777 ), #2150 ) ;
#1169 = CARTESIAN_POINT ( 'NONE',  ( 0.03500000000008809953, -0.4649999999999749889, 4.575229084480270103E-13 ) ) ;
#1170 = EDGE_CURVE ( 'NONE', #1602, #128, #2298, .T. ) ;
#1171 = VECTOR ( 'NONE', #752, 1000.000000000000000 ) ;
#1172 = DIRECTION ( 'NONE',  ( 0.000000000000000000, 1.000000000000000000, 0.000000000000000000 ) ) ;
#1173 = SHAPE_REPRESENTATION_RELATIONSHIP ( 'NONE' , 'NONE' ,  #2283, #2721 ) ;
#1174 = VERTEX_POINT ( 'NONE', #1082 ) ;
#1175 = EDGE_CURVE ( 'NONE', #1234, #279, #2053, .T. ) ;
#1176 = DIRECTION ( 'NONE',  ( 0.000000000000000000, 0.000000000000000000, 1.000000000000000000 ) ) ;
#1177 = CARTESIAN_POINT ( 'NONE',  ( 1.799999999999510436, 0.5000000000001140199, 4.575229084480270103E-13 ) ) ;
#1178 = ORIENTED_EDGE ( 'NONE', *, *, #1427, .T. ) ;
#1179 = VECTOR ( 'NONE', #3008, 1000.000000000000000 ) ;
#1180 = VERTEX_POINT ( 'NONE', #310 ) ;
#1181 = FACE_OUTER_BOUND ( 'NONE', #1059, .T. ) ;
#1182 = STYLED_ITEM ( 'NONE', ( #510 ), #856 ) ;
#1183 = ORIENTED_EDGE ( 'NONE', *, *, #745, .F. ) ;
#1184 = VECTOR ( 'NONE', #1295, 1000.000000000000000 ) ;
#1185 = DIRECTION ( 'NONE',  ( 1.136824141767520062E-12, -8.066464163316089987E-16, -1.000000000000000000 ) ) ;
#1186 = DIRECTION ( 'NONE',  ( 0.000000000000000000, 0.000000000000000000, 1.000000000000000000 ) ) ;
#1187 = DIRECTION ( 'NONE',  ( -0.000000000000000000, 1.000000000000000000, 0.000000000000000000 ) ) ;
#1188 = CARTESIAN_POINT ( 'NONE',  ( 0.2499999999995509703, -0.03499999999996819544, 0.3251740997246799769 ) ) ;
#1189 = EDGE_CURVE ( 'NONE', #2162, #3045, #2542, .T. ) ;
#1190 = LINE ( 'NONE', #1233, #2093 ) ;
#1191 = ORIENTED_EDGE ( 'NONE', *, *, #146, .T. ) ;
#1192 = EDGE_LOOP ( 'NONE', ( #1867, #2529, #792, #251, #2107, #215, #905, #2050 ) ) ;
#1193 = ADVANCED_FACE ( 'NONE', ( #1275 ), #2808, .T. ) ;
#1194 = DIRECTION ( 'NONE',  ( -1.973115228024722683E-28, 4.440892098500144464E-16, -1.000000000000000000 ) ) ;
#1195 = FACE_OUTER_BOUND ( 'NONE', #2409, .T. ) ;
#1196 = ORIENTED_EDGE ( 'NONE', *, *, #2816, .T. ) ;
#1197 = CARTESIAN_POINT ( 'NONE',  ( 1.299999999038170095, -0.5000000000000000000, 0.4699999983844260210 ) ) ;
#1198 = CARTESIAN_POINT ( 'NONE',  ( 2.300000000000189893, -0.03500000000001578931, 0.7000000000007305934 ) ) ;
#1199 = CARTESIAN_POINT ( 'NONE',  ( 2.299999999999959854, 7.882583474831439804E-17, 0.5699999999998534017 ) ) ;
#1200 = DIRECTION ( 'NONE',  ( 0.000000000000000000, 0.000000000000000000, 1.000000000000000000 ) ) ;
#1201 = PRODUCT_DEFINITION_SHAPE ( 'NONE', 'NONE',  #3197 ) ;
#1202 = CARTESIAN_POINT ( 'NONE',  ( 2.149999999999420819, -0.03499999999996813299, 0.7000000000007301493 ) ) ;
#1203 = ORIENTED_EDGE ( 'NONE', *, *, #210, .F. ) ;
#1204 = ADVANCED_FACE ( 'NONE', ( #2556 ), #1781, .T. ) ;
#1205 = VERTEX_POINT ( 'NONE', #1016 ) ;
#1206 = PLANE ( 'NONE',  #763 ) ;
#1207 = ADVANCED_FACE ( 'NONE', ( #537 ), #2491, .T. ) ;
#1208 = VERTEX_POINT ( 'NONE', #2774 ) ;
#1209 = DIRECTION ( 'NONE',  ( -0.000000000000000000, -0.000000000000000000, 1.000000000000000000 ) ) ;
#1210 = LINE ( 'NONE', #2442, #1214 ) ;
#1211 = AXIS2_PLACEMENT_3D ( 'NONE', #597, #2597, #1852 ) ;
#1212 = DIRECTION ( 'NONE',  ( 1.000000000000000000, 0.000000000000000000, 0.000000000000000000 ) ) ;
#1213 = CARTESIAN_POINT ( 'NONE',  ( 2.350000000000159961, -0.03499999999996820238, 0.5699999999998820455 ) ) ;
#1214 = VECTOR ( 'NONE', #1402, 1000.000000000000000 ) ;
#1215 = LINE ( 'NONE', #985, #2359 ) ;
#1216 = LINE ( 'NONE', #2719, #155 ) ;
#1217 = VECTOR ( 'NONE', #2487, 1000.000000000000000 ) ;
#1218 = STYLED_ITEM ( 'NONE', ( #2778 ), #3059 ) ;
#1219 = ORIENTED_EDGE ( 'NONE', *, *, #2811, .F. ) ;
#1220 = ORIENTED_EDGE ( 'NONE', *, *, #2344, .T. ) ;
#1221 = PRODUCT_RELATED_PRODUCT_CATEGORY ( 'part', '', ( #2378 ) ) ;
#1222 = CARTESIAN_POINT ( 'NONE',  ( 0.9999999990379835335, -0.5000000000000000000, 4.575229084480270103E-13 ) ) ;
#1223 = CARTESIAN_POINT ( 'NONE',  ( 2.300000000000189893, 0.5000000000001140199, 4.578521490127579619E-13 ) ) ;
#1224 = ORIENTED_EDGE ( 'NONE', *, *, #1924, .F. ) ;
#1225 = CARTESIAN_POINT ( 'NONE',  ( 1.299999999038170095, -0.5000000000000000000, 0.3699999983844040052 ) ) ;
#1226 = ADVANCED_FACE ( 'NONE', ( #571 ), #50, .T. ) ;
#1227 = VECTOR ( 'NONE', #1042, 1000.000000000000000 ) ;
#1228 = DIRECTION ( 'NONE',  ( -1.000000000000000000, 3.972516759986960033E-15, -3.783581087324350278E-12 ) ) ;
#1229 = CARTESIAN_POINT ( 'NONE',  ( 0.6499999990380790349, -0.5000000000000000000, 0.4699999983843284879 ) ) ;
#1230 = VECTOR ( 'NONE', #1645, 1000.000000000000000 ) ;
#1231 = FACE_OUTER_BOUND ( 'NONE', #1816, .T. ) ;
#1232 = DIRECTION ( 'NONE',  ( 0.000000000000000000, 1.000000000000000000, 0.000000000000000000 ) ) ;
#1233 = CARTESIAN_POINT ( 'NONE',  ( 0.03500000000013992613, 0.000000000000000000, 0.7000000000007301493 ) ) ;
#1234 = VERTEX_POINT ( 'NONE', #2586 ) ;
#1235 = EDGE_LOOP ( 'NONE', ( #887, #746, #2731, #893 ) ) ;
#1236 = CARTESIAN_POINT ( 'NONE',  ( 2.149999999038529896, -0.5000000000000000000, 4.575229084480270103E-13 ) ) ;
#1237 = VERTEX_POINT ( 'NONE', #2620 ) ;
#1238 = CARTESIAN_POINT ( 'NONE',  ( 0.03500000000023113789, -0.4649999999999749889, 0.7000000000007301493 ) ) ;
#1239 = CARTESIAN_POINT ( 'NONE',  ( 2.464999999999919922, -0.03499999999996812605, 0.7000000000007301493 ) ) ;
#1240 = APPLICATION_PROTOCOL_DEFINITION ( 'draft international standard', 'automotive_design', 1998, #1446 ) ;
#1241 = EDGE_CURVE ( 'NONE', #1205, #2040, #2358, .T. ) ;
#1242 = CARTESIAN_POINT ( 'NONE',  ( 0.4499999990382609893, -0.4649999999999749889, 0.3200000000005640555 ) ) ;
#1243 = LINE ( 'NONE', #2232, #2422 ) ;
#1244 = ADVANCED_FACE ( 'NONE', ( #1611 ), #423, .T. ) ;
#1245 = PLANE ( 'NONE',  #2148 ) ;
#1246 = ORIENTED_EDGE ( 'NONE', *, *, #2831, .F. ) ;
#1247 = EDGE_LOOP ( 'NONE', ( #2222, #94, #1791, #1149 ) ) ;
#1248 = FACE_OUTER_BOUND ( 'NONE', #1351, .T. ) ;
#1249 = DIRECTION ( 'NONE',  ( 0.000000000000000000, 0.000000000000000000, 1.000000000000000000 ) ) ;
#1250 = ORIENTED_EDGE ( 'NONE', *, *, #1100, .F. ) ;
#1251 = CARTESIAN_POINT ( 'NONE',  ( 0.4499999990382609893, -0.5000000000000000000, 4.575229084480270103E-13 ) ) ;
#1252 = PLANE ( 'NONE',  #3188 ) ;
#1253 = DIRECTION ( 'NONE',  ( 1.000000000000000000, 0.000000000000000000, 0.000000000000000000 ) ) ;
#1254 = CARTESIAN_POINT ( 'NONE',  ( 2.149999999999420819, 0.000000000000000000, 0.7000000000007301493 ) ) ;
#1255 = VECTOR ( 'NONE', #1505, 1000.000000000000000 ) ;
#1256 = PLANE ( 'NONE',  #519 ) ;
#1257 = CARTESIAN_POINT ( 'NONE',  ( 0.1503140493192318128, -0.03499999999996809830, 0.3394379632132502045 ) ) ;
#1258 = EDGE_CURVE ( 'NONE', #1582, #1737, #1629, .T. ) ;
#1259 = AXIS2_PLACEMENT_3D ( 'NONE', #3006, #2503, #1748 ) ;
#1260 = AXIS2_PLACEMENT_3D ( 'NONE', #1046, #12, #45 ) ;
#1261 = EDGE_CURVE ( 'NONE', #3112, #2742, #884, .T. ) ;
#1262 = ORIENTED_EDGE ( 'NONE', *, *, #361, .F. ) ;
#1263 = SHAPE_REPRESENTATION ( 'APFA2507_2', ( #2777 ), #715 ) ;
#1264 = AXIS2_PLACEMENT_3D ( 'NONE', #306, #3017, #2764 ) ;
#1265 = EDGE_LOOP ( 'NONE', ( #1819, #1094, #2144, #2926 ) ) ;
#1266 = DIRECTION ( 'NONE',  ( -0.000000000000000000, 0.000000000000000000, 1.000000000000000000 ) ) ;
#1267 = DIRECTION ( 'NONE',  ( -0.000000000000000000, 1.000000000000000000, 0.000000000000000000 ) ) ;
#1268 = ORIENTED_EDGE ( 'NONE', *, *, #335, .T. ) ;
#1269 = DIRECTION ( 'NONE',  ( -0.000000000000000000, 1.000000000000000000, 0.000000000000000000 ) ) ;
#1270 = FACE_OUTER_BOUND ( 'NONE', #1399, .T. ) ;
#1271 = LINE ( 'NONE', #2788, #1217 ) ;
#1272 = CARTESIAN_POINT ( 'NONE',  ( 2.500000002068880178, 0.000000000000000000, 4.576301044078330316E-13 ) ) ;
#1273 = VECTOR ( 'NONE', #2478, 1000.000000000000000 ) ;
#1274 = CARTESIAN_POINT ( 'NONE',  ( 2.349999999038431930, -0.4649999999999749889, 0.4699999967682100821 ) ) ;
#1275 = FACE_OUTER_BOUND ( 'NONE', #2792, .T. ) ;
#1276 = VECTOR ( 'NONE', #2916, 1000.000000000000000 ) ;
#1277 = PRODUCT_DEFINITION ( 'UNKNOWN', '', #2088, #204 ) ;
#1278 = PLANE ( 'NONE',  #2145 ) ;
#1279 =( GEOMETRIC_REPRESENTATION_CONTEXT ( 3 ) GLOBAL_UNCERTAINTY_ASSIGNED_CONTEXT ( ( #2914 ) ) GLOBAL_UNIT_ASSIGNED_CONTEXT ( ( #367, #1331, #2594 ) ) REPRESENTATION_CONTEXT ( 'NONE', 'WORKASPACE' ) );
#1280 = DIRECTION ( 'NONE',  ( 0.000000000000000000, 0.000000000000000000, 1.000000000000000000 ) ) ;
#1281 = ORIENTED_EDGE ( 'NONE', *, *, #2849, .T. ) ;
#1282 = EDGE_CURVE ( 'NONE', #974, #564, #1388, .T. ) ;
#1283 = ORIENTED_EDGE ( 'NONE', *, *, #2975, .F. ) ;
#1284 = SHAPE_REPRESENTATION ( 'APFA2507_7', ( #2777 ), #768 ) ;
#1285 =( REPRESENTATION_RELATIONSHIP ('NONE','NONE', #2823, #2360 ) REPRESENTATION_RELATIONSHIP_WITH_TRANSFORMATION ( #864 )SHAPE_REPRESENTATION_RELATIONSHIP( ) );
#1286 = DIRECTION ( 'NONE',  ( -1.000000000000000000, 0.000000000000000000, 0.000000000000000000 ) ) ;
#1287 = ADVANCED_FACE ( 'NONE', ( #1350 ), #2574, .T. ) ;
#1288 = ORIENTED_EDGE ( 'NONE', *, *, #2156, .T. ) ;
#1289 = CARTESIAN_POINT ( 'NONE',  ( 0.9999999990379880854, -0.4649999999999749889, 4.574236029252519810E-13 ) ) ;
#1290 = LINE ( 'NONE', #533, #2927 ) ;
#1291 = PRODUCT_CONTEXT ( 'NONE', #2951, 'mechanical' ) ;
#1292 = CARTESIAN_POINT ( 'NONE',  ( 0.6499999990380790349, -0.5000000000000000000, 4.574481054908970506E-13 ) ) ;
#1293 = VERTEX_POINT ( 'NONE', #2866 ) ;
#1294 = LINE ( 'NONE', #2286, #205 ) ;
#1295 = DIRECTION ( 'NONE',  ( -0.000000000000000000, -0.000000000000000000, 1.000000000000000000 ) ) ;
#1296 = ADVANCED_BREP_SHAPE_REPRESENTATION ( '', ( #1929, #2777 ), #2150 ) ;
#1297 = LINE ( 'NONE', #1769, #296 ) ;
#1298 = ORIENTED_EDGE ( 'NONE', *, *, #2776, .F. ) ;
#1299 = CYLINDRICAL_SURFACE ( 'NONE', #1469, 0.1999999999998516576 ) ;
#1300 = EDGE_CURVE ( 'NONE', #2288, #2910, #171, .T. ) ;
#1301 = EDGE_LOOP ( 'NONE', ( #2181, #466, #2122, #1360 ) ) ;
#1302 = DIRECTION ( 'NONE',  ( 0.000000000000000000, 0.000000000000000000, -1.000000000000000000 ) ) ;
#1303 = LINE ( 'NONE', #46, #2557 ) ;
#1304 = CARTESIAN_POINT ( 'NONE',  ( 0.2000000000002790101, 8.131516293641283255E-17, 0.4117766401035427570 ) ) ;
#1305 = EDGE_CURVE ( 'NONE', #317, #526, #1152, .T. ) ;
#1306 = VERTEX_POINT ( 'NONE', #895 ) ;
#1307 = CARTESIAN_POINT ( 'NONE',  ( 2.300000000000189893, -0.03500000000002531642, 0.7000000000007301493 ) ) ;
#1308 = CARTESIAN_POINT ( 'NONE',  ( 2.350000000000258105, 7.882583474831439804E-17, 4.575229084480270103E-13 ) ) ;
#1309 = VECTOR ( 'NONE', #3096, 1000.000000000000000 ) ;
#1310 = CYLINDRICAL_SURFACE ( 'NONE', #2766, 0.1000000000000000194 ) ;
#1311 = ORIENTED_EDGE ( 'NONE', *, *, #942, .T. ) ;
#1312 = VECTOR ( 'NONE', #1461, 1000.000000000000000 ) ;
#1313 = VECTOR ( 'NONE', #2045, 1000.000000000000000 ) ;
#1314 =( NAMED_UNIT ( * ) PLANE_ANGLE_UNIT ( ) SI_UNIT ( $, .RADIAN. ) );
#1315 = ORIENTED_EDGE ( 'NONE', *, *, #2469, .T. ) ;
#1316 = FILL_AREA_STYLE_COLOUR ( '', #188 ) ;
#1317 = VECTOR ( 'NONE', #1391, 1000.000000000000000 ) ;
#1318 = ORIENTED_EDGE ( 'NONE', *, *, #2939, .T. ) ;
#1319 = ADVANCED_FACE ( 'NONE', ( #1096 ), #2066, .T. ) ;
#1320 = CARTESIAN_POINT ( 'NONE',  ( 2.149999999038529896, -0.4649999999999749889, 0.4699999967682207958 ) ) ;
#1321 = APPLICATION_PROTOCOL_DEFINITION ( 'draft international standard', 'automotive_design', 1998, #760 ) ;
#1322 = CARTESIAN_POINT ( 'NONE',  ( 1.499999999038408749, -0.5000000000000000000, 0.4699999983842798046 ) ) ;
#1323 = ORIENTED_EDGE ( 'NONE', *, *, #210, .T. ) ;
#1324 = EDGE_CURVE ( 'NONE', #1620, #2381, #378, .T. ) ;
#1325 = LINE ( 'NONE', #3053, #2159 ) ;
#1326 = DIRECTION ( 'NONE',  ( -1.000000000000000000, 0.000000000000000000, 0.000000000000000000 ) ) ;
#1327 = VECTOR ( 'NONE', #536, 1000.000000000000000 ) ;
#1328 = DIRECTION ( 'NONE',  ( 0.000000000000000000, 0.000000000000000000, 1.000000000000000000 ) ) ;
#1329 = EDGE_LOOP ( 'NONE', ( #2178, #397, #1219, #590 ) ) ;
#1330 = STYLED_ITEM ( 'NONE', ( #844 ), #927 ) ;
#1331 =( NAMED_UNIT ( * ) PLANE_ANGLE_UNIT ( ) SI_UNIT ( $, .RADIAN. ) );
#1332 = ORIENTED_EDGE ( 'NONE', *, *, #2811, .T. ) ;
#1333 = EDGE_LOOP ( 'NONE', ( #401, #1137, #1499, #462 ) ) ;
#1334 = CARTESIAN_POINT ( 'NONE',  ( 0.2499999999995497491, -0.03499999999996814687, 0.3251740997246798104 ) ) ;
#1335 = SHAPE_DEFINITION_REPRESENTATION ( #3, #2588 ) ;
#1336 = CARTESIAN_POINT ( 'NONE',  ( 1.049999999038170095, -0.5000000000000000000, 0.3699999983844040052 ) ) ;
#1337 = VERTEX_POINT ( 'NONE', #1339 ) ;
#1338 = FACE_OUTER_BOUND ( 'NONE', #1447, .T. ) ;
#1339 = CARTESIAN_POINT ( 'NONE',  ( 1.849999999038156817, -0.5000000000000000000, 4.574575832304744238E-13 ) ) ;
#1340 = EDGE_CURVE ( 'NONE', #1090, #323, #1890, .T. ) ;
#1341 = CARTESIAN_POINT ( 'NONE',  ( 0.7000000000005067724, 0.5000000000001134648, 0.7000000000007308154 ) ) ;
#1342 = ORIENTED_EDGE ( 'NONE', *, *, #1782, .F. ) ;
#1343 = EDGE_CURVE ( 'NONE', #1561, #2472, #2637, .T. ) ;
#1344 = EDGE_LOOP ( 'NONE', ( #2598, #2846, #2519, #3160 ) ) ;
#1345 = ORIENTED_EDGE ( 'NONE', *, *, #2996, .F. ) ;
#1346 = CARTESIAN_POINT ( 'NONE',  ( 1.049999999038170095, -0.5000000000000000000, 0.02000000161661140072 ) ) ;
#1347 = DIRECTION ( 'NONE',  ( -1.000000000000000000, 0.000000000000000000, -0.000000000000000000 ) ) ;
#1348 = ORIENTED_EDGE ( 'NONE', *, *, #2433, .F. ) ;
#1349 = DIRECTION ( 'NONE',  ( -1.300042018481659960E-11, 1.000000000000000000, 0.000000000000000000 ) ) ;
#1350 = FACE_OUTER_BOUND ( 'NONE', #263, .T. ) ;
#1351 = EDGE_LOOP ( 'NONE', ( #2843, #2829, #426, #1973 ) ) ;
#1352 = EDGE_CURVE ( 'NONE', #1632, #2537, #441, .T. ) ;
#1353 = EDGE_LOOP ( 'NONE', ( #2116, #2901, #649, #702 ) ) ;
#1354 = EDGE_CURVE ( 'NONE', #1658, #2389, #617, .T. ) ;
#1355 = LINE ( 'NONE', #1860, #815 ) ;
#1356 = AXIS2_PLACEMENT_3D ( 'NONE', #3036, #2769, #1795 ) ;
#1357 = SURFACE_STYLE_FILL_AREA ( #114 ) ;
#1358 = EDGE_LOOP ( 'NONE', ( #1250, #2514, #1377, #1459 ) ) ;
#1359 =( GEOMETRIC_REPRESENTATION_CONTEXT ( 3 ) GLOBAL_UNCERTAINTY_ASSIGNED_CONTEXT ( ( #2613 ) ) GLOBAL_UNIT_ASSIGNED_CONTEXT ( ( #190, #2973, #3170 ) ) REPRESENTATION_CONTEXT ( 'NONE', 'WORKASPACE' ) );
#1360 = ORIENTED_EDGE ( 'NONE', *, *, #2189, .F. ) ;
#1361 = CARTESIAN_POINT ( 'NONE',  ( 0.2499999999995497491, -0.03499999999996820238, 0.3251740997246798104 ) ) ;
#1362 = PRODUCT_DEFINITION_FORMATION_WITH_SPECIFIED_SOURCE ( 'ANY', '', #1424, .NOT_KNOWN. ) ;
#1363 = VECTOR ( 'NONE', #3032, 1000.000000000000000 ) ;
#1364 = ADVANCED_BREP_SHAPE_REPRESENTATION ( '', ( #927, #2777 ), #2084 ) ;
#1365 = DIRECTION ( 'NONE',  ( -1.749651205168459947E-12, 0.000000000000000000, 1.000000000000000000 ) ) ;
#1366 = PRESENTATION_LAYER_ASSIGNMENT (  '', '', ( #971 ) ) ;
#1367 = ORIENTED_EDGE ( 'NONE', *, *, #1997, .T. ) ;
#1368 = CARTESIAN_POINT ( 'NONE',  ( 1.949999999037810072, -0.5000000000000000000, 0.4699999983843982099 ) ) ;
#1369 = DIRECTION ( 'NONE',  ( 0.000000000000000000, 0.000000000000000000, -1.000000000000000000 ) ) ;
#1370 = LINE ( 'NONE', #2495, #1374 ) ;
#1371 = LINE ( 'NONE', #381, #3089 ) ;
#1372 = ORIENTED_EDGE ( 'NONE', *, *, #1506, .T. ) ;
#1373 = PRODUCT_RELATED_PRODUCT_CATEGORY ( 'part', '', ( #1424 ) ) ;
#1374 = VECTOR ( 'NONE', #298, 1000.000000000000000 ) ;
#1375 = CARTESIAN_POINT ( 'NONE',  ( 1.299999999038170095, -0.5000000000000000000, 0.4699999983844260210 ) ) ;
#1376 = CARTESIAN_POINT ( 'NONE',  ( 0.3499999999995509481, -0.03499999999996808442, 0.3251740997246799769 ) ) ;
#1377 = ORIENTED_EDGE ( 'NONE', *, *, #1850, .T. ) ;
#1378 = UNCERTAINTY_MEASURE_WITH_UNIT (LENGTH_MEASURE( 1.000000000000000082E-05 ), #2397, 'distance_accuracy_value', 'NONE');
#1379 = EDGE_CURVE ( 'NONE', #2323, #431, #1011, .T. ) ;
#1380 = AXIS2_PLACEMENT_3D ( 'NONE', #2819, #3068, #850 ) ;
#1381 = EDGE_LOOP ( 'NONE', ( #56, #767, #3118, #1958 ) ) ;
#1382 = AXIS2_PLACEMENT_3D ( 'NONE', #2958, #1, #986 ) ;
#1383 = CARTESIAN_POINT ( 'NONE',  ( 0.3499999990383521054, -0.5000000000000000000, 4.575229084480270103E-13 ) ) ;
#1384 = CARTESIAN_POINT ( 'NONE',  ( 2.149999999999420819, 2.220446049250820109E-17, 0.5199999999999850298 ) ) ;
#1385 = EDGE_CURVE ( 'NONE', #278, #2225, #2840, .T. ) ;
#1386 = ORIENTED_EDGE ( 'NONE', *, *, #1282, .F. ) ;
#1387 = DIRECTION ( 'NONE',  ( 1.000000000000000000, 0.000000000000000000, -0.000000000000000000 ) ) ;
#1388 = LINE ( 'NONE', #2377, #3186 ) ;
#1389 = FACE_OUTER_BOUND ( 'NONE', #2110, .T. ) ;
#1390 = EDGE_LOOP ( 'NONE', ( #826, #683, #846, #2859 ) ) ;
#1391 = DIRECTION ( 'NONE',  ( -0.000000000000000000, 0.000000000000000000, 1.000000000000000000 ) ) ;
#1392 = PRODUCT_DEFINITION_SHAPE ( 'NONE', 'NONE',  #855 ) ;
#1393 = CARTESIAN_POINT ( 'NONE',  ( 0.6436492626377856574, -0.4999999999999995559, 0.4699999983844135309 ) ) ;
#1394 = EDGE_LOOP ( 'NONE', ( #1311, #158, #836, #341 ) ) ;
#1395 = ORIENTED_EDGE ( 'NONE', *, *, #1024, .F. ) ;
#1396 = ADVANCED_FACE ( 'NONE', ( #3101 ), #137, .T. ) ;
#1397 = DIRECTION ( 'NONE',  ( 0.000000000000000000, 0.000000000000000000, -1.000000000000000000 ) ) ;
#1398 = LINE ( 'NONE', #2388, #1876 ) ;
#1399 = EDGE_LOOP ( 'NONE', ( #1224, #1140, #3092, #390, #1156, #112, #771, #1268 ) ) ;
#1400 = CARTESIAN_POINT ( 'NONE',  ( 2.300000000000189893, 0.5000000000001140199, 4.578521490127579619E-13 ) ) ;
#1401 = EDGE_CURVE ( 'NONE', #1641, #941, #1681, .T. ) ;
#1402 = DIRECTION ( 'NONE',  ( -0.000000000000000000, 0.000000000000000000, 1.000000000000000000 ) ) ;
#1403 = CARTESIAN_POINT ( 'NONE',  ( -9.615570562004900651E-10, -0.5000000000000000000, 4.575758687041539722E-13 ) ) ;
#1404 = DIRECTION ( 'NONE',  ( 1.000000000000000000, -0.000000000000000000, 0.000000000000000000 ) ) ;
#1405 = ORIENTED_EDGE ( 'NONE', *, *, #2311, .T. ) ;
#1406 = DIRECTION ( 'NONE',  ( 0.000000000000000000, 1.000000000000000000, 0.000000000000000000 ) ) ;
#1407 = VERTEX_POINT ( 'NONE', #2717 ) ;
#1408 = VECTOR ( 'NONE', #1625, 1000.000000000000000 ) ;
#1409 = EDGE_LOOP ( 'NONE', ( #1839, #2026, #1807, #1108 ) ) ;
#1410 = FACE_OUTER_BOUND ( 'NONE', #546, .T. ) ;
#1411 = CONTEXT_DEPENDENT_SHAPE_REPRESENTATION ( #2607, #2725 ) ;
#1412 = CARTESIAN_POINT ( 'NONE',  ( 2.464999999999919922, -0.4649999999999749889, 4.575229084480270103E-13 ) ) ;
#1413 = ADVANCED_FACE ( 'NONE', ( #2955 ), #3150, .T. ) ;
#1414 = UNCERTAINTY_MEASURE_WITH_UNIT (LENGTH_MEASURE( 1.000000000000000082E-05 ), #1025, 'distance_accuracy_value', 'NONE');
#1415 = ORIENTED_EDGE ( 'NONE', *, *, #454, .F. ) ;
#1416 = ADVANCED_FACE ( 'NONE', ( #2362 ), #871, .T. ) ;
#1417 = CIRCLE ( 'NONE', #41, 0.09999999999999831246 ) ;
#1418 = CARTESIAN_POINT ( 'NONE',  ( 2.149999999999420819, 0.000000000000000000, 0.5199999999999850298 ) ) ;
#1419 =( NAMED_UNIT ( * ) SI_UNIT ( $, .STERADIAN. ) SOLID_ANGLE_UNIT ( ) );
#1420 = UNCERTAINTY_MEASURE_WITH_UNIT (LENGTH_MEASURE( 1.000000000000000082E-05 ), #2392, 'distance_accuracy_value', 'NONE');
#1421 = LINE ( 'NONE', #1919, #2704 ) ;
#1422 = VECTOR ( 'NONE', #4, 1000.000000000000000 ) ;
#1423 = EDGE_CURVE ( 'NONE', #1651, #278, #2698, .T. ) ;
#1424 = PRODUCT ( 'APFA2507LSURKSYKZGKC', 'APFA2507LSURKSYKZGKC', '', ( #2216 ) ) ;
#1425 = CARTESIAN_POINT ( 'NONE',  ( 2.299999999999509992, -0.03499999999996813299, 0.7000000000007301493 ) ) ;
#1426 =( GEOMETRIC_REPRESENTATION_CONTEXT ( 3 ) GLOBAL_UNCERTAINTY_ASSIGNED_CONTEXT ( ( #3144 ) ) GLOBAL_UNIT_ASSIGNED_CONTEXT ( ( #2993, #2235, #2255 ) ) REPRESENTATION_CONTEXT ( 'NONE', 'WORKASPACE' ) );
#1427 = EDGE_CURVE ( 'NONE', #214, #2127, #2185, .T. ) ;
#1428 = ORIENTED_EDGE ( 'NONE', *, *, #1170, .T. ) ;
#1429 = VECTOR ( 'NONE', #2396, 1000.000000000000000 ) ;
#1430 = VERTEX_POINT ( 'NONE', #951 ) ;
#1431 = CARTESIAN_POINT ( 'NONE',  ( 2.049999999038170095, -0.5000000000000000000, 0.4699999983843130003 ) ) ;
#1432 = CARTESIAN_POINT ( 'NONE',  ( 0.03500000000008809953, -0.03499999999996814687, 4.575229084480270103E-13 ) ) ;
#1433 = AXIS2_PLACEMENT_3D ( 'NONE', #1236, #71, #2275 ) ;
#1434 = ORIENTED_EDGE ( 'NONE', *, *, #332, .T. ) ;
#1435 = VECTOR ( 'NONE', #1861, 1000.000000000000000 ) ;
#1436 = PLANE ( 'NONE',  #576 ) ;
#1437 = DIRECTION ( 'NONE',  ( -1.000000000000000000, -0.000000000000000000, -0.000000000000000000 ) ) ;
#1438 = LINE ( 'NONE', #2957, #621 ) ;
#1439 = ADVANCED_FACE ( 'NONE', ( #255 ), #207, .T. ) ;
#1440 = CARTESIAN_POINT ( 'NONE',  ( 2.299999999999509992, -0.03499999999996817462, 0.5199999999999850298 ) ) ;
#1441 = EDGE_CURVE ( 'NONE', #202, #736, #1421, .T. ) ;
#1442 = ORIENTED_EDGE ( 'NONE', *, *, #1258, .F. ) ;
#1443 = EDGE_LOOP ( 'NONE', ( #1323, #3145, #885, #162 ) ) ;
#1444 = DIRECTION ( 'NONE',  ( -1.000000000000000000, -0.000000000000000000, -0.000000000000000000 ) ) ;
#1445 =( LENGTH_UNIT ( ) NAMED_UNIT ( * ) SI_UNIT ( .MILLI., .METRE. ) );
#1446 = APPLICATION_CONTEXT ( 'automotive_design' ) ;
#1447 = EDGE_LOOP ( 'NONE', ( #3189, #924, #233, #2157 ) ) ;
#1448 = PLANE ( 'NONE',  #2724 ) ;
#1449 =( NAMED_UNIT ( * ) PLANE_ANGLE_UNIT ( ) SI_UNIT ( $, .RADIAN. ) );
#1450 = DIRECTION ( 'NONE',  ( -1.000000000000000000, 0.000000000000000000, 0.000000000000000000 ) ) ;
#1451 = APPLICATION_PROTOCOL_DEFINITION ( 'draft international standard', 'automotive_design', 1998, #2176 ) ;
#1452 = CARTESIAN_POINT ( 'NONE',  ( 2.299999999999735145, 4.651659049269249996E-12, 4.576773062559592796E-13 ) ) ;
#1453 =( LENGTH_UNIT ( ) NAMED_UNIT ( * ) SI_UNIT ( .MILLI., .METRE. ) );
#1454 = LINE ( 'NONE', #176, #2575 ) ;
#1455 = EDGE_CURVE ( 'NONE', #2472, #1755, #237, .T. ) ;
#1456 = LINE ( 'NONE', #2464, #2614 ) ;
#1457 = ORIENTED_EDGE ( 'NONE', *, *, #2587, .T. ) ;
#1458 = EDGE_CURVE ( 'NONE', #174, #2631, #1468, .T. ) ;
#1459 = ORIENTED_EDGE ( 'NONE', *, *, #2161, .F. ) ;
#1460 = CARTESIAN_POINT ( 'NONE',  ( 1.499999999038367671, -0.4649999999999749889, 4.574492444242529738E-13 ) ) ;
#1461 = DIRECTION ( 'NONE',  ( -0.000000000000000000, -0.000000000000000000, -1.000000000000000000 ) ) ;
#1462 = VECTOR ( 'NONE', #1093, 1000.000000000000000 ) ;
#1463 = ORIENTED_EDGE ( 'NONE', *, *, #3135, .T. ) ;
#1464 = DIRECTION ( 'NONE',  ( -1.300042018481659960E-11, 1.000000000000000000, 0.000000000000000000 ) ) ;
#1465 = DIRECTION ( 'NONE',  ( 0.000000000000000000, -0.000000000000000000, -1.000000000000000000 ) ) ;
#1466 = AXIS2_PLACEMENT_3D ( 'NONE', #2183, #675, #2652 ) ;
#1467 = DIRECTION ( 'NONE',  ( 0.000000000000000000, 0.000000000000000000, 1.000000000000000000 ) ) ;
#1468 = LINE ( 'NONE', #1935, #185 ) ;
#1469 = AXIS2_PLACEMENT_3D ( 'NONE', #2709, #2290, #794 ) ;
#1470 = CARTESIAN_POINT ( 'NONE',  ( -9.615570562004900651E-10, -0.5000000000000000000, 0.7000000000007301493 ) ) ;
#1471 =( NAMED_UNIT ( * ) PLANE_ANGLE_UNIT ( ) SI_UNIT ( $, .RADIAN. ) );
#1472 = CARTESIAN_POINT ( 'NONE',  ( 1.199999999038259935, -0.4649999999999749889, 0.3699999983844040052 ) ) ;
#1473 = AXIS2_PLACEMENT_3D ( 'NONE', #1102, #862, #1864 ) ;
#1474 = VECTOR ( 'NONE', #3137, 1000.000000000000000 ) ;
#1475 = CARTESIAN_POINT ( 'NONE',  ( 2.464999999999919922, -0.03499999999996813299, 0.7000000000007301493 ) ) ;
#1476 = ORIENTED_EDGE ( 'NONE', *, *, #2161, .T. ) ;
#1477 = PRODUCT_RELATED_PRODUCT_CATEGORY ( 'part', '', ( #658 ) ) ;
#1478 = ORIENTED_EDGE ( 'NONE', *, *, #295, .T. ) ;
#1479 = SURFACE_STYLE_USAGE ( .BOTH. , #1026 ) ;
#1480 = EDGE_CURVE ( 'NONE', #977, #1620, #755, .T. ) ;
#1481 = CIRCLE ( 'NONE', #1035, 0.1000000000000000194 ) ;
#1482 = ORIENTED_EDGE ( 'NONE', *, *, #472, .T. ) ;
#1483 = CARTESIAN_POINT ( 'NONE',  ( 0.2499999999995497491, 8.131516293641283255E-17, 0.3251740997246798104 ) ) ;
#1484 = AXIS2_PLACEMENT_3D ( 'NONE', #1400, #894, #1678 ) ;
#1485 = DIRECTION ( 'NONE',  ( 1.000000000000000000, -0.000000000000000000, 0.000000000000000000 ) ) ;
#1486 = DIRECTION ( 'NONE',  ( 1.000000000000000000, 0.000000000000000000, 0.000000000000000000 ) ) ;
#1487 = PRODUCT_DEFINITION_SHAPE ( 'NONE', 'NONE',  #2565 ) ;
#1488 = PLANE ( 'NONE',  #1356 ) ;
#1489 = VECTOR ( 'NONE', #276, 1000.000000000000000 ) ;
#1490 = LINE ( 'NONE', #1966, #2051 ) ;
#1491 =( NAMED_UNIT ( * ) SI_UNIT ( $, .STERADIAN. ) SOLID_ANGLE_UNIT ( ) );
#1492 = DIRECTION ( 'NONE',  ( 0.000000000000000000, 0.000000000000000000, 1.000000000000000000 ) ) ;
#1493 = FILL_AREA_STYLE_COLOUR ( '', #1886 ) ;
#1494 = VERTEX_POINT ( 'NONE', #2430 ) ;
#1495 = ORIENTED_EDGE ( 'NONE', *, *, #1189, .T. ) ;
#1496 = SURFACE_SIDE_STYLE ('',( #280 ) ) ;
#1497 = DIRECTION ( 'NONE',  ( 0.000000000000000000, -0.000000000000000000, 1.000000000000000000 ) ) ;
#1498 = FACE_OUTER_BOUND ( 'NONE', #1344, .T. ) ;
#1499 = ORIENTED_EDGE ( 'NONE', *, *, #1150, .F. ) ;
#1500 = EDGE_CURVE ( 'NONE', #1916, #3094, #2412, .T. ) ;
#1501 = DIRECTION ( 'NONE',  ( 0.000000000000000000, -0.000000000000000000, -1.000000000000000000 ) ) ;
#1502 = CARTESIAN_POINT ( 'NONE',  ( 2.350000000000139977, -0.03499999999996809830, 0.5699999999998249800 ) ) ;
#1503 = LINE ( 'NONE', #773, #2706 ) ;
#1504 = DIRECTION ( 'NONE',  ( 1.000000000000000000, 0.000000000000000000, 0.000000000000000000 ) ) ;
#1505 = DIRECTION ( 'NONE',  ( -0.000000000000000000, 0.000000000000000000, 1.000000000000000000 ) ) ;
#1506 = EDGE_CURVE ( 'NONE', #2723, #279, #997, .T. ) ;
#1507 = CARTESIAN_POINT ( 'NONE',  ( 2.500000002068880178, -0.03499999999996814687, 4.576301044078330316E-13 ) ) ;
#1508 = LINE ( 'NONE', #1813, #1750 ) ;
#1509 = DIRECTION ( 'NONE',  ( -0.000000000000000000, 0.000000000000000000, -1.000000000000000000 ) ) ;
#1510 = VERTEX_POINT ( 'NONE', #1229 ) ;
#1511 = ORIENTED_EDGE ( 'NONE', *, *, #1542, .T. ) ;
#1512 =( REPRESENTATION_RELATIONSHIP ('NONE','NONE', #2823, #1284 ) REPRESENTATION_RELATIONSHIP_WITH_TRANSFORMATION ( #1776 )SHAPE_REPRESENTATION_RELATIONSHIP( ) );
#1513 = CARTESIAN_POINT ( 'NONE',  ( 2.299999999999959854, 0.000000000000000000, 0.5699999999998298650 ) ) ;
#1514 =( NAMED_UNIT ( * ) SI_UNIT ( $, .STERADIAN. ) SOLID_ANGLE_UNIT ( ) );
#1515 = DIRECTION ( 'NONE',  ( -0.6715540738084587735, -8.091255590044369100E-17, -0.7409555492411560307 ) ) ;
#1516 = ORIENTED_EDGE ( 'NONE', *, *, #1098, .T. ) ;
#1517 = DIRECTION ( 'NONE',  ( 1.000000000000000000, 0.000000000000000000, -0.000000000000000000 ) ) ;
#1518 = LINE ( 'NONE', #1047, #908 ) ;
#1519 = CARTESIAN_POINT ( 'NONE',  ( 2.300000000000189893, -0.03500000000002531642, 4.576417370061314216E-13 ) ) ;
#1520 = AXIS2_PLACEMENT_3D ( 'NONE', #1121, #1856, #500 ) ;
#1521 = FACE_OUTER_BOUND ( 'NONE', #283, .T. ) ;
#1522 = CARTESIAN_POINT ( 'NONE',  ( 0.4499999990382856918, -0.5000000000000000000, 4.574507240990603113E-13 ) ) ;
#1523 = ADVANCED_FACE ( 'NONE', ( #2904 ), #15, .T. ) ;
#1524 = VECTOR ( 'NONE', #2149, 1000.000000000000000 ) ;
#1525 = DIRECTION ( 'NONE',  ( -0.000000000000000000, -1.000000000000000000, 0.000000000000000000 ) ) ;
#1526 = VECTOR ( 'NONE', #2632, 1000.000000000000000 ) ;
#1527 = ORIENTED_EDGE ( 'NONE', *, *, #295, .F. ) ;
#1528 = ADVANCED_FACE ( 'NONE', ( #1965 ), #1729, .T. ) ;
#1529 = AXIS2_PLACEMENT_3D ( 'NONE', #2875, #2400, #2160 ) ;
#1530 = DIRECTION ( 'NONE',  ( -0.000000000000000000, -0.000000000000000000, 1.000000000000000000 ) ) ;
#1531 = CARTESIAN_POINT ( 'NONE',  ( 0.1999999990384880022, -0.5000000000000000000, 0.3199999967682199964 ) ) ;
#1532 = VERTEX_POINT ( 'NONE', #518 ) ;
#1533 = CARTESIAN_POINT ( 'NONE',  ( 0.1499999990385340043, -0.4649999999999749889, 0.4699999967682539914 ) ) ;
#1534 = CARTESIAN_POINT ( 'NONE',  ( 0.1500000000003250122, -0.03499999999996809830, 4.575229084480270103E-13 ) ) ;
#1535 = DIRECTION ( 'NONE',  ( -0.000000000000000000, -0.000000000000000000, -1.000000000000000000 ) ) ;
#1536 = APPLICATION_PROTOCOL_DEFINITION ( 'draft international standard', 'automotive_design', 1998, #2065 ) ;
#1537 = DIRECTION ( 'NONE',  ( 0.000000000000000000, -0.000000000000000000, 1.000000000000000000 ) ) ;
#1538 = ORIENTED_EDGE ( 'NONE', *, *, #2316, .F. ) ;
#1539 = CLOSED_SHELL ( 'NONE', ( #434, #2644, #1991, #2705, #606, #1698, #3057, #743 ) ) ;
#1540 = CARTESIAN_POINT ( 'NONE',  ( 0.6436492626377889881, -0.4649999999999746558, 0.4699999983844260210 ) ) ;
#1541 = VECTOR ( 'NONE', #1868, 1000.000000000000000 ) ;
#1542 = EDGE_CURVE ( 'NONE', #3044, #174, #693, .T. ) ;
#1543 = STYLED_ITEM ( 'NONE', ( #2348 ), #921 ) ;
#1544 = ORIENTED_EDGE ( 'NONE', *, *, #2770, .T. ) ;
#1545 = EDGE_CURVE ( 'NONE', #977, #3133, #2394, .T. ) ;
#1546 = ORIENTED_EDGE ( 'NONE', *, *, #332, .F. ) ;
#1547 = CARTESIAN_POINT ( 'NONE',  ( 1.799999999999510436, 0.5000000000001135758, 0.7000000000007310375 ) ) ;
#1548 = ORIENTED_EDGE ( 'NONE', *, *, #2853, .T. ) ;
#1549 = CARTESIAN_POINT ( 'NONE',  ( 2.350000000000179945, 7.882583474831439804E-17, 4.575229084480270103E-13 ) ) ;
#1550 = DIRECTION ( 'NONE',  ( 0.000000000000000000, -0.000000000000000000, 1.000000000000000000 ) ) ;
#1551 = ITEM_DEFINED_TRANSFORMATION ( 'NONE', 'NONE', #1621,  #2777 ) ;
#1552 = PLANE ( 'NONE',  #2190 ) ;
#1553 = ORIENTED_EDGE ( 'NONE', *, *, #250, .F. ) ;
#1554 = CARTESIAN_POINT ( 'NONE',  ( 1.199999999038259935, -0.5000000000000000000, 0.3699999983844040052 ) ) ;
#1555 = CARTESIAN_POINT ( 'NONE',  ( 0.03500000000030940167, -0.03499999999996809136, 4.575229084480270103E-13 ) ) ;
#1556 = PRODUCT_DEFINITION_CONTEXT ( 'detailed design', #2333, 'design' ) ;
#1557 = CARTESIAN_POINT ( 'NONE',  ( 2.149999999999420819, 0.000000000000000000, 0.5199999999999850298 ) ) ;
#1558 = ORIENTED_EDGE ( 'NONE', *, *, #1838, .T. ) ;
#1559 = PRODUCT_RELATED_PRODUCT_CATEGORY ( 'part', '', ( #259 ) ) ;
#1560 = EDGE_CURVE ( 'NONE', #3172, #2092, #2938, .T. ) ;
#1561 = VERTEX_POINT ( 'NONE', #340 ) ;
#1562 = CARTESIAN_POINT ( 'NONE',  ( 2.500000020231669229, 4.977355333442316377E-17, 0.7000000000007301493 ) ) ;
#1563 = PRODUCT_CONTEXT ( 'NONE', #2065, 'mechanical' ) ;
#1564 = DIRECTION ( 'NONE',  ( 0.000000000000000000, 0.000000000000000000, -1.000000000000000000 ) ) ;
#1565 = EDGE_CURVE ( 'NONE', #1755, #2138, #775, .T. ) ;
#1566 = EDGE_LOOP ( 'NONE', ( #2272, #2872, #3107, #1655 ) ) ;
#1567 = CARTESIAN_POINT ( 'NONE',  ( 0.3499999990383521054, 2.646031542019827793E-17, 4.576301044078330316E-13 ) ) ;
#1568 = DIRECTION ( 'NONE',  ( 1.000000000000000000, 0.000000000000000000, 0.000000000000000000 ) ) ;
#1569 = VECTOR ( 'NONE', #2445, 1000.000000000000000 ) ;
#1570 = DIRECTION ( 'NONE',  ( -6.776263578034403945E-17, 1.000000000000000000, 6.776263578034400247E-17 ) ) ;
#1571 = ORIENTED_EDGE ( 'NONE', *, *, #194, .T. ) ;
#1572 = VECTOR ( 'NONE', #281, 1000.000000000000000 ) ;
#1573 = AXIS2_PLACEMENT_3D ( 'NONE', #2917, #3181, #959 ) ;
#1574 = CIRCLE ( 'NONE', #193, 0.2000000000000022593 ) ;
#1575 = PRESENTATION_STYLE_ASSIGNMENT (( #348 ) ) ;
#1576 = AXIS2_PLACEMENT_3D ( 'NONE', #393, #1302, #645 ) ;
#1577 = VERTEX_POINT ( 'NONE', #2016 ) ;
#1578 = EDGE_CURVE ( 'NONE', #623, #1744, #3021, .T. ) ;
#1579 = LINE ( 'NONE', #130, #138 ) ;
#1580 = CONTEXT_DEPENDENT_SHAPE_REPRESENTATION ( #2284, #2672 ) ;
#1581 = CARTESIAN_POINT ( 'NONE',  ( 2.349999999037950094, -0.4649999999999749889, 0.7000000000007301493 ) ) ;
#1582 = VERTEX_POINT ( 'NONE', #1292 ) ;
#1583 = CARTESIAN_POINT ( 'NONE',  ( 0.9999999990379631054, -0.5000000000000000000, 0.4699999983843320406 ) ) ;
#1584 = EDGE_CURVE ( 'NONE', #1293, #1090, #857, .T. ) ;
#1585 = CARTESIAN_POINT ( 'NONE',  ( 1.949999999037810072, -0.4649999999999749889, 0.4699999983844260210 ) ) ;
#1586 = CLOSED_SHELL ( 'NONE', ( #727, #1113, #627, #2576, #1523, #664 ) ) ;
#1587 = VERTEX_POINT ( 'NONE', #2031 ) ;
#1588 = PRESENTATION_LAYER_ASSIGNMENT (  '', '', ( #368 ) ) ;
#1589 = ORIENTED_EDGE ( 'NONE', *, *, #923, .F. ) ;
#1590 = AXIS2_PLACEMENT_3D ( 'NONE', #362, #1326, #790 ) ;
#1591 = PLANE ( 'NONE',  #2947 ) ;
#1592 = ORIENTED_EDGE ( 'NONE', *, *, #2981, .T. ) ;
#1593 = DIRECTION ( 'NONE',  ( -0.000000000000000000, -1.000000000000000000, 0.000000000000000000 ) ) ;
#1594 = CARTESIAN_POINT ( 'NONE',  ( 0.9999999990379453418, -0.5000000000000000000, 4.574391824005680944E-13 ) ) ;
#1595 = EDGE_CURVE ( 'NONE', #736, #3044, #272, .T. ) ;
#1596 = ORIENTED_EDGE ( 'NONE', *, *, #2113, .T. ) ;
#1597 = DIRECTION ( 'NONE',  ( 0.000000000000000000, 1.000000000000000000, -0.000000000000000000 ) ) ;
#1598 = CARTESIAN_POINT ( 'NONE',  ( 2.349999999038583365, -0.4649999999999749889, 4.575229084480270103E-13 ) ) ;
#1599 = EDGE_CURVE ( 'NONE', #507, #2618, #77, .T. ) ;
#1600 = ORIENTED_EDGE ( 'NONE', *, *, #2437, .T. ) ;
#1601 = DIRECTION ( 'NONE',  ( 0.000000000000000000, 0.000000000000000000, 1.000000000000000000 ) ) ;
#1602 = VERTEX_POINT ( 'NONE', #1765 ) ;
#1603 = ADVANCED_BREP_SHAPE_REPRESENTATION ( '', ( #896, #2777 ), #715 ) ;
#1604 = LINE ( 'NONE', #1143, #2304 ) ;
#1605 = CARTESIAN_POINT ( 'NONE',  ( 1.449999999038259935, -0.4649999999999749889, 0.02000000161661140072 ) ) ;
#1606 = ORIENTED_EDGE ( 'NONE', *, *, #2651, .T. ) ;
#1607 = DIRECTION ( 'NONE',  ( -0.000000000000000000, 1.000000000000000000, 0.000000000000000000 ) ) ;
#1608 = CARTESIAN_POINT ( 'NONE',  ( 2.049999999038170095, -0.5000000000000000000, 4.574624450572772182E-13 ) ) ;
#1609 = ORIENTED_EDGE ( 'NONE', *, *, #2752, .F. ) ;
#1610 = DIRECTION ( 'NONE',  ( 0.000000000000000000, 0.000000000000000000, 1.000000000000000000 ) ) ;
#1611 = FACE_OUTER_BOUND ( 'NONE', #1265, .T. ) ;
#1612 = EDGE_CURVE ( 'NONE', #1770, #2256, #1063, .T. ) ;
#1613 = ORIENTED_EDGE ( 'NONE', *, *, #1100, .T. ) ;
#1614 = CARTESIAN_POINT ( 'NONE',  ( 0.6499999990380790349, -0.5000000000000000000, 0.4699999983843130003 ) ) ;
#1615 = ADVANCED_FACE ( 'NONE', ( #2805 ), #1488, .T. ) ;
#1616 = VERTEX_POINT ( 'NONE', #3051 ) ;
#1617 = DIRECTION ( 'NONE',  ( 1.000000000000000000, -0.000000000000000000, 0.000000000000000000 ) ) ;
#1618 = AXIS2_PLACEMENT_3D ( 'NONE', #2919, #40, #1952 ) ;
#1619 = CARTESIAN_POINT ( 'NONE',  ( 2.149999999999420819, -0.03499999999996814687, 0.5199999999999850298 ) ) ;
#1620 = VERTEX_POINT ( 'NONE', #2990 ) ;
#1621 = AXIS2_PLACEMENT_3D ( 'NONE', #549, #236, #1212 ) ;
#1622 = ORIENTED_EDGE ( 'NONE', *, *, #1084, .T. ) ;
#1623 = LINE ( 'NONE', #1346, #2457 ) ;
#1624 = AXIS2_PLACEMENT_3D ( 'NONE', #282, #1515, #529 ) ;
#1625 = DIRECTION ( 'NONE',  ( 0.000000000000000000, 0.000000000000000000, 1.000000000000000000 ) ) ;
#1626 = STYLED_ITEM ( 'NONE', ( #2756 ), #3079 ) ;
#1627 = EDGE_LOOP ( 'NONE', ( #147, #575, #1463, #781 ) ) ;
#1628 = DIRECTION ( 'NONE',  ( 0.000000000000000000, 0.000000000000000000, 1.000000000000000000 ) ) ;
#1629 = LINE ( 'NONE', #640, #1975 ) ;
#1630 = DIRECTION ( 'NONE',  ( -1.000000000000000000, -0.000000000000000000, -0.000000000000000000 ) ) ;
#1631 = DIRECTION ( 'NONE',  ( 0.000000000000000000, 0.000000000000000000, 1.000000000000000000 ) ) ;
#1632 = VERTEX_POINT ( 'NONE', #2790 ) ;
#1633 = EDGE_CURVE ( 'NONE', #1125, #1616, #3007, .T. ) ;
#1634 = VECTOR ( 'NONE', #728, 1000.000000000000000 ) ;
#1635 = CARTESIAN_POINT ( 'NONE',  ( 0.7000000000005069944, -3.406688958530237258E-13, 0.7000000000007305934 ) ) ;
#1636 = LINE ( 'NONE', #2628, #523 ) ;
#1637 = ORIENTED_EDGE ( 'NONE', *, *, #2975, .T. ) ;
#1638 = PRODUCT_DEFINITION_CONTEXT ( 'detailed design', #2176, 'design' ) ;
#1639 = VECTOR ( 'NONE', #882, 1000.000000000000000 ) ;
#1640 = ADVANCED_FACE ( 'NONE', ( #569 ), #1552, .T. ) ;
#1641 = VERTEX_POINT ( 'NONE', #2751 ) ;
#1642 = DIRECTION ( 'NONE',  ( 1.000000000000000000, 0.000000000000000000, 0.000000000000000000 ) ) ;
#1643 = LINE ( 'NONE', #955, #1017 ) ;
#1644 = VERTEX_POINT ( 'NONE', #1304 ) ;
#1645 = DIRECTION ( 'NONE',  ( 0.000000000000000000, -0.000000000000000000, -1.000000000000000000 ) ) ;
#1646 = UNCERTAINTY_MEASURE_WITH_UNIT (LENGTH_MEASURE( 1.000000000000000082E-05 ), #1660, 'distance_accuracy_value', 'NONE');
#1647 = PLANE ( 'NONE',  #2873 ) ;
#1648 = DIRECTION ( 'NONE',  ( 0.000000000000000000, 1.000000000000000000, 0.000000000000000000 ) ) ;
#1649 = CARTESIAN_POINT ( 'NONE',  ( 2.149999999038567644, -0.4649999999999749889, 4.575593830598924529E-13 ) ) ;
#1650 = CARTESIAN_POINT ( 'NONE',  ( 2.299999999999959854, 2.383632028734456256E-17, 0.5699999999998334177 ) ) ;
#1651 = VERTEX_POINT ( 'NONE', #835 ) ;
#1652 = DIRECTION ( 'NONE',  ( 0.000000000000000000, 0.000000000000000000, -1.000000000000000000 ) ) ;
#1653 = ORIENTED_EDGE ( 'NONE', *, *, #2956, .F. ) ;
#1654 = EDGE_CURVE ( 'NONE', #854, #182, #2246, .T. ) ;
#1655 = ORIENTED_EDGE ( 'NONE', *, *, #1762, .T. ) ;
#1656 = CARTESIAN_POINT ( 'NONE',  ( 0.3628221509515679455, -0.5000000000000000000, 0.7000000000007366996 ) ) ;
#1657 = EDGE_CURVE ( 'NONE', #1208, #1430, #2477, .T. ) ;
#1658 = VERTEX_POINT ( 'NONE', #1013 ) ;
#1659 = FACE_OUTER_BOUND ( 'NONE', #990, .T. ) ;
#1660 =( LENGTH_UNIT ( ) NAMED_UNIT ( * ) SI_UNIT ( .MILLI., .METRE. ) );
#1661 = CARTESIAN_POINT ( 'NONE',  ( 2.299999999999509992, -0.03499999999996817462, 0.7000000000007301493 ) ) ;
#1662 = EDGE_CURVE ( 'NONE', #3141, #2977, #550, .T. ) ;
#1663 = PLANE ( 'NONE',  #2835 ) ;
#1664 =( LENGTH_UNIT ( ) NAMED_UNIT ( * ) SI_UNIT ( .MILLI., .METRE. ) );
#1665 = FILL_AREA_STYLE_COLOUR ( '', #2403 ) ;
#1666 = ORIENTED_EDGE ( 'NONE', *, *, #1300, .F. ) ;
#1667 = AXIS2_PLACEMENT_3D ( 'NONE', #2912, #9, #232 ) ;
#1668 = ORIENTED_EDGE ( 'NONE', *, *, #3093, .F. ) ;
#1669 = CARTESIAN_POINT ( 'NONE',  ( 1.199999999038259935, -0.4649999999999749889, 0.3699999983844040052 ) ) ;
#1670 = CARTESIAN_POINT ( 'NONE',  ( 0.1999999990384880022, -0.5000000000000000000, 0.4699999967683108903 ) ) ;
#1671 = VECTOR ( 'NONE', #425, 1000.000000000000000 ) ;
#1672 = VECTOR ( 'NONE', #1695, 1000.000000000000000 ) ;
#1673 = UNCERTAINTY_MEASURE_WITH_UNIT (LENGTH_MEASURE( 1.000000000000000082E-05 ), #1445, 'distance_accuracy_value', 'NONE');
#1674 = ORIENTED_EDGE ( 'NONE', *, *, #1662, .F. ) ;
#1675 = ADVANCED_FACE ( 'NONE', ( #308 ), #47, .T. ) ;
#1676 = PRODUCT_DEFINITION_FORMATION_WITH_SPECIFIED_SOURCE ( 'ANY', '', #658, .NOT_KNOWN. ) ;
#1677 = VECTOR ( 'NONE', #2760, 1000.000000000000114 ) ;
#1678 = DIRECTION ( 'NONE',  ( -1.000000000000000000, 0.000000000000000000, -0.000000000000000000 ) ) ;
#1679 =( NAMED_UNIT ( * ) PLANE_ANGLE_UNIT ( ) SI_UNIT ( $, .RADIAN. ) );
#1680 = FACE_OUTER_BOUND ( 'NONE', #1333, .T. ) ;
#1681 = LINE ( 'NONE', #186, #904 ) ;
#1682 = VECTOR ( 'NONE', #261, 1000.000000000000000 ) ;
#1683 = ADVANCED_FACE ( 'NONE', ( #1777 ), #107, .T. ) ;
#1684 = LINE ( 'NONE', #223, #2207 ) ;
#1685 =( NAMED_UNIT ( * ) SI_UNIT ( $, .STERADIAN. ) SOLID_ANGLE_UNIT ( ) );
#1686 = ORIENTED_EDGE ( 'NONE', *, *, #984, .T. ) ;
#1687 = ORIENTED_EDGE ( 'NONE', *, *, #1324, .T. ) ;
#1688 = CARTESIAN_POINT ( 'NONE',  ( 2.464999999999919922, -0.4649999999999749889, 0.7000000000007301493 ) ) ;
#1689 = FACE_OUTER_BOUND ( 'NONE', #2841, .T. ) ;
#1690 = MECHANICAL_DESIGN_GEOMETRIC_PRESENTATION_REPRESENTATION (  '', ( #368 ), #211 ) ;
#1691 = EDGE_LOOP ( 'NONE', ( #2885, #2131 ) ) ;
#1692 = VECTOR ( 'NONE', #2072, 1000.000000000000000 ) ;
#1693 = CARTESIAN_POINT ( 'NONE',  ( 2.499999999999780176, -0.4649999999999749889, 4.575229084480270103E-13 ) ) ;
#1694 =( LENGTH_UNIT ( ) NAMED_UNIT ( * ) SI_UNIT ( .MILLI., .METRE. ) );
#1695 = DIRECTION ( 'NONE',  ( 1.000000000000000000, 0.000000000000000000, 0.000000000000000000 ) ) ;
#1696 = DIRECTION ( 'NONE',  ( 1.000000000000000000, 0.000000000000000000, 0.000000000000000000 ) ) ;
#1697 = DIRECTION ( 'NONE',  ( 0.000000000000000000, -1.000000000000000000, 0.000000000000000000 ) ) ;
#1698 = ADVANCED_FACE ( 'NONE', ( #3111 ), #2568, .T. ) ;
#1699 = CARTESIAN_POINT ( 'NONE',  ( 0.1500000000003250122, 0.000000000000000000, 4.576301044078330316E-13 ) ) ;
#1700 = CARTESIAN_POINT ( 'NONE',  ( 2.350000000000145306, -0.03499999999996810524, 4.575746477972302431E-13 ) ) ;
#1701 = ADVANCED_FACE ( 'NONE', ( #3124 ), #625, .T. ) ;
#1702 =( NAMED_UNIT ( * ) SI_UNIT ( $, .STERADIAN. ) SOLID_ANGLE_UNIT ( ) );
#1703 = EDGE_LOOP ( 'NONE', ( #167, #1704, #943, #2897 ) ) ;
#1704 = ORIENTED_EDGE ( 'NONE', *, *, #2895, .F. ) ;
#1705 = DIRECTION ( 'NONE',  ( 0.000000000000000000, -0.000000000000000000, 1.000000000000000000 ) ) ;
#1706 = PLANE ( 'NONE',  #2248 ) ;
#1707 = ORIENTED_EDGE ( 'NONE', *, *, #2816, .F. ) ;
#1708 = CARTESIAN_POINT ( 'NONE',  ( 2.149999999999420819, 2.220446049250820109E-17, 0.5199999999999850298 ) ) ;
#1709 = PLANE ( 'NONE',  #1883 ) ;
#1710 = DIRECTION ( 'NONE',  ( 1.000000000000000000, 0.000000000000000000, 0.000000000000000000 ) ) ;
#1711 = DIRECTION ( 'NONE',  ( 0.000000000000000000, -0.000000000000000000, 1.000000000000000000 ) ) ;
#1712 = CARTESIAN_POINT ( 'NONE',  ( 1.049999999038170095, -0.5000000000000000000, 0.02000000161661140072 ) ) ;
#1713 = PRODUCT_DEFINITION ( 'UNKNOWN', '', #2605, #2299 ) ;
#1714 =( NAMED_UNIT ( * ) PLANE_ANGLE_UNIT ( ) SI_UNIT ( $, .RADIAN. ) );
#1715 = FACE_OUTER_BOUND ( 'NONE', #663, .T. ) ;
#1716 = PRODUCT_DEFINITION_SHAPE ( 'NONE', 'NONE',  #3200 ) ;
#1717 = EDGE_CURVE ( 'NONE', #1916, #437, #2834, .T. ) ;
#1718 = CARTESIAN_POINT ( 'NONE',  ( 1.449999999038259935, -0.4649999999999749889, 0.02000000161661140072 ) ) ;
#1719 = ORIENTED_EDGE ( 'NONE', *, *, #19, .F. ) ;
#1720 = ORIENTED_EDGE ( 'NONE', *, *, #2551, .F. ) ;
#1721 = EDGE_CURVE ( 'NONE', #1829, #2191, #358, .T. ) ;
#1722 = FILL_AREA_STYLE ('',( #2453 ) ) ;
#1723 = CARTESIAN_POINT ( 'NONE',  ( 2.464999999999919922, -0.4649999999999749889, 0.7000000000007301493 ) ) ;
#1724 = VECTOR ( 'NONE', #1187, 1000.000000000000000 ) ;
#1725 = ORIENTED_EDGE ( 'NONE', *, *, #2278, .T. ) ;
#1726 = DIRECTION ( 'NONE',  ( 0.000000000000000000, -0.000000000000000000, -1.000000000000000000 ) ) ;
#1727 = DIRECTION ( 'NONE',  ( 0.000000000000000000, -1.000000000000000000, -0.000000000000000000 ) ) ;
#1728 = MECHANICAL_DESIGN_GEOMETRIC_PRESENTATION_REPRESENTATION (  '', ( #2979 ), #90 ) ;
#1729 = PLANE ( 'NONE',  #1618 ) ;
#1730 = CARTESIAN_POINT ( 'NONE',  ( 2.149999999999420819, 7.177373206738978503E-18, 0.7000000000007301493 ) ) ;
#1731 = AXIS2_PLACEMENT_3D ( 'NONE', #1669, #2871, #2900 ) ;
#1732 = DIRECTION ( 'NONE',  ( 0.000000000000000000, -0.000000000000000000, -1.000000000000000000 ) ) ;
#1733 = LINE ( 'NONE', #1000, #1435 ) ;
#1734 = VECTOR ( 'NONE', #988, 1000.000000000000000 ) ;
#1735 = VECTOR ( 'NONE', #2317, 1000.000000000000000 ) ;
#1736 = DIRECTION ( 'NONE',  ( -0.000000000000000000, 1.000000000000000000, 0.000000000000000000 ) ) ;
#1737 = VERTEX_POINT ( 'NONE', #1594 ) ;
#1738 = EDGE_CURVE ( 'NONE', #2191, #1916, #2062, .T. ) ;
#1739 = VERTEX_POINT ( 'NONE', #1322 ) ;
#1740 = DIRECTION ( 'NONE',  ( 0.000000000000000000, 0.000000000000000000, -1.000000000000000000 ) ) ;
#1741 = CARTESIAN_POINT ( 'NONE',  ( 2.300000000000189893, 0.5000000000001140199, 0.7000000000007310375 ) ) ;
#1742 = EDGE_CURVE ( 'NONE', #1099, #1430, #2814, .T. ) ;
#1743 = CLOSED_SHELL ( 'NONE', ( #2233, #1244, #2839, #1971, #2673, #1683, #229, #2898, #2909, #2527, #3129, #2012, #2017, #2395 ) ) ;
#1744 = VERTEX_POINT ( 'NONE', #1148 ) ;
#1745 = CARTESIAN_POINT ( 'NONE',  ( 0.1499999999999062916, -0.03499999999996814687, 0.4746834596560050579 ) ) ;
#1746 = COLOUR_RGB ( '',0.6470588235294117974, 0.6196078431372549211, 0.5882352941176470784 ) ;
#1747 = CARTESIAN_POINT ( 'NONE',  ( 1.849999999038129950, -0.4649999999999749889, 4.575229084480270103E-13 ) ) ;
#1748 = DIRECTION ( 'NONE',  ( 1.000000000000000000, 0.000000000000000000, 0.000000000000000000 ) ) ;
#1749 = CARTESIAN_POINT ( 'NONE',  ( 1.949999999037810072, -0.5000000000000000000, 4.575229084480270103E-13 ) ) ;
#1750 = VECTOR ( 'NONE', #1568, 1000.000000000000000 ) ;
#1751 = CARTESIAN_POINT ( 'NONE',  ( 0.2499999999995509703, 2.710505431213761085E-17, 0.3251740997246799769 ) ) ;
#1752 = CARTESIAN_POINT ( 'NONE',  ( 0.1500000000000880074, 7.882583474832701981E-17, 4.575229084480270103E-13 ) ) ;
#1753 = LINE ( 'NONE', #1557, #1988 ) ;
#1754 = ORIENTED_EDGE ( 'NONE', *, *, #194, .F. ) ;
#1755 = VERTEX_POINT ( 'NONE', #1336 ) ;
#1756 = EDGE_CURVE ( 'NONE', #1494, #1028, #131, .T. ) ;
#1757 = LINE ( 'NONE', #1513, #876 ) ;
#1758 = FACE_OUTER_BOUND ( 'NONE', #509, .T. ) ;
#1759 = ORIENTED_EDGE ( 'NONE', *, *, #1782, .T. ) ;
#1760 = FACE_OUTER_BOUND ( 'NONE', #1566, .T. ) ;
#1761 = CARTESIAN_POINT ( 'NONE',  ( 1.449999999038259935, -0.5000000000000000000, 0.3699999983844040052 ) ) ;
#1762 = EDGE_CURVE ( 'NONE', #898, #202, #1117, .T. ) ;
#1763 = CARTESIAN_POINT ( 'NONE',  ( 0.2300001320969090601, -0.5000000000000000000, 4.575229084480270103E-13 ) ) ;
#1764 = CARTESIAN_POINT ( 'NONE',  ( 0.000000000000000000, 0.000000000000000000, 0.000000000000000000 ) ) ;
#1765 = CARTESIAN_POINT ( 'NONE',  ( 0.03500000000021245838, -0.03499999999996811217, 0.7000000000007301493 ) ) ;
#1766 = LINE ( 'NONE', #2249, #2887 ) ;
#1767 = EDGE_CURVE ( 'NONE', #1180, #345, #2077, .T. ) ;
#1768 = CARTESIAN_POINT ( 'NONE',  ( 1.499999999038220011, -0.5000000000000000000, 4.575229084480270103E-13 ) ) ;
#1769 = CARTESIAN_POINT ( 'NONE',  ( 0.3499999999995509481, -0.03499999999996818850, 0.3251740997246799769 ) ) ;
#1770 = VERTEX_POINT ( 'NONE', #1608 ) ;
#1771 = VERTEX_POINT ( 'NONE', #892 ) ;
#1772 = ORIENTED_EDGE ( 'NONE', *, *, #3073, .F. ) ;
#1773 = DIRECTION ( 'NONE',  ( 0.000000000000000000, -1.000000000000000000, -4.440892098500089736E-16 ) ) ;
#1774 = FACE_OUTER_BOUND ( 'NONE', #2758, .T. ) ;
#1775 = DIRECTION ( 'NONE',  ( 0.000000000000000000, -1.000000000000000000, 0.000000000000000000 ) ) ;
#1776 = ITEM_DEFINED_TRANSFORMATION ( 'NONE', 'NONE', #1259,  #2777 ) ;
#1777 = FACE_OUTER_BOUND ( 'NONE', #595, .T. ) ;
#1778 = EDGE_CURVE ( 'NONE', #156, #1053, #2372, .T. ) ;
#1779 = VECTOR ( 'NONE', #3115, 1000.000000000000000 ) ;
#1780 = CARTESIAN_POINT ( 'NONE',  ( 2.464999999999919922, -0.03499999999996811911, 4.576145612854880411E-13 ) ) ;
#1781 = PLANE ( 'NONE',  #1590 ) ;
#1782 = EDGE_CURVE ( 'NONE', #1944, #42, #880, .T. ) ;
#1783 = APPLICATION_CONTEXT ( 'automotive_design' ) ;
#1784 = CARTESIAN_POINT ( 'NONE',  ( 2.249999902331639934, -0.5000000000000000000, 0.4699999983843130003 ) ) ;
#1785 = VECTOR ( 'NONE', #371, 1000.000000000000000 ) ;
#1786 = ORIENTED_EDGE ( 'NONE', *, *, #1098, .F. ) ;
#1787 = CIRCLE ( 'NONE', #2713, 0.2000000000000022593 ) ;
#1788 = DIRECTION ( 'NONE',  ( 0.000000000000000000, 0.000000000000000000, 1.000000000000000000 ) ) ;
#1789 = EDGE_LOOP ( 'NONE', ( #681, #1386, #2385, #2657 ) ) ;
#1790 = CARTESIAN_POINT ( 'NONE',  ( 0.1500000000003250122, 7.882583474832701981E-17, 4.575229084480270103E-13 ) ) ;
#1791 = ORIENTED_EDGE ( 'NONE', *, *, #2479, .T. ) ;
#1792 = CARTESIAN_POINT ( 'NONE',  ( 0.1999999990384880022, -0.4649999999999749889, 0.3199999967682199964 ) ) ;
#1793 = DIRECTION ( 'NONE',  ( 1.000000000000000000, 0.000000000000000000, -0.000000000000000000 ) ) ;
#1794 = ITEM_DEFINED_TRANSFORMATION ( 'NONE', 'NONE', #505,  #2777 ) ;
#1795 = DIRECTION ( 'NONE',  ( 0.000000000000000000, 0.000000000000000000, -1.000000000000000000 ) ) ;
#1796 = ORIENTED_EDGE ( 'NONE', *, *, #2479, .F. ) ;
#1797 = VECTOR ( 'NONE', #1630, 1000.000000000000000 ) ;
#1798 = DIRECTION ( 'NONE',  ( -1.000000000000000000, 0.000000000000000000, -0.000000000000000000 ) ) ;
#1799 = CARTESIAN_POINT ( 'NONE',  ( 2.464999999999919922, -0.4649999999999749889, 4.575229084480270103E-13 ) ) ;
#1800 = EDGE_CURVE ( 'NONE', #507, #1871, #373, .T. ) ;
#1801 = VECTOR ( 'NONE', #412, 1000.000000000000000 ) ;
#1802 = SURFACE_SIDE_STYLE ('',( #824 ) ) ;
#1803 = ADVANCED_FACE ( 'NONE', ( #613 ), #2617, .T. ) ;
#1804 = VERTEX_POINT ( 'NONE', #2862 ) ;
#1805 = SURFACE_SIDE_STYLE ('',( #2580 ) ) ;
#1806 = ORIENTED_EDGE ( 'NONE', *, *, #150, .T. ) ;
#1807 = ORIENTED_EDGE ( 'NONE', *, *, #3097, .F. ) ;
#1808 = PLANE ( 'NONE',  #970 ) ;
#1809 = SHAPE_DEFINITION_REPRESENTATION ( #196, #950 ) ;
#1810 = CARTESIAN_POINT ( 'NONE',  ( 1.199999999038259935, -0.5000000000000000000, 0.4699999983844260210 ) ) ;
#1811 = EDGE_LOOP ( 'NONE', ( #1613, #2120, #2691, #2642, #1196, #931, #1849, #11 ) ) ;
#1812 = CARTESIAN_POINT ( 'NONE',  ( 0.3499999990383521054, -0.03499999999996813299, 4.576301044078330316E-13 ) ) ;
#1813 = CARTESIAN_POINT ( 'NONE',  ( 1.499999999038220011, -0.4649999999999749889, 0.4699999983842702567 ) ) ;
#1814 = PRODUCT_DEFINITION_CONTEXT ( 'detailed design', #1034, 'design' ) ;
#1815 = FACE_OUTER_BOUND ( 'NONE', #2830, .T. ) ;
#1816 = EDGE_LOOP ( 'NONE', ( #2980, #2078, #2629, #1754 ) ) ;
#1817 = ADVANCED_FACE ( 'NONE', ( #2355 ), #1837, .T. ) ;
#1818 = EDGE_CURVE ( 'NONE', #1587, #1739, #149, .T. ) ;
#1819 = ORIENTED_EDGE ( 'NONE', *, *, #687, .F. ) ;
#1820 = CARTESIAN_POINT ( 'NONE',  ( 1.499999999038440057, -0.4649999999999749889, 4.574791066802585959E-13 ) ) ;
#1821 = CONTEXT_DEPENDENT_SHAPE_REPRESENTATION ( #1126, #2418 ) ;
#1822 = DIRECTION ( 'NONE',  ( -1.000000000000000000, -0.000000000000000000, -0.000000000000000000 ) ) ;
#1823 = SHAPE_REPRESENTATION ( 'APFA2507_8', ( #2777 ), #2352 ) ;
#1824 = ORIENTED_EDGE ( 'NONE', *, *, #551, .T. ) ;
#1825 = CARTESIAN_POINT ( 'NONE',  ( 0.1500000000003250122, -0.03499999999996820238, 0.3397225971561430025 ) ) ;
#1826 = CARTESIAN_POINT ( 'NONE',  ( 2.299999999999959854, 7.882583474831439804E-17, 0.7000000000007301493 ) ) ;
#1827 = AXIS2_PLACEMENT_3D ( 'NONE', #1884, #1135, #1564 ) ;
#1828 = LINE ( 'NONE', #2515, #723 ) ;
#1829 = VERTEX_POINT ( 'NONE', #449 ) ;
#1830 = COLOUR_RGB ( '',0.7921568627450980005, 0.8196078431372548767, 0.9333333333333333481 ) ;
#1831 = PRODUCT_DEFINITION_FORMATION_WITH_SPECIFIED_SOURCE ( 'ANY', '', #2969, .NOT_KNOWN. ) ;
#1832 = VECTOR ( 'NONE', #1913, 1000.000000000000000 ) ;
#1833 = ADVANCED_FACE ( 'NONE', ( #1195 ), #181, .T. ) ;
#1834 = ORIENTED_EDGE ( 'NONE', *, *, #150, .F. ) ;
#1835 = FACE_OUTER_BOUND ( 'NONE', #1133, .T. ) ;
#1836 = CONTEXT_DEPENDENT_SHAPE_REPRESENTATION ( #1285, #1201 ) ;
#1837 = PLANE ( 'NONE',  #294 ) ;
#1838 = EDGE_CURVE ( 'NONE', #2618, #1770, #2193, .T. ) ;
#1839 = ORIENTED_EDGE ( 'NONE', *, *, #1915, .T. ) ;
#1840 = LINE ( 'NONE', #1825, #2417 ) ;
#1841 =( REPRESENTATION_RELATIONSHIP ('NONE','NONE', #2823, #159 ) REPRESENTATION_RELATIONSHIP_WITH_TRANSFORMATION ( #1865 )SHAPE_REPRESENTATION_RELATIONSHIP( ) );
#1842 = CARTESIAN_POINT ( 'NONE',  ( 0.1500000000003250122, 8.007049884236991386E-17, 0.3397225971561430025 ) ) ;
#1843 = VECTOR ( 'NONE', #2314, 1000.000000000000000 ) ;
#1844 = VERTEX_POINT ( 'NONE', #2247 ) ;
#1845 = AXIS2_PLACEMENT_3D ( 'NONE', #749, #1056, #782 ) ;
#1846 = ORIENTED_EDGE ( 'NONE', *, *, #290, .F. ) ;
#1847 = VECTOR ( 'NONE', #1232, 1000.000000000000000 ) ;
#1848 = CARTESIAN_POINT ( 'NONE',  ( 0.5499999990379338399, -0.5000000000000000000, 4.574710649794168114E-13 ) ) ;
#1849 = ORIENTED_EDGE ( 'NONE', *, *, #2316, .T. ) ;
#1850 = EDGE_CURVE ( 'NONE', #2370, #2577, #3177, .T. ) ;
#1851 = CARTESIAN_POINT ( 'NONE',  ( 2.049999999038170095, -0.5000000000000000000, 0.4699999983843883844 ) ) ;
#1852 = DIRECTION ( 'NONE',  ( -1.000000000000000000, 0.000000000000000000, -0.000000000000000000 ) ) ;
#1853 = VERTEX_POINT ( 'NONE', #2884 ) ;
#1854 = ADVANCED_FACE ( 'NONE', ( #1689 ), #2439, .T. ) ;
#1855 = DIRECTION ( 'NONE',  ( 0.000000000000000000, -1.000000000000000000, -0.000000000000000000 ) ) ;
#1856 = DIRECTION ( 'NONE',  ( -1.000000000000000000, 0.000000000000000000, 0.000000000000000000 ) ) ;
#1857 = EDGE_CURVE ( 'NONE', #2095, #61, #433, .T. ) ;
#1858 = ORIENTED_EDGE ( 'NONE', *, *, #3178, .T. ) ;
#1859 = ORIENTED_EDGE ( 'NONE', *, *, #2433, .T. ) ;
#1860 = CARTESIAN_POINT ( 'NONE',  ( 0.3499999990383521054, -0.4649999999999749889, 4.576301044078330316E-13 ) ) ;
#1861 = DIRECTION ( 'NONE',  ( 0.000000000000000000, -1.000000000000000000, -0.000000000000000000 ) ) ;
#1862 = VERTEX_POINT ( 'NONE', #2210 ) ;
#1863 = ORIENTED_EDGE ( 'NONE', *, *, #2230, .F. ) ;
#1864 = DIRECTION ( 'NONE',  ( 0.000000000000000000, -1.000000000000000000, -4.336808689938119777E-16 ) ) ;
#1865 = ITEM_DEFINED_TRANSFORMATION ( 'NONE', 'NONE', #1983,  #2777 ) ;
#1866 = CARTESIAN_POINT ( 'NONE',  ( 2.149999999038642251, -0.4649999999999749889, 4.575229084480270103E-13 ) ) ;
#1867 = ORIENTED_EDGE ( 'NONE', *, *, #268, .F. ) ;
#1868 = DIRECTION ( 'NONE',  ( -4.536038452828692914E-29, -1.000000000000000000, 1.994931997855329875E-17 ) ) ;
#1869 = DIRECTION ( 'NONE',  ( 0.000000000000000000, 0.000000000000000000, -1.000000000000000000 ) ) ;
#1870 = EDGE_CURVE ( 'NONE', #2910, #3122, #1643, .T. ) ;
#1871 = VERTEX_POINT ( 'NONE', #701 ) ;
#1872 = ORIENTED_EDGE ( 'NONE', *, *, #1041, .F. ) ;
#1873 = EDGE_CURVE ( 'NONE', #2191, #444, #929, .T. ) ;
#1874 = VECTOR ( 'NONE', #3066, 1000.000000000000000 ) ;
#1875 = FACE_OUTER_BOUND ( 'NONE', #1811, .T. ) ;
#1876 = VECTOR ( 'NONE', #2646, 1000.000000000000000 ) ;
#1877 = DIRECTION ( 'NONE',  ( -1.000000000000000000, -0.000000000000000000, 0.000000000000000000 ) ) ;
#1878 = ORIENTED_EDGE ( 'NONE', *, *, #1873, .T. ) ;
#1879 =( GEOMETRIC_REPRESENTATION_CONTEXT ( 3 ) GLOBAL_UNCERTAINTY_ASSIGNED_CONTEXT ( ( #439 ) ) GLOBAL_UNIT_ASSIGNED_CONTEXT ( ( #1694, #912, #1419 ) ) REPRESENTATION_CONTEXT ( 'NONE', 'WORKASPACE' ) );
#1880 = VECTOR ( 'NONE', #2660, 1000.000000000000000 ) ;
#1881 = ORIENTED_EDGE ( 'NONE', *, *, #394, .F. ) ;
#1882 = CARTESIAN_POINT ( 'NONE',  ( 0.5499999990378106052, -0.5000000000000000000, 0.3467948634099903282 ) ) ;
#1883 = AXIS2_PLACEMENT_3D ( 'NONE', #1761, #2014, #1517 ) ;
#1884 = CARTESIAN_POINT ( 'NONE',  ( 0.9999999990379789816, -0.4649999999999749889, 4.575229084480270103E-13 ) ) ;
#1885 = PRODUCT ( 'APFA2507_1', 'APFA2507_1', '', ( #1563 ) ) ;
#1886 = COLOUR_RGB ( '',0.6470588235294117974, 0.6196078431372549211, 0.5882352941176470784 ) ;
#1887 = ORIENTED_EDGE ( 'NONE', *, *, #978, .T. ) ;
#1888 = FACE_OUTER_BOUND ( 'NONE', #1353, .T. ) ;
#1889 = CARTESIAN_POINT ( 'NONE',  ( 2.500000005073081066, -0.5000000000000000000, 4.575929168034877516E-13 ) ) ;
#1890 = LINE ( 'NONE', #3085, #1922 ) ;
#1891 = DIRECTION ( 'NONE',  ( -0.000000000000000000, -1.000000000000000000, -0.000000000000000000 ) ) ;
#1892 = PRODUCT_RELATED_PRODUCT_CATEGORY ( 'part', '', ( #1970 ) ) ;
#1893 = ORIENTED_EDGE ( 'NONE', *, *, #1633, .T. ) ;
#1894 = CLOSED_SHELL ( 'NONE', ( #614, #2920, #1675, #783, #3109, #2071, #823, #1396, #573, #2049, #842, #2056, #2455, #2603, #698, #1803 ) ) ;
#1895 = EDGE_CURVE ( 'NONE', #1853, #2423, #1946, .T. ) ;
#1896 = VECTOR ( 'NONE', #153, 1000.000000000000000 ) ;
#1897 = CARTESIAN_POINT ( 'NONE',  ( 2.249999902331639934, -0.4649999999999749889, 0.7000000000007301493 ) ) ;
#1898 = ORIENTED_EDGE ( 'NONE', *, *, #1857, .F. ) ;
#1899 = UNCERTAINTY_MEASURE_WITH_UNIT (LENGTH_MEASURE( 1.000000000000000082E-05 ), #3132, 'distance_accuracy_value', 'NONE');
#1900 = VECTOR ( 'NONE', #666, 1000.000000000000000 ) ;
#1901 = EDGE_LOOP ( 'NONE', ( #2640, #2044, #1686, #556, #2694, #2238, #3048, #139, #1527 ) ) ;
#1902 = EDGE_CURVE ( 'NONE', #492, #1045, #2454, .T. ) ;
#1903 = PLANE ( 'NONE',  #1731 ) ;
#1904 =( NAMED_UNIT ( * ) PLANE_ANGLE_UNIT ( ) SI_UNIT ( $, .RADIAN. ) );
#1905 = EDGE_LOOP ( 'NONE', ( #2659, #1345, #2707, #630 ) ) ;
#1906 = DIRECTION ( 'NONE',  ( 0.000000000000000000, -0.000000000000000000, 1.000000000000000000 ) ) ;
#1907 = CARTESIAN_POINT ( 'NONE',  ( 2.299999999999962519, 1.401398571840194750E-12, 0.7000000000007308154 ) ) ;
#1908 = CARTESIAN_POINT ( 'NONE',  ( 0.1499999990385340043, -0.5000000000000000000, 0.4699999967682682578 ) ) ;
#1909 = CARTESIAN_POINT ( 'NONE',  ( 2.149999999038529896, -0.5000000000000000000, 0.7000000000007299272 ) ) ;
#1910 =( NAMED_UNIT ( * ) SI_UNIT ( $, .STERADIAN. ) SOLID_ANGLE_UNIT ( ) );
#1911 = ORIENTED_EDGE ( 'NONE', *, *, #78, .F. ) ;
#1912 = ORIENTED_EDGE ( 'NONE', *, *, #2413, .F. ) ;
#1913 = DIRECTION ( 'NONE',  ( -0.000000000000000000, 1.000000000000000000, 0.000000000000000000 ) ) ;
#1914 = FACE_OUTER_BOUND ( 'NONE', #1691, .T. ) ;
#1915 = EDGE_CURVE ( 'NONE', #898, #1407, #2679, .T. ) ;
#1916 = VERTEX_POINT ( 'NONE', #3143 ) ;
#1917 = FACE_OUTER_BOUND ( 'NONE', #2242, .T. ) ;
#1918 = CARTESIAN_POINT ( 'NONE',  ( 2.049999999038170095, -0.5000000000000000000, 4.575229084480270103E-13 ) ) ;
#1919 = CARTESIAN_POINT ( 'NONE',  ( 2.149999999999420819, 2.220446049250820109E-17, 0.5199999999999850298 ) ) ;
#1920 = DIRECTION ( 'NONE',  ( -1.000000000000000000, -6.776263578034401480E-17, 0.000000000000000000 ) ) ;
#1921 = DIRECTION ( 'NONE',  ( -1.000000000000000000, 0.000000000000000000, -0.000000000000000000 ) ) ;
#1922 = VECTOR ( 'NONE', #1648, 1000.000000000000000 ) ;
#1923 = VERTEX_POINT ( 'NONE', #2166 ) ;
#1924 = EDGE_CURVE ( 'NONE', #1205, #2095, #1398, .T. ) ;
#1925 = LINE ( 'NONE', #2192, #1526 ) ;
#1926 = FILL_AREA_STYLE ('',( #2425 ) ) ;
#1927 =( GEOMETRIC_REPRESENTATION_CONTEXT ( 3 ) GLOBAL_UNCERTAINTY_ASSIGNED_CONTEXT ( ( #161 ) ) GLOBAL_UNIT_ASSIGNED_CONTEXT ( ( #967, #1714, #937 ) ) REPRESENTATION_CONTEXT ( 'NONE', 'WORKASPACE' ) );
#1928 = PRESENTATION_LAYER_ASSIGNMENT (  '', '', ( #2979 ) ) ;
#1929 = MANIFOLD_SOLID_BREP ( 'brep_5', #1586 ) ;
#1930 = ORIENTED_EDGE ( 'NONE', *, *, #1480, .T. ) ;
#1931 = AXIS2_PLACEMENT_3D ( 'NONE', #2029, #753, #1550 ) ;
#1932 = PLANE ( 'NONE',  #1947 ) ;
#1933 = ADVANCED_FACE ( 'NONE', ( #1914 ), #2662, .T. ) ;
#1934 = DIRECTION ( 'NONE',  ( 0.000000000000000000, 0.000000000000000000, -1.000000000000000000 ) ) ;
#1935 = CARTESIAN_POINT ( 'NONE',  ( 2.299999999999509992, 0.000000000000000000, 0.7000000000007301493 ) ) ;
#1936 = CIRCLE ( 'NONE', #2201, 0.09999999999999831246 ) ;
#1937 = LINE ( 'NONE', #2921, #316 ) ;
#1938 = LINE ( 'NONE', #2220, #1489 ) ;
#1939 = CARTESIAN_POINT ( 'NONE',  ( 0.1509421479570446090, -0.03499999999996811911, 0.3388686953274593350 ) ) ;
#1940 = ORIENTED_EDGE ( 'NONE', *, *, #10, .F. ) ;
#1941 =( REPRESENTATION_RELATIONSHIP ('NONE','NONE', #2823, #2283 ) REPRESENTATION_RELATIONSHIP_WITH_TRANSFORMATION ( #2030 )SHAPE_REPRESENTATION_RELATIONSHIP( ) );
#1942 = CLOSED_SHELL ( 'NONE', ( #1439, #1701, #1817, #827, #1416, #2094 ) ) ;
#1943 = PRODUCT_DEFINITION_SHAPE ( 'NONE', 'NONE',  #3202 ) ;
#1944 = VERTEX_POINT ( 'NONE', #1547 ) ;
#1945 = LINE ( 'NONE', #481, #406 ) ;
#1946 = LINE ( 'NONE', #1432, #1312 ) ;
#1947 = AXIS2_PLACEMENT_3D ( 'NONE', #1693, #911, #2681 ) ;
#1948 = EDGE_CURVE ( 'NONE', #2482, #2370, #545, .T. ) ;
#1949 = ORIENTED_EDGE ( 'NONE', *, *, #1084, .F. ) ;
#1950 = VECTOR ( 'NONE', #2204, 1000.000000000000000 ) ;
#1951 = CARTESIAN_POINT ( 'NONE',  ( 0.1500000000003250122, -0.03499999999996820238, 4.575229084480270103E-13 ) ) ;
#1952 = DIRECTION ( 'NONE',  ( 1.000000000000000000, 0.000000000000000000, 1.136912612664799927E-12 ) ) ;
#1953 = ADVANCED_FACE ( 'NONE', ( #1758 ), #1994, .T. ) ;
#1954 = CARTESIAN_POINT ( 'NONE',  ( 0.1499999999998699873, -0.03499999999996820238, 0.4746834596560379760 ) ) ;
#1955 = MANIFOLD_SOLID_BREP ( 'brep_8', #2103 ) ;
#1956 = LINE ( 'NONE', #2447, #104 ) ;
#1957 = EDGE_CURVE ( 'NONE', #1561, #2138, #2025, .T. ) ;
#1958 = ORIENTED_EDGE ( 'NONE', *, *, #589, .T. ) ;
#1959 = VERTEX_POINT ( 'NONE', #1723 ) ;
#1960 = CARTESIAN_POINT ( 'NONE',  ( 2.464999999999919922, -0.4649999999999749889, 4.575710783907796885E-13 ) ) ;
#1961 = EDGE_LOOP ( 'NONE', ( #900, #2806, #2168, #2261 ) ) ;
#1962 = DIRECTION ( 'NONE',  ( 1.000000000000000000, -0.000000000000000000, 0.000000000000000000 ) ) ;
#1963 = DIRECTION ( 'NONE',  ( 0.000000000000000000, -0.000000000000000000, -1.000000000000000000 ) ) ;
#1964 = DIRECTION ( 'NONE',  ( 0.000000000000000000, 0.000000000000000000, 1.000000000000000000 ) ) ;
#1965 = FACE_OUTER_BOUND ( 'NONE', #446, .T. ) ;
#1966 = CARTESIAN_POINT ( 'NONE',  ( 0.4499999990382609893, -0.4649999999999749889, 0.3200000000005836509 ) ) ;
#1967 = SHAPE_REPRESENTATION_RELATIONSHIP ( 'NONE' , 'NONE' ,  #1168, #1296 ) ;
#1968 = CARTESIAN_POINT ( 'NONE',  ( 1.799999999999510436, 0.5000000000001140199, 4.578884989104927919E-13 ) ) ;
#1969 = EDGE_CURVE ( 'NONE', #431, #2125, #3028, .T. ) ;
#1970 = PRODUCT ( 'APFA2507_9', 'APFA2507_9', '', ( #357 ) ) ;
#1971 = ADVANCED_FACE ( 'NONE', ( #334 ), #1299, .T. ) ;
#1972 = ORIENTED_EDGE ( 'NONE', *, *, #1427, .F. ) ;
#1973 = ORIENTED_EDGE ( 'NONE', *, *, #2173, .T. ) ;
#1974 = PRESENTATION_STYLE_ASSIGNMENT (( #1479 ) ) ;
#1975 = VECTOR ( 'NONE', #405, 1000.000000000000000 ) ;
#1976 = MANIFOLD_SOLID_BREP ( 'brep_1', #366 ) ;
#1977 = ORIENTED_EDGE ( 'NONE', *, *, #2592, .F. ) ;
#1978 = DIRECTION ( 'NONE',  ( 0.000000000000000000, 0.000000000000000000, 1.000000000000000000 ) ) ;
#1979 = CARTESIAN_POINT ( 'NONE',  ( 0.6499999990380790349, -0.4649999999999749889, 4.575229084480270103E-13 ) ) ;
#1980 = MECHANICAL_DESIGN_GEOMETRIC_PRESENTATION_REPRESENTATION (  '', ( #297 ), #134 ) ;
#1981 = APPLICATION_PROTOCOL_DEFINITION ( 'draft international standard', 'automotive_design', 1998, #538 ) ;
#1982 = CARTESIAN_POINT ( 'NONE',  ( 2.464999999999919922, -0.03499999999996809830, 4.575229084480270103E-13 ) ) ;
#1983 = AXIS2_PLACEMENT_3D ( 'NONE', #2989, #2476, #1696 ) ;
#1984 = AXIS2_PLACEMENT_3D ( 'NONE', #684, #2179, #231 ) ;
#1985 = CARTESIAN_POINT ( 'NONE',  ( 0.4499999990383725113, -0.4649999999999749889, 0.3200000000005884804 ) ) ;
#1986 = CARTESIAN_POINT ( 'NONE',  ( -9.615570562004900651E-10, 0.000000000000000000, 4.575229084480270103E-13 ) ) ;
#1987 = AXIS2_PLACEMENT_3D ( 'NONE', #2702, #1736, #3158 ) ;
#1988 = VECTOR ( 'NONE', #1525, 1000.000000000000000 ) ;
#1989 = CARTESIAN_POINT ( 'NONE',  ( 0.1499999990585665632, -0.4649999999999749889, 0.4699999967682575996 ) ) ;
#1990 = ORIENTED_EDGE ( 'NONE', *, *, #1153, .T. ) ;
#1991 = ADVANCED_FACE ( 'NONE', ( #769 ), #750, .T. ) ;
#1992 = ORIENTED_EDGE ( 'NONE', *, *, #1500, .F. ) ;
#1993 = DIRECTION ( 'NONE',  ( 1.000000000000000000, 0.000000000000000000, 0.000000000000000000 ) ) ;
#1994 = PLANE ( 'NONE',  #403 ) ;
#1995 = CIRCLE ( 'NONE', #3098, 0.1000000000000000194 ) ;
#1996 = MANIFOLD_SOLID_BREP ( 'brep_7', #825 ) ;
#1997 = EDGE_CURVE ( 'NONE', #243, #2472, #1210, .T. ) ;
#1998 = ORIENTED_EDGE ( 'NONE', *, *, #508, .F. ) ;
#1999 = CARTESIAN_POINT ( 'NONE',  ( 1.799999999999510436, -3.359012287070613745E-13, 4.573017481454989125E-13 ) ) ;
#2000 = DIRECTION ( 'NONE',  ( 0.000000000000000000, -0.000000000000000000, -1.000000000000000000 ) ) ;
#2001 = VECTOR ( 'NONE', #1610, 1000.000000000000000 ) ;
#2002 = DIRECTION ( 'NONE',  ( -0.000000000000000000, -1.000000000000000000, -0.000000000000000000 ) ) ;
#2003 = APPLICATION_PROTOCOL_DEFINITION ( 'draft international standard', 'automotive_design', 1998, #377 ) ;
#2004 = CARTESIAN_POINT ( 'NONE',  ( 1.049999999038170095, -0.4649999999999749889, 0.3699999983844040052 ) ) ;
#2005 = CARTESIAN_POINT ( 'NONE',  ( 0.03500000000030940167, -0.03499999999996820238, 4.575229084480270103E-13 ) ) ;
#2006 = PLANE ( 'NONE',  #987 ) ;
#2007 = LINE ( 'NONE', #791, #1677 ) ;
#2008 = FILL_AREA_STYLE_COLOUR ( '', #2349 ) ;
#2009 = ORIENTED_EDGE ( 'NONE', *, *, #644, .F. ) ;
#2010 = LINE ( 'NONE', #559, #2 ) ;
#2011 =( NAMED_UNIT ( * ) SI_UNIT ( $, .STERADIAN. ) SOLID_ANGLE_UNIT ( ) );
#2012 = ADVANCED_FACE ( 'NONE', ( #2545 ), #934, .T. ) ;
#2013 = VERTEX_POINT ( 'NONE', #2393 ) ;
#2014 = DIRECTION ( 'NONE',  ( 0.000000000000000000, 0.000000000000000000, 1.000000000000000000 ) ) ;
#2015 = CARTESIAN_POINT ( 'NONE',  ( 1.849999999038189458, -0.4649999999999749889, 4.574582519759021934E-13 ) ) ;
#2016 = CARTESIAN_POINT ( 'NONE',  ( -9.215013956614715023E-10, 6.573445491629482895E-17, 4.575973500867812366E-13 ) ) ;
#2017 = ADVANCED_FACE ( 'NONE', ( #2429 ), #1647, .T. ) ;
#2018 = CARTESIAN_POINT ( 'NONE',  ( 0.2499999999995509703, -0.03499999999996809136, 0.3251740997246799769 ) ) ;
#2019 = FACE_OUTER_BOUND ( 'NONE', #99, .T. ) ;
#2020 = CARTESIAN_POINT ( 'NONE',  ( 2.249999902331639934, -0.5000000000000000000, 0.7000000000007301493 ) ) ;
#2021 = ORIENTED_EDGE ( 'NONE', *, *, #1565, .F. ) ;
#2022 = ADVANCED_BREP_SHAPE_REPRESENTATION ( '', ( #3059, #2777 ), #2352 ) ;
#2023 = EDGE_LOOP ( 'NONE', ( #1824, #615, #1558, #2276, #926, #365, #151, #1220, #638, #1161, #1332, #3140 ) ) ;
#2024 = LINE ( 'NONE', #3027, #473 ) ;
#2025 = LINE ( 'NONE', #2964, #3082 ) ;
#2026 = ORIENTED_EDGE ( 'NONE', *, *, #3018, .T. ) ;
#2027 = EDGE_CURVE ( 'NONE', #2381, #2482, #2198, .T. ) ;
#2028 = FACE_OUTER_BOUND ( 'NONE', #1329, .T. ) ;
#2029 = CARTESIAN_POINT ( 'NONE',  ( 1.499999999038220011, -0.4649999999999749889, 4.575229084480270103E-13 ) ) ;
#2030 = ITEM_DEFINED_TRANSFORMATION ( 'NONE', 'NONE', #610,  #2777 ) ;
#2031 = CARTESIAN_POINT ( 'NONE',  ( 1.499999999038391207, -0.5000000000000000000, 4.574596724936467484E-13 ) ) ;
#2032 = ORIENTED_EDGE ( 'NONE', *, *, #2258, .F. ) ;
#2033 = EDGE_CURVE ( 'NONE', #736, #2631, #253, .T. ) ;
#2034 = VECTOR ( 'NONE', #1369, 1000.000000000000000 ) ;
#2035 = DIRECTION ( 'NONE',  ( 0.000000000000000000, 0.000000000000000000, 1.000000000000000000 ) ) ;
#2036 = FACE_OUTER_BOUND ( 'NONE', #631, .T. ) ;
#2037 = ORIENTED_EDGE ( 'NONE', *, *, #1055, .T. ) ;
#2038 = AXIS2_PLACEMENT_3D ( 'NONE', #1741, #2727, #350 ) ;
#2039 = AXIS2_PLACEMENT_3D ( 'NONE', #1030, #1060, #2000 ) ;
#2040 = VERTEX_POINT ( 'NONE', #2682 ) ;
#2041 = MECHANICAL_DESIGN_GEOMETRIC_PRESENTATION_REPRESENTATION (  '', ( #1626 ), #1426 ) ;
#2042 =( LENGTH_UNIT ( ) NAMED_UNIT ( * ) SI_UNIT ( .MILLI., .METRE. ) );
#2043 = ORIENTED_EDGE ( 'NONE', *, *, #290, .T. ) ;
#2044 = ORIENTED_EDGE ( 'NONE', *, *, #1175, .T. ) ;
#2045 = DIRECTION ( 'NONE',  ( 0.000000000000000000, 1.000000000000000000, -0.000000000000000000 ) ) ;
#2046 = CONTEXT_DEPENDENT_SHAPE_REPRESENTATION ( #1941, #2444 ) ;
#2047 = DIRECTION ( 'NONE',  ( -0.000000000000000000, 1.000000000000000000, 0.000000000000000000 ) ) ;
#2048 = VECTOR ( 'NONE', #710, 1000.000000000000000 ) ;
#2049 = ADVANCED_FACE ( 'NONE', ( #485 ), #2918, .T. ) ;
#2050 = ORIENTED_EDGE ( 'NONE', *, *, #2729, .F. ) ;
#2051 = VECTOR ( 'NONE', #329, 1000.000000000000000 ) ;
#2052 = CARTESIAN_POINT ( 'NONE',  ( 1.299999999038170095, -0.4649999999999749889, 0.3699999983844040052 ) ) ;
#2053 = LINE ( 'NONE', #1752, #2523 ) ;
#2054 = AXIS2_PLACEMENT_3D ( 'NONE', #451, #2375, #2902 ) ;
#2055 = VERTEX_POINT ( 'NONE', #1889 ) ;
#2056 = ADVANCED_FACE ( 'NONE', ( #206 ), #706, .T. ) ;
#2057 = DIRECTION ( 'NONE',  ( 1.000000000000000000, -0.000000000000000000, 0.000000000000000000 ) ) ;
#2058 = ORIENTED_EDGE ( 'NONE', *, *, #2311, .F. ) ;
#2059 = ORIENTED_EDGE ( 'NONE', *, *, #1343, .T. ) ;
#2060 = DIRECTION ( 'NONE',  ( -0.000000000000000000, 1.000000000000000000, 0.000000000000000000 ) ) ;
#2061 = SHAPE_DEFINITION_REPRESENTATION ( #1487, #178 ) ;
#2062 = LINE ( 'NONE', #2115, #2293 ) ;
#2063 = ORIENTED_EDGE ( 'NONE', *, *, #1004, .T. ) ;
#2064 = PLANE ( 'NONE',  #1380 ) ;
#2065 = APPLICATION_CONTEXT ( 'automotive_design' ) ;
#2066 = PLANE ( 'NONE',  #1160 ) ;
#2067 = PRODUCT_DEFINITION_CONTEXT ( 'detailed design', #436, 'design' ) ;
#2068 = ADVANCED_FACE ( 'NONE', ( #2888 ), #2170, .T. ) ;
#2069 = SHAPE_REPRESENTATION_RELATIONSHIP ( 'NONE' , 'NONE' ,  #178, #1364 ) ;
#2070 = ORIENTED_EDGE ( 'NONE', *, *, #33, .F. ) ;
#2071 = ADVANCED_FACE ( 'NONE', ( #220 ), #3167, .T. ) ;
#2072 = DIRECTION ( 'NONE',  ( -0.000000000000000000, 0.000000000000000000, -1.000000000000000000 ) ) ;
#2073 = ORIENTED_EDGE ( 'NONE', *, *, #2099, .F. ) ;
#2074 = VERTEX_POINT ( 'NONE', #1907 ) ;
#2075 = CARTESIAN_POINT ( 'NONE',  ( 2.349999999960134645, -0.03499999999996813299, 0.6699999999999595168 ) ) ;
#2076 = APPLICATION_PROTOCOL_DEFINITION ( 'draft international standard', 'automotive_design', 1998, #634 ) ;
#2077 = LINE ( 'NONE', #2322, #1874 ) ;
#2078 = ORIENTED_EDGE ( 'NONE', *, *, #1261, .F. ) ;
#2079 = LINE ( 'NONE', #2807, #152 ) ;
#2080 = CARTESIAN_POINT ( 'NONE',  ( 0.2300001320969090601, -0.5000000000000000000, 0.4699999983844260210 ) ) ;
#2081 = VECTOR ( 'NONE', #2950, 1000.000000000000000 ) ;
#2082 = VERTEX_POINT ( 'NONE', #1198 ) ;
#2083 =( NAMED_UNIT ( * ) SI_UNIT ( $, .STERADIAN. ) SOLID_ANGLE_UNIT ( ) );
#2084 =( GEOMETRIC_REPRESENTATION_CONTEXT ( 3 ) GLOBAL_UNCERTAINTY_ASSIGNED_CONTEXT ( ( #688 ) ) GLOBAL_UNIT_ASSIGNED_CONTEXT ( ( #899, #619, #3104 ) ) REPRESENTATION_CONTEXT ( 'NONE', 'WORKASPACE' ) );
#2085 = ORIENTED_EDGE ( 'NONE', *, *, #1565, .T. ) ;
#2086 = AXIS2_PLACEMENT_3D ( 'NONE', #1951, #2953, #2153 ) ;
#2087 = EDGE_CURVE ( 'NONE', #317, #3172, #2696, .T. ) ;
#2088 = PRODUCT_DEFINITION_FORMATION_WITH_SPECIFIED_SOURCE ( 'ANY', '', #686, .NOT_KNOWN. ) ;
#2089 = CIRCLE ( 'NONE', #1473, 0.5000000000004494183 ) ;
#2090 = DIRECTION ( 'NONE',  ( 0.000000000000000000, -0.000000000000000000, -1.000000000000000000 ) ) ;
#2091 =( NAMED_UNIT ( * ) PLANE_ANGLE_UNIT ( ) SI_UNIT ( $, .RADIAN. ) );
#2092 = VERTEX_POINT ( 'NONE', #2636 ) ;
#2093 = VECTOR ( 'NONE', #3171, 1000.000000000000000 ) ;
#2094 = ADVANCED_FACE ( 'NONE', ( #1680 ), #3182, .T. ) ;
#2095 = VERTEX_POINT ( 'NONE', #440 ) ;
#2096 = VECTOR ( 'NONE', #1155, 1000.000000000000000 ) ;
#2097 = FACE_OUTER_BOUND ( 'NONE', #2579, .T. ) ;
#2098 = DIRECTION ( 'NONE',  ( -1.000000000000000000, -0.000000000000000000, 0.000000000000000000 ) ) ;
#2099 = EDGE_CURVE ( 'NONE', #1069, #3172, #2903, .T. ) ;
#2100 = ORIENTED_EDGE ( 'NONE', *, *, #410, .T. ) ;
#2101 = DIRECTION ( 'NONE',  ( -1.000000000000000000, 0.000000000000000000, -0.000000000000000000 ) ) ;
#2102 = CARTESIAN_POINT ( 'NONE',  ( 2.299999999999959854, 7.882583474831439804E-17, 0.6699999999999050049 ) ) ;
#2103 = CLOSED_SHELL ( 'NONE', ( #719, #1854, #3037, #1953, #939, #1287 ) ) ;
#2104 = ORIENTED_EDGE ( 'NONE', *, *, #1738, .F. ) ;
#2105 =( NAMED_UNIT ( * ) PLANE_ANGLE_UNIT ( ) SI_UNIT ( $, .RADIAN. ) );
#2106 = VECTOR ( 'NONE', #587, 1000.000000000000000 ) ;
#2107 = ORIENTED_EDGE ( 'NONE', *, *, #1948, .F. ) ;
#2108 = VECTOR ( 'NONE', #777, 1000.000000000000000 ) ;
#2109 = FACE_OUTER_BOUND ( 'NONE', #1394, .T. ) ;
#2110 = EDGE_LOOP ( 'NONE', ( #1977, #1796, #79, #2456 ) ) ;
#2111 =( REPRESENTATION_RELATIONSHIP ('NONE','NONE', #2823, #1168 ) REPRESENTATION_RELATIONSHIP_WITH_TRANSFORMATION ( #1062 )SHAPE_REPRESENTATION_RELATIONSHIP( ) );
#2112 = ORIENTED_EDGE ( 'NONE', *, *, #2877, .F. ) ;
#2113 = EDGE_CURVE ( 'NONE', #1862, #2040, #1518, .T. ) ;
#2114 = DIRECTION ( 'NONE',  ( 0.000000000000000000, 0.000000000000000000, -1.000000000000000000 ) ) ;
#2115 = CARTESIAN_POINT ( 'NONE',  ( -9.615570562004900651E-10, -0.5000000000000000000, 0.4699999967683110569 ) ) ;
#2116 = ORIENTED_EDGE ( 'NONE', *, *, #2350, .T. ) ;
#2117 = CARTESIAN_POINT ( 'NONE',  ( 1.849999999038119958, -0.5000000000000000000, 4.574236029252519810E-13 ) ) ;
#2118 = ADVANCED_FACE ( 'NONE', ( #2501 ), #1252, .T. ) ;
#2119 = DIRECTION ( 'NONE',  ( -0.000000000000000000, 1.000000000000000000, 0.000000000000000000 ) ) ;
#2120 = ORIENTED_EDGE ( 'NONE', *, *, #1354, .T. ) ;
#2121 = DIRECTION ( 'NONE',  ( -1.000000000000000000, 0.000000000000000000, 0.000000000000000000 ) ) ;
#2122 = ORIENTED_EDGE ( 'NONE', *, *, #35, .F. ) ;
#2123 = FACE_OUTER_BOUND ( 'NONE', #197, .T. ) ;
#2124 = DIRECTION ( 'NONE',  ( -1.000000000000000000, -0.000000000000000000, 0.000000000000000000 ) ) ;
#2125 = VERTEX_POINT ( 'NONE', #285 ) ;
#2126 = UNCERTAINTY_MEASURE_WITH_UNIT (LENGTH_MEASURE( 1.000000000000000082E-05 ), #1664, 'distance_accuracy_value', 'NONE');
#2127 = VERTEX_POINT ( 'NONE', #2015 ) ;
#2128 = FACE_OUTER_BOUND ( 'NONE', #2850, .T. ) ;
#2129 = CARTESIAN_POINT ( 'NONE',  ( 2.249999902331639934, -0.4649999999999749889, 0.4699999983843130003 ) ) ;
#2130 = PRODUCT_RELATED_PRODUCT_CATEGORY ( 'part', '', ( #29 ) ) ;
#2131 = ORIENTED_EDGE ( 'NONE', *, *, #3113, .T. ) ;
#2132 = CARTESIAN_POINT ( 'NONE',  ( 2.299999999999959854, -0.03499999999996820238, 0.6699999999998480504 ) ) ;
#2133 = SHAPE_REPRESENTATION_RELATIONSHIP ( 'NONE' , 'NONE' ,  #1263, #1603 ) ;
#2134 = DIRECTION ( 'NONE',  ( 1.000000000000000000, 0.000000000000000000, 0.000000000000000000 ) ) ;
#2135 = EDGE_CURVE ( 'NONE', #1844, #2894, #1503, .T. ) ;
#2136 = LINE ( 'NONE', #918, #2048 ) ;
#2137 = CARTESIAN_POINT ( 'NONE',  ( 0.2000000000000519973, -0.03500000000002524703, 4.576301044078327286E-13 ) ) ;
#2138 = VERTEX_POINT ( 'NONE', #3019 ) ;
#2139 = VECTOR ( 'NONE', #2098, 1000.000000000000000 ) ;
#2140 = ADVANCED_FACE ( 'NONE', ( #2765 ), #800, .T. ) ;
#2141 = CARTESIAN_POINT ( 'NONE',  ( 0.3499999990383521054, 0.000000000000000000, 4.576301044078330316E-13 ) ) ;
#2142 = STYLED_ITEM ( 'NONE', ( #2517 ), #1955 ) ;
#2143 = CARTESIAN_POINT ( 'NONE',  ( 0.1499999991186642678, 0.000000000000000000, 0.7000000000007301493 ) ) ;
#2144 = ORIENTED_EDGE ( 'NONE', *, *, #1599, .F. ) ;
#2145 = AXIS2_PLACEMENT_3D ( 'NONE', #2252, #2755, #291 ) ;
#2146 = VERTEX_POINT ( 'NONE', #2967 ) ;
#2147 = LINE ( 'NONE', #3123, #1832 ) ;
#2148 = AXIS2_PLACEMENT_3D ( 'NONE', #1718, #762, #1921 ) ;
#2149 = DIRECTION ( 'NONE',  ( 1.000000000000000000, -0.000000000000000000, 0.000000000000000000 ) ) ;
#2150 =( GEOMETRIC_REPRESENTATION_CONTEXT ( 3 ) GLOBAL_UNCERTAINTY_ASSIGNED_CONTEXT ( ( #2126 ) ) GLOBAL_UNIT_ASSIGNED_CONTEXT ( ( #1664, #1471, #1685 ) ) REPRESENTATION_CONTEXT ( 'NONE', 'WORKASPACE' ) );
#2151 = ORIENTED_EDGE ( 'NONE', *, *, #3113, .F. ) ;
#2152 = CARTESIAN_POINT ( 'NONE',  ( 0.6499999990380790349, -0.5000000000000000000, 4.575229084480270103E-13 ) ) ;
#2153 = DIRECTION ( 'NONE',  ( 0.000000000000000000, 0.000000000000000000, -1.000000000000000000 ) ) ;
#2154 = DIRECTION ( 'NONE',  ( -0.000000000000000000, 1.000000000000000000, 0.000000000000000000 ) ) ;
#2155 = DIRECTION ( 'NONE',  ( -0.000000000000000000, -0.000000000000000000, -1.000000000000000000 ) ) ;
#2156 = EDGE_CURVE ( 'NONE', #1923, #889, #1271, .T. ) ;
#2157 = ORIENTED_EDGE ( 'NONE', *, *, #839, .T. ) ;
#2158 = AXIS2_PLACEMENT_3D ( 'NONE', #2005, #2508, #2268 ) ;
#2159 = VECTOR ( 'NONE', #2555, 1000.000000000000000 ) ;
#2160 = DIRECTION ( 'NONE',  ( 0.000000000000000000, -0.000000000000000000, 1.000000000000000000 ) ) ;
#2161 = EDGE_CURVE ( 'NONE', #1658, #2577, #307, .T. ) ;
#2162 = VERTEX_POINT ( 'NONE', #2265 ) ;
#2163 = PRESENTATION_LAYER_ASSIGNMENT (  '', '', ( #1543 ) ) ;
#2164 = ORIENTED_EDGE ( 'NONE', *, *, #594, .F. ) ;
#2165 = CARTESIAN_POINT ( 'NONE',  ( 2.499999999999780176, 5.421010862427522170E-17, 4.575229084480270103E-13 ) ) ;
#2166 = CARTESIAN_POINT ( 'NONE',  ( 2.464999999999919922, -0.4649999999999749889, 4.575873509150631576E-13 ) ) ;
#2167 = UNCERTAINTY_MEASURE_WITH_UNIT (LENGTH_MEASURE( 1.000000000000000082E-05 ), #3091, 'distance_accuracy_value', 'NONE');
#2168 = ORIENTED_EDGE ( 'NONE', *, *, #2297, .F. ) ;
#2169 = DIRECTION ( 'NONE',  ( 1.000000000000000000, 0.000000000000000000, 0.000000000000000000 ) ) ;
#2170 = PLANE ( 'NONE',  #2086 ) ;
#2171 = CARTESIAN_POINT ( 'NONE',  ( 2.299999999999509992, -0.03499999999996820238, 0.5199999999999850298 ) ) ;
#2172 = DIRECTION ( 'NONE',  ( -6.776263578034403945E-17, 1.000000000000000000, 6.776263578034400247E-17 ) ) ;
#2173 = EDGE_CURVE ( 'NONE', #1080, #903, #786, .T. ) ;
#2174 =( NAMED_UNIT ( * ) PLANE_ANGLE_UNIT ( ) SI_UNIT ( $, .RADIAN. ) );
#2175 = ORIENTED_EDGE ( 'NONE', *, *, #2218, .F. ) ;
#2176 = APPLICATION_CONTEXT ( 'automotive_design' ) ;
#2177 = ADVANCED_FACE ( 'NONE', ( #2522 ), #2715, .T. ) ;
#2178 = ORIENTED_EDGE ( 'NONE', *, *, #897, .F. ) ;
#2179 = DIRECTION ( 'NONE',  ( -0.000000000000000000, 1.000000000000000000, 0.000000000000000000 ) ) ;
#2180 = CARTESIAN_POINT ( 'NONE',  ( 0.2300001320969090601, -0.5000000000000000000, 4.574666104630225374E-13 ) ) ;
#2181 = ORIENTED_EDGE ( 'NONE', *, *, #442, .T. ) ;
#2182 = FACE_OUTER_BOUND ( 'NONE', #3026, .T. ) ;
#2183 = CARTESIAN_POINT ( 'NONE',  ( 2.350000000000139977, 0.000000000000000000, 0.5699999999998249800 ) ) ;
#2184 = PRODUCT_DEFINITION_SHAPE ( 'NONE', 'NONE',  #3199 ) ;
#2185 = LINE ( 'NONE', #2970, #1569 ) ;
#2186 = DIRECTION ( 'NONE',  ( 0.6715540738046519298, -8.733269886662935091E-17, 0.7409555492446062708 ) ) ;
#2187 = PLANE ( 'NONE',  #1987 ) ;
#2188 = ORIENTED_EDGE ( 'NONE', *, *, #268, .T. ) ;
#2189 = EDGE_CURVE ( 'NONE', #941, #957, #1290, .T. ) ;
#2190 = AXIS2_PLACEMENT_3D ( 'NONE', #2536, #1049, #1537 ) ;
#2191 = VERTEX_POINT ( 'NONE', #2244 ) ;
#2192 = CARTESIAN_POINT ( 'NONE',  ( 0.6499999990380790349, -0.4649999999999749889, 0.4699999983843130003 ) ) ;
#2193 = LINE ( 'NONE', #2180, #2081 ) ;
#2194 = EDGE_CURVE ( 'NONE', #1739, #53, #270, .T. ) ;
#2195 = ORIENTED_EDGE ( 'NONE', *, *, #163, .T. ) ;
#2196 = AXIS2_PLACEMENT_3D ( 'NONE', #216, #906, #2929 ) ;
#2197 =( NAMED_UNIT ( * ) SI_UNIT ( $, .STERADIAN. ) SOLID_ANGLE_UNIT ( ) );
#2198 = LINE ( 'NONE', #724, #2656 ) ;
#2199 = APPLICATION_PROTOCOL_DEFINITION ( 'draft international standard', 'automotive_design', 1998, #264 ) ;
#2200 = DIRECTION ( 'NONE',  ( -0.000000000000000000, 1.000000000000000000, 0.000000000000000000 ) ) ;
#2201 = AXIS2_PLACEMENT_3D ( 'NONE', #1483, #269, #1978 ) ;
#2202 = LINE ( 'NONE', #1909, #1797 ) ;
#2203 = SHAPE_REPRESENTATION_RELATIONSHIP ( 'NONE' , 'NONE' ,  #2360, #541 ) ;
#2204 = DIRECTION ( 'NONE',  ( -1.000000000000000000, -0.000000000000000000, -0.000000000000000000 ) ) ;
#2205 =( LENGTH_UNIT ( ) NAMED_UNIT ( * ) SI_UNIT ( .MILLI., .METRE. ) );
#2206 = ORIENTED_EDGE ( 'NONE', *, *, #1612, .T. ) ;
#2207 = VECTOR ( 'NONE', #1200, 1000.000000000000000 ) ;
#2208 = ORIENTED_EDGE ( 'NONE', *, *, #2895, .T. ) ;
#2209 = DIRECTION ( 'NONE',  ( -1.000000000000000000, 0.000000000000000000, 0.000000000000000000 ) ) ;
#2210 = CARTESIAN_POINT ( 'NONE',  ( 0.3499999990383521609, -0.4649999999999749889, 4.575586602472723105E-13 ) ) ;
#2211 = AXIS2_PLACEMENT_3D ( 'NONE', #57, #2209, #1788 ) ;
#2212 = ORIENTED_EDGE ( 'NONE', *, *, #273, .F. ) ;
#2213 = EDGE_CURVE ( 'NONE', #2577, #2977, #1061, .T. ) ;
#2214 = CARTESIAN_POINT ( 'NONE',  ( 1.299999999038170095, -0.5000000000000000000, 0.3699999983844040052 ) ) ;
#2215 = CARTESIAN_POINT ( 'NONE',  ( 0.6499999990380790349, -0.4649999999999749889, 4.575229084480270103E-13 ) ) ;
#2216 = PRODUCT_CONTEXT ( 'NONE', #377, 'mechanical' ) ;
#2217 = CARTESIAN_POINT ( 'NONE',  ( 0.6499999990380790349, -0.5000000000000000000, 4.575229084480270103E-13 ) ) ;
#2218 = EDGE_CURVE ( 'NONE', #2537, #2370, #2733, .T. ) ;
#2219 = CARTESIAN_POINT ( 'NONE',  ( 1.199999999038259935, -0.5000000000000000000, 0.3699999983844040052 ) ) ;
#2220 = CARTESIAN_POINT ( 'NONE',  ( 2.349999999037930110, -0.5000000000000000000, 4.575229084480270103E-13 ) ) ;
#2221 = LINE ( 'NONE', #459, #713 ) ;
#2222 = ORIENTED_EDGE ( 'NONE', *, *, #1001, .T. ) ;
#2223 = ORIENTED_EDGE ( 'NONE', *, *, #1455, .T. ) ;
#2224 = DIRECTION ( 'NONE',  ( 1.000000000000000000, 0.000000000000000000, -0.000000000000000000 ) ) ;
#2225 = VERTEX_POINT ( 'NONE', #338 ) ;
#2226 = CARTESIAN_POINT ( 'NONE',  ( 0.2000000000000519973, 1.136868377216160045E-13, 4.575229084480270103E-13 ) ) ;
#2227 = CARTESIAN_POINT ( 'NONE',  ( 1.499999999038440057, -0.5000000000000000000, 0.4699999983842559903 ) ) ;
#2228 = PRODUCT_CONTEXT ( 'NONE', #1446, 'mechanical' ) ;
#2229 = DIRECTION ( 'NONE',  ( 0.000000000000000000, -1.000000000000000000, -0.000000000000000000 ) ) ;
#2230 = EDGE_CURVE ( 'NONE', #1804, #2423, #1303, .T. ) ;
#2231 = DIRECTION ( 'NONE',  ( 1.189369783216570014E-16, 1.546230693693964074E-27, 1.000000000000000000 ) ) ;
#2232 = CARTESIAN_POINT ( 'NONE',  ( 0.1500000000000152878, 7.882583474832701981E-17, 0.4746834596559063035 ) ) ;
#2233 = ADVANCED_FACE ( 'NONE', ( #995 ), #1031, .T. ) ;
#2234 = APPLICATION_CONTEXT ( 'automotive_design' ) ;
#2235 =( NAMED_UNIT ( * ) PLANE_ANGLE_UNIT ( ) SI_UNIT ( $, .RADIAN. ) );
#2236 = ORIENTED_EDGE ( 'NONE', *, *, #2230, .T. ) ;
#2237 = EDGE_CURVE ( 'NONE', #1142, #2256, #516, .T. ) ;
#2238 = ORIENTED_EDGE ( 'NONE', *, *, #1379, .T. ) ;
#2239 = DIRECTION ( 'NONE',  ( -0.000000000000000000, 1.000000000000000000, 0.000000000000000000 ) ) ;
#2240 = FACE_OUTER_BOUND ( 'NONE', #1192, .T. ) ;
#2241 = VECTOR ( 'NONE', #1437, 1000.000000000000000 ) ;
#2242 = EDGE_LOOP ( 'NONE', ( #748, #1318, #2602, #108 ) ) ;
#2243 = CARTESIAN_POINT ( 'NONE',  ( 2.299999999999509992, 1.339852527248023894E-17, 0.7000000000007301493 ) ) ;
#2244 = CARTESIAN_POINT ( 'NONE',  ( 0.1999999990384880022, -0.5000000000000000000, 0.4699999967683038404 ) ) ;
#2245 = CARTESIAN_POINT ( 'NONE',  ( 0.000000000000000000, 0.000000000000000000, 0.000000000000000000 ) ) ;
#2246 = LINE ( 'NONE', #1810, #809 ) ;
#2247 = CARTESIAN_POINT ( 'NONE',  ( 0.2000000000002790101, -0.03499999999996811911, 0.4117766401035427570 ) ) ;
#2248 = AXIS2_PLACEMENT_3D ( 'NONE', #1383, #1642, #1397 ) ;
#2249 = CARTESIAN_POINT ( 'NONE',  ( 0.2300001320969090601, -0.5000000000000000000, 4.574642846859645774E-13 ) ) ;
#2250 = LINE ( 'NONE', #2794, #2730 ) ;
#2251 = VECTOR ( 'NONE', #252, 1000.000000000000000 ) ;
#2252 = CARTESIAN_POINT ( 'NONE',  ( 2.299999999999509992, 0.000000000000000000, 0.5199999999999850298 ) ) ;
#2253 = AXIS2_PLACEMENT_3D ( 'NONE', #1614, #1328, #2623 ) ;
#2254 = EDGE_CURVE ( 'NONE', #2483, #1853, #2475, .T. ) ;
#2255 =( NAMED_UNIT ( * ) SI_UNIT ( $, .STERADIAN. ) SOLID_ANGLE_UNIT ( ) );
#2256 = VERTEX_POINT ( 'NONE', #1010 ) ;
#2257 = CARTESIAN_POINT ( 'NONE',  ( 2.300000000000189893, 0.5000000000001140199, 0.7000000000007310375 ) ) ;
#2258 = EDGE_CURVE ( 'NONE', #2074, #1944, #2089, .T. ) ;
#2259 = PLANE ( 'NONE',  #1132 ) ;
#2260 = AXIS2_PLACEMENT_3D ( 'NONE', #1307, #119, #2573 ) ;
#2261 = ORIENTED_EDGE ( 'NONE', *, *, #1055, .F. ) ;
#2262 = DIRECTION ( 'NONE',  ( 1.973115228024722683E-28, -4.440892098500144464E-16, 1.000000000000000000 ) ) ;
#2263 = DIRECTION ( 'NONE',  ( -6.776263578034403945E-17, 1.000000000000000000, 6.776263578034400247E-17 ) ) ;
#2264 = AXIS2_PLACEMENT_3D ( 'NONE', #203, #2410, #1501 ) ;
#2265 = CARTESIAN_POINT ( 'NONE',  ( 0.1500000000003250122, -0.03499999999996809830, 0.3397225971561428914 ) ) ;
#2266 = DIRECTION ( 'NONE',  ( 0.000000000000000000, 0.000000000000000000, -1.000000000000000000 ) ) ;
#2267 = MECHANICAL_DESIGN_GEOMETRIC_PRESENTATION_REPRESENTATION (  '', ( #1330 ), #1279 ) ;
#2268 = DIRECTION ( 'NONE',  ( 0.000000000000000000, 0.000000000000000000, -1.000000000000000000 ) ) ;
#2269 = CARTESIAN_POINT ( 'NONE',  ( 0.1500000000003250122, -0.03499999999996809830, 0.3397225971561428914 ) ) ;
#2270 = CARTESIAN_POINT ( 'NONE',  ( 2.049999999038170095, -0.5000000000000000000, 4.575229084480270103E-13 ) ) ;
#2271 = CARTESIAN_POINT ( 'NONE',  ( 1.299999999038170095, -0.5000000000000000000, 0.4699999983844260210 ) ) ;
#2272 = ORIENTED_EDGE ( 'NONE', *, *, #1441, .T. ) ;
#2273 = ADVANCED_FACE ( 'NONE', ( #1835 ), #398, .F. ) ;
#2274 = LINE ( 'NONE', #2257, #1227 ) ;
#2275 = DIRECTION ( 'NONE',  ( 0.000000000000000000, -0.000000000000000000, -1.000000000000000000 ) ) ;
#2276 = ORIENTED_EDGE ( 'NONE', *, *, #2551, .T. ) ;
#2277 = FILL_AREA_STYLE_COLOUR ( '', #2925 ) ;
#2278 = EDGE_CURVE ( 'NONE', #820, #2625, #2309, .T. ) ;
#2279 = ORIENTED_EDGE ( 'NONE', *, *, #1578, .F. ) ;
#2280 = LINE ( 'NONE', #1289, #2658 ) ;
#2281 = DIRECTION ( 'NONE',  ( -1.000000000000000000, -0.000000000000000000, -0.000000000000000000 ) ) ;
#2282 = PRODUCT_CONTEXT ( 'NONE', #860, 'mechanical' ) ;
#2283 = SHAPE_REPRESENTATION ( 'APFA2507_4', ( #2777 ), #1927 ) ;
#2284 =( REPRESENTATION_RELATIONSHIP ('NONE','NONE', #2823, #843 ) REPRESENTATION_RELATIONSHIP_WITH_TRANSFORMATION ( #1794 )SHAPE_REPRESENTATION_RELATIONSHIP( ) );
#2285 = EDGE_LOOP ( 'NONE', ( #3002, #1544, #5, #626 ) ) ;
#2286 = CARTESIAN_POINT ( 'NONE',  ( -9.615570562004900651E-10, 7.882583474832701981E-17, 4.575229084480270103E-13 ) ) ;
#2287 = DIRECTION ( 'NONE',  ( 0.000000000000000000, -0.000000000000000000, 1.000000000000000000 ) ) ;
#2288 = VERTEX_POINT ( 'NONE', #1851 ) ;
#2289 = EDGE_CURVE ( 'NONE', #128, #1234, #1579, .T. ) ;
#2290 = DIRECTION ( 'NONE',  ( 2.658697976849402313E-15, 1.000000000000000000, -2.020898785741258656E-15 ) ) ;
#2291 = EDGE_LOOP ( 'NONE', ( #2009, #1342, #689, #2591 ) ) ;
#2292 = FACE_OUTER_BOUND ( 'NONE', #1301, .T. ) ;
#2293 = VECTOR ( 'NONE', #1822, 1000.000000000000000 ) ;
#2294 = VERTEX_POINT ( 'NONE', #891 ) ;
#2295 = AXIS2_PLACEMENT_3D ( 'NONE', #2215, #2667, #913 ) ;
#2296 = CARTESIAN_POINT ( 'NONE',  ( 0.3499999990383521054, -0.4649999999999749889, 4.575229084480270103E-13 ) ) ;
#2297 = EDGE_CURVE ( 'NONE', #820, #1587, #3110, .T. ) ;
#2298 = LINE ( 'NONE', #330, #3000 ) ;
#2299 = PRODUCT_DEFINITION_CONTEXT ( 'detailed design', #2781, 'design' ) ;
#2300 = VECTOR ( 'NONE', #1793, 1000.000000000000000 ) ;
#2301 = CARTESIAN_POINT ( 'NONE',  ( 0.2499999999995509703, -0.03499999999996819544, 0.3251740997246799769 ) ) ;
#2302 = AXIS2_PLACEMENT_3D ( 'NONE', #2141, #1652, #445 ) ;
#2303 = ORIENTED_EDGE ( 'NONE', *, *, #2489, .F. ) ;
#2304 = VECTOR ( 'NONE', #411, 1000.000000000000000 ) ;
#2305 = CARTESIAN_POINT ( 'NONE',  ( 0.5499999990376928105, -0.4649999999999749889, 4.575229084480270103E-13 ) ) ;
#2306 = VERTEX_POINT ( 'NONE', #1076 ) ;
#2307 = FILL_AREA_STYLE ('',( #1316 ) ) ;
#2308 = ORIENTED_EDGE ( 'NONE', *, *, #1902, .T. ) ;
#2309 = LINE ( 'NONE', #105, #2711 ) ;
#2310 = CARTESIAN_POINT ( 'NONE',  ( 0.1499999990385340043, -0.5000000000000000000, 4.575229084480270103E-13 ) ) ;
#2311 = EDGE_CURVE ( 'NONE', #53, #214, #2354, .T. ) ;
#2312 = ORIENTED_EDGE ( 'NONE', *, *, #687, .T. ) ;
#2313 =( GEOMETRIC_REPRESENTATION_CONTEXT ( 3 ) GLOBAL_UNCERTAINTY_ASSIGNED_CONTEXT ( ( #1414 ) ) GLOBAL_UNIT_ASSIGNED_CONTEXT ( ( #1025, #299, #2011 ) ) REPRESENTATION_CONTEXT ( 'NONE', 'WORKASPACE' ) );
#2314 = DIRECTION ( 'NONE',  ( 1.000000000000000000, 0.000000000000000000, 0.000000000000000000 ) ) ;
#2315 = CARTESIAN_POINT ( 'NONE',  ( 0.1506280986381386133, -0.03499999999996809830, 0.3391533292703575730 ) ) ;
#2316 = EDGE_CURVE ( 'NONE', #3133, #1632, #1091, .T. ) ;
#2317 = DIRECTION ( 'NONE',  ( -1.000000000000000000, 0.000000000000000000, -0.000000000000000000 ) ) ;
#2318 = ORIENTED_EDGE ( 'NONE', *, *, #1480, .F. ) ;
#2319 = EDGE_LOOP ( 'NONE', ( #103, #349, #796, #2879 ) ) ;
#2320 = DIRECTION ( 'NONE',  ( 0.000000000000000000, -1.000000000000000000, -0.000000000000000000 ) ) ;
#2321 = APPLICATION_PROTOCOL_DEFINITION ( 'draft international standard', 'automotive_design', 1998, #2781 ) ;
#2322 = CARTESIAN_POINT ( 'NONE',  ( 0.03500000000017031154, 0.000000000000000000, 4.576301044078330316E-13 ) ) ;
#2323 = VERTEX_POINT ( 'NONE', #2803 ) ;
#2324 = CARTESIAN_POINT ( 'NONE',  ( 2.149999999038529896, -0.4649999999999749889, 0.4699999967682160218 ) ) ;
#2325 = DIRECTION ( 'NONE',  ( 0.000000000000000000, -1.000000000000000000, -0.000000000000000000 ) ) ;
#2326 = ADVANCED_FACE ( 'NONE', ( #2292 ), #2596, .T. ) ;
#2327 = CARTESIAN_POINT ( 'NONE',  ( 1.849999999038179244, -0.5000000000000000000, 0.4699999983842750306 ) ) ;
#2328 = EDGE_CURVE ( 'NONE', #2389, #73, #636, .T. ) ;
#2329 = ORIENTED_EDGE ( 'NONE', *, *, #2369, .T. ) ;
#2330 = CARTESIAN_POINT ( 'NONE',  ( 2.299999999999509992, -0.03499999999996817462, 0.5199999999999850298 ) ) ;
#2331 = CARTESIAN_POINT ( 'NONE',  ( 2.299999999999509992, 1.343760172578034354E-17, 0.5199999999999850298 ) ) ;
#2332 = ADVANCED_BREP_SHAPE_REPRESENTATION ( '', ( #1976, #2777 ), #2932 ) ;
#2333 = APPLICATION_CONTEXT ( 'automotive_design' ) ;
#2334 = ORIENTED_EDGE ( 'NONE', *, *, #335, .F. ) ;
#2335 = CARTESIAN_POINT ( 'NONE',  ( 0.3499999990383521054, -0.5000000000000000000, 0.3199999967682022328 ) ) ;
#2336 = DIRECTION ( 'NONE',  ( -0.000000000000000000, -0.000000000000000000, 1.000000000000000000 ) ) ;
#2337 = ORIENTED_EDGE ( 'NONE', *, *, #256, .F. ) ;
#2338 = PLANE ( 'NONE',  #2260 ) ;
#2339 = DIRECTION ( 'NONE',  ( 0.000000000000000000, -0.000000000000000000, 1.000000000000000000 ) ) ;
#2340 = VECTOR ( 'NONE', #2047, 1000.000000000000000 ) ;
#2341 = ORIENTED_EDGE ( 'NONE', *, *, #1458, .T. ) ;
#2342 = ORIENTED_EDGE ( 'NONE', *, *, #2796, .F. ) ;
#2343 = VECTOR ( 'NONE', #1465, 1000.000000000000000 ) ;
#2344 = EDGE_CURVE ( 'NONE', #2468, #2294, #1574, .T. ) ;
#2345 = PRODUCT_DEFINITION_FORMATION_WITH_SPECIFIED_SOURCE ( 'ANY', '', #2876, .NOT_KNOWN. ) ;
#2346 = AXIS2_PLACEMENT_3D ( 'NONE', #417, #2114, #2548 ) ;
#2347 = CARTESIAN_POINT ( 'NONE',  ( 0.4500001298220068224, -0.5000000000000000000, 0.5200000000005527978 ) ) ;
#2348 = PRESENTATION_STYLE_ASSIGNMENT (( #633 ) ) ;
#2349 = COLOUR_RGB ( '',0.6470588235294117974, 0.6196078431372549211, 0.5882352941176470784 ) ;
#2350 = EDGE_CURVE ( 'NONE', #1804, #1923, #2566, .T. ) ;
#2351 = ORIENTED_EDGE ( 'NONE', *, *, #2113, .F. ) ;
#2352 =( GEOMETRIC_REPRESENTATION_CONTEXT ( 3 ) GLOBAL_UNCERTAINTY_ASSIGNED_CONTEXT ( ( #3147 ) ) GLOBAL_UNIT_ASSIGNED_CONTEXT ( ( #674, #1449, #2197 ) ) REPRESENTATION_CONTEXT ( 'NONE', 'WORKASPACE' ) );
#2353 = PLANE ( 'NONE',  #2521 ) ;
#2354 = LINE ( 'NONE', #2832, #611 ) ;
#2355 = FACE_OUTER_BOUND ( 'NONE', #780, .T. ) ;
#2356 = ORIENTED_EDGE ( 'NONE', *, *, #391, .T. ) ;
#2357 = CARTESIAN_POINT ( 'NONE',  ( 2.249999902331639934, -0.5000000000000000000, 0.4699999983843883289 ) ) ;
#2358 = LINE ( 'NONE', #1403, #878 ) ;
#2359 = VECTOR ( 'NONE', #952, 1000.000000000000000 ) ;
#2360 = SHAPE_REPRESENTATION ( 'APFA2507', ( #2777 ), #1359 ) ;
#2361 = ORIENTED_EDGE ( 'NONE', *, *, #2983, .F. ) ;
#2362 = FACE_OUTER_BOUND ( 'NONE', #1789, .T. ) ;
#2363 = VECTOR ( 'NONE', #376, 1000.000000000000000 ) ;
#2364 = ORIENTED_EDGE ( 'NONE', *, *, #33, .T. ) ;
#2365 = VECTOR ( 'NONE', #838, 1000.000000000000000 ) ;
#2366 = FACE_OUTER_BOUND ( 'NONE', #852, .T. ) ;
#2367 = LINE ( 'NONE', #1144, #1900 ) ;
#2368 = ORIENTED_EDGE ( 'NONE', *, *, #2432, .T. ) ;
#2369 = EDGE_CURVE ( 'NONE', #1306, #243, #1623, .T. ) ;
#2370 = VERTEX_POINT ( 'NONE', #2075 ) ;
#2371 = DIRECTION ( 'NONE',  ( 0.000000000000000000, 0.000000000000000000, -1.000000000000000000 ) ) ;
#2372 = LINE ( 'NONE', #1866, #501 ) ;
#2373 = EDGE_CURVE ( 'NONE', #623, #1053, #384, .T. ) ;
#2374 = EDGE_LOOP ( 'NONE', ( #586, #732, #2164, #1538 ) ) ;
#2375 = DIRECTION ( 'NONE',  ( 1.963485578302788297E-28, 4.440892098500142491E-16, -1.000000000000000000 ) ) ;
#2376 = DIRECTION ( 'NONE',  ( 0.000000000000000000, 0.000000000000000000, 1.000000000000000000 ) ) ;
#2377 = CARTESIAN_POINT ( 'NONE',  ( 0.9999999990379789816, -0.4649999999999749889, 0.4699999983843462514 ) ) ;
#2378 = PRODUCT ( 'APFA2507_7', 'APFA2507_7', '', ( #2282 ) ) ;
#2379 = CARTESIAN_POINT ( 'NONE',  ( 2.500000002068880178, -0.4649999999999749889, 4.576301044078330316E-13 ) ) ;
#2380 = LINE ( 'NONE', #2590, #2096 ) ;
#2381 = VERTEX_POINT ( 'NONE', #2582 ) ;
#2382 = CARTESIAN_POINT ( 'NONE',  ( 0.4500001298220068224, -0.4649999999999749889, 0.5200000000005527978 ) ) ;
#2383 = CARTESIAN_POINT ( 'NONE',  ( 0.6499999990380790349, -0.4649999999999749889, 0.4699999983843201057 ) ) ;
#2384 = VERTEX_POINT ( 'NONE', #2335 ) ;
#2385 = ORIENTED_EDGE ( 'NONE', *, *, #2530, .T. ) ;
#2386 = CARTESIAN_POINT ( 'NONE',  ( -2.211564265053310061E-13, 7.882583474832701981E-17, 4.575229084480270103E-13 ) ) ;
#2387 = LINE ( 'NONE', #2165, #2874 ) ;
#2388 = CARTESIAN_POINT ( 'NONE',  ( -9.615570562004900651E-10, -0.5000000000000000000, 4.575229084480270103E-13 ) ) ;
#2389 = VERTEX_POINT ( 'NONE', #1562 ) ;
#2390 = EDGE_CURVE ( 'NONE', #2082, #317, #3049, .T. ) ;
#2391 = FACE_OUTER_BOUND ( 'NONE', #2544, .T. ) ;
#2392 =( LENGTH_UNIT ( ) NAMED_UNIT ( * ) SI_UNIT ( .MILLI., .METRE. ) );
#2393 = CARTESIAN_POINT ( 'NONE',  ( 0.03500000000008798157, -0.4649999999999749889, 0.7000000000007301493 ) ) ;
#2394 = LINE ( 'NONE', #1199, #2498 ) ;
#2395 = ADVANCED_FACE ( 'NONE', ( #2097 ), #1808, .T. ) ;
#2396 = DIRECTION ( 'NONE',  ( 0.000000000000000000, -1.000000000000000000, -0.000000000000000000 ) ) ;
#2397 =( LENGTH_UNIT ( ) NAMED_UNIT ( * ) SI_UNIT ( .MILLI., .METRE. ) );
#2398 = ORIENTED_EDGE ( 'NONE', *, *, #1109, .F. ) ;
#2399 = AXIS2_PLACEMENT_3D ( 'NONE', #2171, #221, #740 ) ;
#2400 = DIRECTION ( 'NONE',  ( -0.000000000000000000, 1.000000000000000000, 0.000000000000000000 ) ) ;
#2401 = PRESENTATION_LAYER_ASSIGNMENT (  '', '', ( #2502 ) ) ;
#2402 = ORIENTED_EDGE ( 'NONE', *, *, #2258, .T. ) ;
#2403 = COLOUR_RGB ( '',0.6470588235294117974, 0.6196078431372549211, 0.5882352941176470784 ) ;
#2404 = VECTOR ( 'NONE', #1038, 1000.000000000000000 ) ;
#2405 = ORIENTED_EDGE ( 'NONE', *, *, #591, .F. ) ;
#2406 = CARTESIAN_POINT ( 'NONE',  ( 2.464999999999919922, -0.03499999999996810524, 0.7000000000007301493 ) ) ;
#2407 = SURFACE_SIDE_STYLE ('',( #992 ) ) ;
#2408 = PRODUCT_DEFINITION_SHAPE ( 'NONE', 'NONE',  #1713 ) ;
#2409 = EDGE_LOOP ( 'NONE', ( #1898, #2334, #1516, #2965, #1592, #1428, #133, #1912 ) ) ;
#2410 = DIRECTION ( 'NONE',  ( 0.000000000000000000, -1.000000000000000000, 0.000000000000000000 ) ) ;
#2411 =( NAMED_UNIT ( * ) SI_UNIT ( $, .STERADIAN. ) SOLID_ANGLE_UNIT ( ) );
#2412 = LINE ( 'NONE', #1908, #37 ) ;
#2413 = EDGE_CURVE ( 'NONE', #61, #1234, #847, .T. ) ;
#2414 = CARTESIAN_POINT ( 'NONE',  ( 1.199999999038259935, -0.5000000000000000000, 0.4699999983844260210 ) ) ;
#2415 =( NAMED_UNIT ( * ) PLANE_ANGLE_UNIT ( ) SI_UNIT ( $, .RADIAN. ) );
#2416 = EDGE_CURVE ( 'NONE', #3045, #1844, #1417, .T. ) ;
#2417 = VECTOR ( 'NONE', #1855, 1000.000000000000000 ) ;
#2418 = PRODUCT_DEFINITION_SHAPE ( 'NONE', 'NONE',  #3195 ) ;
#2419 = AXIS2_PLACEMENT_3D ( 'NONE', #1708, #1269, #798 ) ;
#2420 = LINE ( 'NONE', #2720, #2881 ) ;
#2421 = EDGE_LOOP ( 'NONE', ( #396, #218, #870, #1372 ) ) ;
#2422 = VECTOR ( 'NONE', #503, 1000.000000000000114 ) ;
#2423 = VERTEX_POINT ( 'NONE', #2678 ) ;
#2424 = DIRECTION ( 'NONE',  ( 0.000000000000000000, 1.000000000000000000, 0.000000000000000000 ) ) ;
#2425 = FILL_AREA_STYLE_COLOUR ( '', #709 ) ;
#2426 = UNCERTAINTY_MEASURE_WITH_UNIT (LENGTH_MEASURE( 1.000000000000000082E-05 ), #1086, 'distance_accuracy_value', 'NONE');
#2427 = EDGE_LOOP ( 'NONE', ( #2329, #1367, #2223, #1434 ) ) ;
#2428 = DIRECTION ( 'NONE',  ( 0.000000000000000000, -0.000000000000000000, -1.000000000000000000 ) ) ;
#2429 = FACE_OUTER_BOUND ( 'NONE', #1235, .T. ) ;
#2430 = CARTESIAN_POINT ( 'NONE',  ( 2.249999902331639934, -0.4649999999999749889, 0.4699999983843632378 ) ) ;
#2431 = CARTESIAN_POINT ( 'NONE',  ( 0.2000000000000519973, -1.134608249098318605E-13, 4.575229084480270103E-13 ) ) ;
#2432 = EDGE_CURVE ( 'NONE', #2055, #1208, #2147, .T. ) ;
#2433 = EDGE_CURVE ( 'NONE', #2288, #993, #3142, .T. ) ;
#2434 = LINE ( 'NONE', #2688, #1682 ) ;
#2435 = ORIENTED_EDGE ( 'NONE', *, *, #1924, .T. ) ;
#2436 = ORIENTED_EDGE ( 'NONE', *, *, #2350, .F. ) ;
#2437 = EDGE_CURVE ( 'NONE', #1293, #793, #164, .T. ) ;
#2438 = DIRECTION ( 'NONE',  ( -0.000000000000000000, -0.000000000000000000, 1.000000000000000000 ) ) ;
#2439 = PLANE ( 'NONE',  #3034 ) ;
#2440 = ORIENTED_EDGE ( 'NONE', *, *, #1401, .F. ) ;
#2441 = DIRECTION ( 'NONE',  ( 1.963485578302788297E-28, 4.440892098500142491E-16, -1.000000000000000000 ) ) ;
#2442 = CARTESIAN_POINT ( 'NONE',  ( 1.449999999038259935, -0.5000000000000000000, 0.02000000161661140072 ) ) ;
#2443 = SHAPE_DEFINITION_REPRESENTATION ( #917, #159 ) ;
#2444 = PRODUCT_DEFINITION_SHAPE ( 'NONE', 'NONE',  #3196 ) ;
#2445 = DIRECTION ( 'NONE',  ( -0.000000000000000000, 0.000000000000000000, -1.000000000000000000 ) ) ;
#2446 = LINE ( 'NONE', #3169, #3047 ) ;
#2447 = CARTESIAN_POINT ( 'NONE',  ( 0.1500000000000970002, -0.4649999999999749889, 0.7000000000007301493 ) ) ;
#2448 = FILL_AREA_STYLE ('',( #1493 ) ) ;
#2449 = ORIENTED_EDGE ( 'NONE', *, *, #125, .T. ) ;
#2450 = ADVANCED_FACE ( 'NONE', ( #944 ), #1903, .T. ) ;
#2451 = VECTOR ( 'NONE', #2735, 1000.000000000000000 ) ;
#2452 = ORIENTED_EDGE ( 'NONE', *, *, #1742, .F. ) ;
#2453 = FILL_AREA_STYLE_COLOUR ( '', #2572 ) ;
#2454 = LINE ( 'NONE', #1223, #1524 ) ;
#2455 = ADVANCED_FACE ( 'NONE', ( #1410 ), #2911, .T. ) ;
#2456 = ORIENTED_EDGE ( 'NONE', *, *, #1506, .F. ) ;
#2457 = VECTOR ( 'NONE', #89, 1000.000000000000000 ) ;
#2458 = CARTESIAN_POINT ( 'NONE',  ( 2.300000000000189893, -0.03500000000002499723, 4.575229084480270103E-13 ) ) ;
#2459 = CARTESIAN_POINT ( 'NONE',  ( 2.049999999038170095, -0.4649999999999749889, 4.574236029252519810E-13 ) ) ;
#2460 = CARTESIAN_POINT ( 'NONE',  ( 0.000000000000000000, 0.000000000000000000, 0.000000000000000000 ) ) ;
#2461 = DIRECTION ( 'NONE',  ( -0.000000000000000000, 1.000000000000000000, 0.000000000000000000 ) ) ;
#2462 = LINE ( 'NONE', #1507, #873 ) ;
#2463 = PLANE ( 'NONE',  #1382 ) ;
#2464 = CARTESIAN_POINT ( 'NONE',  ( 2.349999999038295151, 0.000000000000000000, 0.7000000000007301493 ) ) ;
#2465 = VECTOR ( 'NONE', #1404, 1000.000000000000000 ) ;
#2466 = VERTEX_POINT ( 'NONE', #1688 ) ;
#2467 = PRODUCT_DEFINITION_SHAPE ( 'NONE', 'NONE',  #1097 ) ;
#2468 = VERTEX_POINT ( 'NONE', #1656 ) ;
#2469 = EDGE_CURVE ( 'NONE', #1208, #2389, #2387, .T. ) ;
#2470 = CARTESIAN_POINT ( 'NONE',  ( 0.9999999990379789816, -0.4649999999999749889, 4.574541142457864788E-13 ) ) ;
#2471 = PRESENTATION_LAYER_ASSIGNMENT (  '', '', ( #1182 ) ) ;
#2472 = VERTEX_POINT ( 'NONE', #2692 ) ;
#2473 = PLANE ( 'NONE',  #2039 ) ;
#2474 = EDGE_CURVE ( 'NONE', #2384, #1829, #717, .T. ) ;
#2475 = LINE ( 'NONE', #1239, #1165 ) ;
#2476 = DIRECTION ( 'NONE',  ( 0.000000000000000000, 0.000000000000000000, 1.000000000000000000 ) ) ;
#2477 = LINE ( 'NONE', #30, #2451 ) ;
#2478 = DIRECTION ( 'NONE',  ( 0.000000000000000000, -0.000000000000000000, -1.000000000000000000 ) ) ;
#2479 = EDGE_CURVE ( 'NONE', #2146, #2894, #2645, .T. ) ;
#2480 = DIRECTION ( 'NONE',  ( 1.000000000000000000, 0.000000000000000000, -0.000000000000000000 ) ) ;
#2481 = CARTESIAN_POINT ( 'NONE',  ( 2.464999999999919922, -0.03499999999996820238, 4.576145612854880411E-13 ) ) ;
#2482 = VERTEX_POINT ( 'NONE', #448 ) ;
#2483 = VERTEX_POINT ( 'NONE', #2406 ) ;
#2484 = PLANE ( 'NONE',  #930 ) ;
#2485 = EDGE_LOOP ( 'NONE', ( #2677, #2070, #2279, #3072 ) ) ;
#2486 = FACE_OUTER_BOUND ( 'NONE', #198, .T. ) ;
#2487 = DIRECTION ( 'NONE',  ( -0.000000000000000000, 1.000000000000000000, 0.000000000000000000 ) ) ;
#2488 = CARTESIAN_POINT ( 'NONE',  ( 2.049999999038170095, -0.5000000000000000000, 4.574541142457864788E-13 ) ) ;
#2489 = EDGE_CURVE ( 'NONE', #849, #3141, #1945, .T. ) ;
#2490 = CARTESIAN_POINT ( 'NONE',  ( 0.1499999999999790112, 7.882583474832701981E-17, 0.4746834596559721398 ) ) ;
#2491 = PLANE ( 'NONE',  #59 ) ;
#2492 = EDGE_CURVE ( 'NONE', #1142, #2618, #463, .T. ) ;
#2493 = CARTESIAN_POINT ( 'NONE',  ( 2.349999999960127983, -0.03499999999996815381, 0.7000000000007301493 ) ) ;
#2494 = ORIENTED_EDGE ( 'NONE', *, *, #113, .T. ) ;
#2495 = CARTESIAN_POINT ( 'NONE',  ( 1.499999999038367671, -0.5000000000000000000, 0.4699999983842559903 ) ) ;
#2496 = PLANE ( 'NONE',  #2211 ) ;
#2497 = DIRECTION ( 'NONE',  ( -1.000000000000000000, 0.000000000000000000, 0.000000000000000000 ) ) ;
#2498 = VECTOR ( 'NONE', #708, 1000.000000000000000 ) ;
#2499 = ORIENTED_EDGE ( 'NONE', *, *, #804, .F. ) ;
#2500 = DIRECTION ( 'NONE',  ( -1.000000000000000000, 0.000000000000000000, 0.000000000000000000 ) ) ;
#2501 = FACE_OUTER_BOUND ( 'NONE', #2595, .T. ) ;
#2502 = STYLED_ITEM ( 'NONE', ( #482 ), #1929 ) ;
#2503 = DIRECTION ( 'NONE',  ( 0.000000000000000000, 0.000000000000000000, 1.000000000000000000 ) ) ;
#2504 = DIRECTION ( 'NONE',  ( 0.000000000000000000, -0.000000000000000000, -1.000000000000000000 ) ) ;
#2505 = APPLICATION_CONTEXT ( 'automotive_design' ) ;
#2506 = AXIS2_PLACEMENT_3D ( 'NONE', #254, #1467, #2716 ) ;
#2507 = VECTOR ( 'NONE', #2263, 1000.000000000000000 ) ;
#2508 = DIRECTION ( 'NONE',  ( 1.000000000000000000, 0.000000000000000000, 0.000000000000000000 ) ) ;
#2509 = CARTESIAN_POINT ( 'NONE',  ( 1.299999999038170095, -0.5000000000000000000, 0.4699999983844260210 ) ) ;
#2510 = ADVANCED_FACE ( 'NONE', ( #1181 ), #3162, .T. ) ;
#2511 = CARTESIAN_POINT ( 'NONE',  ( 0.2000000000002790101, 7.882583474832701981E-17, 4.575229084480270103E-13 ) ) ;
#2512 = FACE_OUTER_BOUND ( 'NONE', #392, .T. ) ;
#2513 = EDGE_CURVE ( 'NONE', #1045, #118, #813, .T. ) ;
#2514 = ORIENTED_EDGE ( 'NONE', *, *, #2218, .T. ) ;
#2515 = CARTESIAN_POINT ( 'NONE',  ( 2.149999999038567644, 0.000000000000000000, 4.576301044078330316E-13 ) ) ;
#2516 = CARTESIAN_POINT ( 'NONE',  ( 2.299999999999959854, -0.03499999999996809830, 4.575229084480270103E-13 ) ) ;
#2517 = PRESENTATION_STYLE_ASSIGNMENT (( #812 ) ) ;
#2518 = VECTOR ( 'NONE', #487, 1000.000000000000000 ) ;
#2519 = ORIENTED_EDGE ( 'NONE', *, *, #1379, .F. ) ;
#2520 = PLANE ( 'NONE',  #916 ) ;
#2521 = AXIS2_PLACEMENT_3D ( 'NONE', #2386, #2239, #1705 ) ;
#2522 = FACE_OUTER_BOUND ( 'NONE', #1006, .T. ) ;
#2523 = VECTOR ( 'NONE', #3023, 1000.000000000000000 ) ;
#2524 = ORIENTED_EDGE ( 'NONE', *, *, #1354, .F. ) ;
#2525 = CARTESIAN_POINT ( 'NONE',  ( 1.849999999038203002, -0.4649999999999749889, 0.4699999983842690354 ) ) ;
#2526 = LINE ( 'NONE', #2539, #1184 ) ;
#2527 = ADVANCED_FACE ( 'NONE', ( #2128 ), #1206, .T. ) ;
#2528 = DIRECTION ( 'NONE',  ( 0.000000000000000000, 0.000000000000000000, -1.000000000000000000 ) ) ;
#2529 = ORIENTED_EDGE ( 'NONE', *, *, #1662, .T. ) ;
#2530 = EDGE_CURVE ( 'NONE', #974, #1080, #1925, .T. ) ;
#2531 = SURFACE_STYLE_FILL_AREA ( #127 ) ;
#2532 = SURFACE_SIDE_STYLE ('',( #84 ) ) ;
#2533 = ORIENTED_EDGE ( 'NONE', *, *, #1170, .F. ) ;
#2534 = CARTESIAN_POINT ( 'NONE',  ( 1.049999999038170095, -0.5000000000000000000, 0.02000000161661140072 ) ) ;
#2535 = DIRECTION ( 'NONE',  ( -0.000000000000000000, 0.000000000000000000, 1.000000000000000000 ) ) ;
#2536 = CARTESIAN_POINT ( 'NONE',  ( 1.049999999038170095, -0.4649999999999749889, 0.02000000161661140072 ) ) ;
#2537 = VERTEX_POINT ( 'NONE', #432 ) ;
#2538 = CARTESIAN_POINT ( 'NONE',  ( 0.2000000000000520251, -2.270648603814278057E-13, 0.7000000000007303713 ) ) ;
#2539 = CARTESIAN_POINT ( 'NONE',  ( 0.9999999990379789816, -0.4649999999999749889, 4.575229084480270103E-13 ) ) ;
#2540 = DIRECTION ( 'NONE',  ( 1.000000000000000000, 0.000000000000000000, -0.000000000000000000 ) ) ;
#2541 = ORIENTED_EDGE ( 'NONE', *, *, #2033, .F. ) ;
#2542 = B_SPLINE_CURVE_WITH_KNOTS ( 'NONE', 3,
 ( #2269, #1257, #2315, #3054 ),
 .UNSPECIFIED., .F., .F.,
 ( 4, 4 ),
 ( 0.000000000000000000, 1.000000000000000000 ),
 .UNSPECIFIED. ) ;
#2543 = FILL_AREA_STYLE ('',( #2800 ) ) ;
#2544 = EDGE_LOOP ( 'NONE', ( #1119, #1159, #2059, #659 ) ) ;
#2545 = FACE_OUTER_BOUND ( 'NONE', #946, .T. ) ;
#2546 = ADVANCED_FACE ( 'NONE', ( #928 ), #1706, .T. ) ;
#2547 = ORIENTED_EDGE ( 'NONE', *, *, #2669, .F. ) ;
#2548 = DIRECTION ( 'NONE',  ( -1.000000000000000000, 0.000000000000000000, -0.000000000000000000 ) ) ;
#2549 = APPLICATION_PROTOCOL_DEFINITION ( 'draft international standard', 'automotive_design', 1998, #1783 ) ;
#2550 = DIRECTION ( 'NONE',  ( -0.000000000000000000, 0.000000000000000000, 1.000000000000000000 ) ) ;
#2551 = EDGE_CURVE ( 'NONE', #1770, #2288, #1162, .T. ) ;
#2552 = AXIS2_PLACEMENT_3D ( 'NONE', #1581, #1103, #1365 ) ;
#2553 = ORIENTED_EDGE ( 'NONE', *, *, #2489, .T. ) ;
#2554 = AXIS2_PLACEMENT_3D ( 'NONE', #579, #1267, #1497 ) ;
#2555 = DIRECTION ( 'NONE',  ( 1.000000000000000000, 0.000000000000000000, 0.000000000000000000 ) ) ;
#2556 = FACE_OUTER_BOUND ( 'NONE', #228, .T. ) ;
#2557 = VECTOR ( 'NONE', #13, 1000.000000000000000 ) ;
#2558 = LINE ( 'NONE', #331, #1118 ) ;
#2559 = VECTOR ( 'NONE', #515, 1000.000000000000000 ) ;
#2560 = ORIENTED_EDGE ( 'NONE', *, *, #374, .T. ) ;
#2561 = AXIS2_PLACEMENT_3D ( 'NONE', #840, #1280, #2540 ) ;
#2562 = ORIENTED_EDGE ( 'NONE', *, *, #682, .F. ) ;
#2563 = APPLICATION_CONTEXT ( 'automotive_design' ) ;
#2564 = ORIENTED_EDGE ( 'NONE', *, *, #314, .T. ) ;
#2565 = PRODUCT_DEFINITION ( 'UNKNOWN', '', #2821, #1814 ) ;
#2566 = LINE ( 'NONE', #3075, #3086 ) ;
#2567 = APPLICATION_PROTOCOL_DEFINITION ( 'draft international standard', 'automotive_design', 1998, #1034 ) ;
#2568 = CYLINDRICAL_SURFACE ( 'NONE', #1067, 0.5000000000004546363 ) ;
#2569 = VECTOR ( 'NONE', #2738, 1000.000000000000000 ) ;
#2570 = EDGE_LOOP ( 'NONE', ( #3067, #2762, #1719, #1589 ) ) ;
#2571 = EDGE_CURVE ( 'NONE', #2146, #1644, #539, .T. ) ;
#2572 = COLOUR_RGB ( '',0.6470588235294117974, 0.6196078431372549211, 0.5882352941176470784 ) ;
#2573 = DIRECTION ( 'NONE',  ( 0.000000000000000000, -0.000000000000000000, -1.000000000000000000 ) ) ;
#2574 = PLANE ( 'NONE',  #240 ) ;
#2575 = VECTOR ( 'NONE', #2878, 1000.000000000000000 ) ;
#2576 = ADVANCED_FACE ( 'NONE', ( #313 ), #1278, .T. ) ;
#2577 = VERTEX_POINT ( 'NONE', #2493 ) ;
#2578 = CARTESIAN_POINT ( 'NONE',  ( 0.000000000000000000, 0.000000000000000000, 0.000000000000000000 ) ) ;
#2579 = EDGE_LOOP ( 'NONE', ( #530, #2112, #3011, #1023, #2312, #2560, #2798, #3088, #1622, #2779, #2915, #2676 ) ) ;
#2580 = SURFACE_STYLE_FILL_AREA ( #2543 ) ;
#2581 = ORIENTED_EDGE ( 'NONE', *, *, #1352, .F. ) ;
#2582 = CARTESIAN_POINT ( 'NONE',  ( 2.299999999999959854, -0.03499999999996813993, 0.5699999999998263123 ) ) ;
#2583 = CARTESIAN_POINT ( 'NONE',  ( 0.9999999990379880854, -0.4649999999999749889, 4.574236029252519810E-13 ) ) ;
#2584 = ORIENTED_EDGE ( 'NONE', *, *, #883, .F. ) ;
#2585 = CARTESIAN_POINT ( 'NONE',  ( 0.1499999990585665632, -0.5000000000000000000, 0.7000000000007301493 ) ) ;
#2586 = CARTESIAN_POINT ( 'NONE',  ( 0.1499999999999971356, 6.163978471154323899E-17, 0.7000000000007301493 ) ) ;
#2587 = EDGE_CURVE ( 'NONE', #2483, #889, #51, .T. ) ;
#2588 = SHAPE_REPRESENTATION ( 'APFA2507_10', ( #2777 ), #2932 ) ;
#2589 = EDGE_LOOP ( 'NONE', ( #1707, #2452, #304, #2318 ) ) ;
#2590 = CARTESIAN_POINT ( 'NONE',  ( 1.049999999038170095, -0.4649999999999749889, 0.02000000161661140072 ) ) ;
#2591 = ORIENTED_EDGE ( 'NONE', *, *, #1902, .F. ) ;
#2592 = EDGE_CURVE ( 'NONE', #2894, #2723, #2007, .T. ) ;
#2593 = CARTESIAN_POINT ( 'NONE',  ( 1.449999999038259935, -0.4649999999999749889, 0.02000000161661140072 ) ) ;
#2594 =( NAMED_UNIT ( * ) SI_UNIT ( $, .STERADIAN. ) SOLID_ANGLE_UNIT ( ) );
#2595 = EDGE_LOOP ( 'NONE', ( #2361, #1846 ) ) ;
#2596 = PLANE ( 'NONE',  #2346 ) ;
#2597 = DIRECTION ( 'NONE',  ( 0.000000000000000000, 0.000000000000000000, -1.000000000000000000 ) ) ;
#2598 = ORIENTED_EDGE ( 'NONE', *, *, #1189, .F. ) ;
#2599 = CARTESIAN_POINT ( 'NONE',  ( 0.1999999990384880022, -0.5000000000000000000, 0.3199999967682057300 ) ) ;
#2600 = DIRECTION ( 'NONE',  ( -1.000000000000000000, 0.000000000000000000, 0.000000000000000000 ) ) ;
#2601 = AXIS2_PLACEMENT_3D ( 'NONE', #1272, #2266, #64 ) ;
#2602 = ORIENTED_EDGE ( 'NONE', *, *, #1595, .F. ) ;
#2603 = ADVANCED_FACE ( 'NONE', ( #301 ), #3015, .T. ) ;
#2604 = CARTESIAN_POINT ( 'NONE',  ( 2.500000002068880178, -0.5000000000000000000, 4.576301044078330316E-13 ) ) ;
#2605 = PRODUCT_DEFINITION_FORMATION_WITH_SPECIFIED_SOURCE ( 'ANY', '', #2378, .NOT_KNOWN. ) ;
#2606 = ORIENTED_EDGE ( 'NONE', *, *, #476, .T. ) ;
#2607 =( REPRESENTATION_RELATIONSHIP ('NONE','NONE', #2823, #1263 ) REPRESENTATION_RELATIONSHIP_WITH_TRANSFORMATION ( #834 )SHAPE_REPRESENTATION_RELATIONSHIP( ) );
#2608 = VECTOR ( 'NONE', #2740, 1000.000000000000000 ) ;
#2609 = ADVANCED_FACE ( 'NONE', ( #1498 ), #2745, .T. ) ;
#2610 = DIRECTION ( 'NONE',  ( -1.963485578302788297E-28, -4.440892098500142491E-16, 1.000000000000000000 ) ) ;
#2611 = FACE_OUTER_BOUND ( 'NONE', #643, .T. ) ;
#2612 = VERTEX_POINT ( 'NONE', #1027 ) ;
#2613 = UNCERTAINTY_MEASURE_WITH_UNIT (LENGTH_MEASURE( 1.000000000000000082E-05 ), #190, 'distance_accuracy_value', 'NONE');
#2614 = VECTOR ( 'NONE', #940, 1000.000000000000000 ) ;
#2615 = ORIENTED_EDGE ( 'NONE', *, *, #163, .F. ) ;
#2616 = DIRECTION ( 'NONE',  ( 0.000000000000000000, -0.000000000000000000, 1.000000000000000000 ) ) ;
#2617 = PLANE ( 'NONE',  #2552 ) ;
#2618 = VERTEX_POINT ( 'NONE', #2999 ) ;
#2619 = DIRECTION ( 'NONE',  ( -0.000000000000000000, 1.000000000000000000, 0.000000000000000000 ) ) ;
#2620 = CARTESIAN_POINT ( 'NONE',  ( 1.049999999038170095, -0.4649999999999749889, 0.02000000161661140072 ) ) ;
#2621 = AXIS2_PLACEMENT_3D ( 'NONE', #1188, #2172, #1920 ) ;
#2622 = DIRECTION ( 'NONE',  ( 0.7409555492446062708, 0.000000000000000000, -0.6715540738046519298 ) ) ;
#2623 = DIRECTION ( 'NONE',  ( 1.000000000000000000, 0.000000000000000000, -0.000000000000000000 ) ) ;
#2624 = VECTOR ( 'NONE', #2101, 1000.000000000000000 ) ;
#2625 = VERTEX_POINT ( 'NONE', #2987 ) ;
#2626 = PRODUCT_DEFINITION ( 'UNKNOWN', '', #1676, #2650 ) ;
#2627 = CARTESIAN_POINT ( 'NONE',  ( 0.2000000000002790657, -0.03499999999996813299, 0.4293667011477310669 ) ) ;
#2628 = CARTESIAN_POINT ( 'NONE',  ( 0.2300001320969090601, -0.4649999999999749889, 4.574880795935082249E-13 ) ) ;
#2629 = ORIENTED_EDGE ( 'NONE', *, *, #2849, .F. ) ;
#2630 = ADVANCED_FACE ( 'NONE', ( #1774 ), #74, .T. ) ;
#2631 = VERTEX_POINT ( 'NONE', #2243 ) ;
#2632 = DIRECTION ( 'NONE',  ( -1.000000000000000000, -0.000000000000000000, 0.000000000000000000 ) ) ;
#2633 = ADVANCED_FACE ( 'NONE', ( #1270 ), #2473, .T. ) ;
#2634 = ORIENTED_EDGE ( 'NONE', *, *, #2373, .F. ) ;
#2635 = FACE_OUTER_BOUND ( 'NONE', #1145, .T. ) ;
#2636 = CARTESIAN_POINT ( 'NONE',  ( 2.300000000000113953, -0.03500000000002213840, 4.576812341793749459E-13 ) ) ;
#2637 = LINE ( 'NONE', #851, #2978 ) ;
#2638 = LINE ( 'NONE', #694, #1429 ) ;
#2639 = LINE ( 'NONE', #2604, #1735 ) ;
#2640 = ORIENTED_EDGE ( 'NONE', *, *, #2413, .T. ) ;
#2641 = LINE ( 'NONE', #1549, #1474 ) ;
#2642 = ORIENTED_EDGE ( 'NONE', *, *, #1657, .T. ) ;
#2643 = ORIENTED_EDGE ( 'NONE', *, *, #16, .F. ) ;
#2644 = ADVANCED_FACE ( 'NONE', ( #2486 ), #324, .T. ) ;
#2645 = LINE ( 'NONE', #975, #712 ) ;
#2646 = DIRECTION ( 'NONE',  ( 0.000000000000000000, 0.000000000000000000, 1.000000000000000000 ) ) ;
#2647 = UNCERTAINTY_MEASURE_WITH_UNIT (LENGTH_MEASURE( 1.000000000000000082E-05 ), #3014, 'distance_accuracy_value', 'NONE');
#2648 = VERTEX_POINT ( 'NONE', #1238 ) ;
#2649 = DIRECTION ( 'NONE',  ( 0.000000000000000000, 0.000000000000000000, 1.000000000000000000 ) ) ;
#2650 = PRODUCT_DEFINITION_CONTEXT ( 'detailed design', #312, 'design' ) ;
#2651 = EDGE_CURVE ( 'NONE', #903, #1771, #2280, .T. ) ;
#2652 = DIRECTION ( 'NONE',  ( 0.000000000000000000, 0.000000000000000000, 1.000000000000000000 ) ) ;
#2653 = CARTESIAN_POINT ( 'NONE',  ( 2.500000019321790390, -0.5000000000000000000, 0.7000000000007301493 ) ) ;
#2654 = AXIS2_PLACEMENT_3D ( 'NONE', #1585, #2600, #2852 ) ;
#2655 = SURFACE_STYLE_FILL_AREA ( #2924 ) ;
#2656 = VECTOR ( 'NONE', #1186, 1000.000000000000000 ) ;
#2657 = ORIENTED_EDGE ( 'NONE', *, *, #3173, .F. ) ;
#2658 = VECTOR ( 'NONE', #1962, 1000.000000000000000 ) ;
#2659 = ORIENTED_EDGE ( 'NONE', *, *, #641, .F. ) ;
#2660 = DIRECTION ( 'NONE',  ( 2.658697976849402313E-15, 1.000000000000000000, -2.020898785741258656E-15 ) ) ;
#2661 = CIRCLE ( 'NONE', #2775, 0.5000000000004546363 ) ;
#2662 = PLANE ( 'NONE',  #2554 ) ;
#2663 = PRODUCT_DEFINITION ( 'UNKNOWN', '', #562, #1638 ) ;
#2664 =( GEOMETRIC_REPRESENTATION_CONTEXT ( 3 ) GLOBAL_UNCERTAINTY_ASSIGNED_CONTEXT ( ( #1646 ) ) GLOBAL_UNIT_ASSIGNED_CONTEXT ( ( #1660, #1679, #737 ) ) REPRESENTATION_CONTEXT ( 'NONE', 'WORKASPACE' ) );
#2665 = ORIENTED_EDGE ( 'NONE', *, *, #1340, .F. ) ;
#2666 = CARTESIAN_POINT ( 'NONE',  ( 1.199999999038259935, -0.4649999999999749889, 0.4699999983844260210 ) ) ;
#2667 = DIRECTION ( 'NONE',  ( -0.000000000000000000, 1.000000000000000000, 0.000000000000000000 ) ) ;
#2668 = DIRECTION ( 'NONE',  ( 0.000000000000000000, -0.000000000000000000, -1.000000000000000000 ) ) ;
#2669 = EDGE_CURVE ( 'NONE', #359, #2906, #547, .T. ) ;
#2670 = DIRECTION ( 'NONE',  ( -0.000000000000000000, -1.000000000000000000, -0.000000000000000000 ) ) ;
#2671 = VECTOR ( 'NONE', #2670, 1000.000000000000000 ) ;
#2672 = PRODUCT_DEFINITION_SHAPE ( 'NONE', 'NONE',  #3194 ) ;
#2673 = ADVANCED_FACE ( 'NONE', ( #2028 ), #284, .T. ) ;
#2674 = AXIS2_PLACEMENT_3D ( 'NONE', #1999, #2262, #1773 ) ;
#2675 = FACE_OUTER_BOUND ( 'NONE', #2291, .T. ) ;
#2676 = ORIENTED_EDGE ( 'NONE', *, *, #942, .F. ) ;
#2677 = ORIENTED_EDGE ( 'NONE', *, *, #1778, .F. ) ;
#2678 = CARTESIAN_POINT ( 'NONE',  ( 0.03500000000008805096, -0.03499999999996812605, 4.575800320404960540E-13 ) ) ;
#2679 = LINE ( 'NONE', #685, #1112 ) ;
#2680 = EDGE_LOOP ( 'NONE', ( #2337, #230, #246, #2032 ) ) ;
#2681 = DIRECTION ( 'NONE',  ( 0.000000000000000000, 0.000000000000000000, -1.000000000000000000 ) ) ;
#2682 = CARTESIAN_POINT ( 'NONE',  ( 0.3499999990383521054, -0.5000000000000000000, 4.575801757715352025E-13 ) ) ;
#2683 = APPLICATION_PROTOCOL_DEFINITION ( 'draft international standard', 'automotive_design', 1998, #479 ) ;
#2684 = DIRECTION ( 'NONE',  ( 0.000000000000000000, -0.000000000000000000, 1.000000000000000000 ) ) ;
#2685 = CARTESIAN_POINT ( 'NONE',  ( 1.199999999038259935, -0.4649999999999749889, 0.3699999983844040052 ) ) ;
#2686 = LINE ( 'NONE', #1308, #932 ) ;
#2687 = ADVANCED_FACE ( 'NONE', ( #799 ), #1709, .T. ) ;
#2688 = CARTESIAN_POINT ( 'NONE',  ( 0.1999999990384880022, -0.4649999999999749889, 0.3199999967682199964 ) ) ;
#2689 = EDGE_CURVE ( 'NONE', #323, #793, #2986, .T. ) ;
#2690 = ORIENTED_EDGE ( 'NONE', *, *, #508, .T. ) ;
#2691 = ORIENTED_EDGE ( 'NONE', *, *, #2469, .F. ) ;
#2692 = CARTESIAN_POINT ( 'NONE',  ( 1.449999999038259935, -0.5000000000000000000, 0.3699999983844040052 ) ) ;
#2693 = CARTESIAN_POINT ( 'NONE',  ( -9.615570562004900651E-10, 0.000000000000000000, 0.7000000000007301493 ) ) ;
#2694 = ORIENTED_EDGE ( 'NONE', *, *, #2776, .T. ) ;
#2695 = LINE ( 'NONE', #1502, #1171 ) ;
#2696 = LINE ( 'NONE', #498, #2343 ) ;
#2697 = APPLICATION_PROTOCOL_DEFINITION ( 'draft international standard', 'automotive_design', 1998, #312 ) ;
#2698 = LINE ( 'NONE', #962, #652 ) ;
#2699 = CARTESIAN_POINT ( 'NONE',  ( 0.2300001320969090601, -0.5000000000000000000, 0.7000000000007301493 ) ) ;
#2700 = DIRECTION ( 'NONE',  ( -0.000000000000000000, 0.000000000000000000, 1.000000000000000000 ) ) ;
#2701 = PRODUCT_DEFINITION ( 'UNKNOWN', '', #711, #1083 ) ;
#2702 = CARTESIAN_POINT ( 'NONE',  ( 0.7000000000005059952, 0.5000000000001140199, 4.575229084480270103E-13 ) ) ;
#2703 = ORIENTED_EDGE ( 'NONE', *, *, #551, .F. ) ;
#2704 = VECTOR ( 'NONE', #2684, 1000.000000000000000 ) ;
#2705 = ADVANCED_FACE ( 'NONE', ( #26 ), #2520, .T. ) ;
#2706 = VECTOR ( 'NONE', #2535, 1000.000000000000000 ) ;
#2707 = ORIENTED_EDGE ( 'NONE', *, *, #2194, .F. ) ;
#2708 = SURFACE_STYLE_USAGE ( .BOTH. , #1496 ) ;
#2709 = CARTESIAN_POINT ( 'NONE',  ( 0.4500000957448326289, -0.4999999999999993339, 0.5200000000004959544 ) ) ;
#2710 = AXIS2_PLACEMENT_3D ( 'NONE', #2936, #2376, #140 ) ;
#2711 = VECTOR ( 'NONE', #609, 1000.000000000000000 ) ;
#2712 = ORIENTED_EDGE ( 'NONE', *, *, #2996, .T. ) ;
#2713 = AXIS2_PLACEMENT_3D ( 'NONE', #2382, #3090, #1128 ) ;
#2714 = LINE ( 'NONE', #1009, #2559 ) ;
#2715 = PLANE ( 'NONE',  #506 ) ;
#2716 = DIRECTION ( 'NONE',  ( 1.000000000000000000, 0.000000000000000000, 0.000000000000000000 ) ) ;
#2717 = CARTESIAN_POINT ( 'NONE',  ( 2.299999999999509992, -0.03499999999996815381, 0.5199999999999850298 ) ) ;
#2718 = DIRECTION ( 'NONE',  ( 0.000000000000000000, -0.000000000000000000, -1.000000000000000000 ) ) ;
#2719 = CARTESIAN_POINT ( 'NONE',  ( 0.1499999999998699873, -0.03499999999996809830, 4.575229084480270103E-13 ) ) ;
#2720 = CARTESIAN_POINT ( 'NONE',  ( 0.03500000000008809953, -0.4649999999999749889, 0.7000000000007301493 ) ) ;
#2721 = ADVANCED_BREP_SHAPE_REPRESENTATION ( '', ( #1955, #2777 ), #1927 ) ;
#2722 = VECTOR ( 'NONE', #2155, 1000.000000000000000 ) ;
#2723 = VERTEX_POINT ( 'NONE', #1745 ) ;
#2724 = AXIS2_PLACEMENT_3D ( 'NONE', #183, #2169, #703 ) ;
#2725 = PRODUCT_DEFINITION_SHAPE ( 'NONE', 'NONE',  #3201 ) ;
#2726 = ORIENTED_EDGE ( 'NONE', *, *, #122, .T. ) ;
#2727 = DIRECTION ( 'NONE',  ( 0.000000000000000000, 0.000000000000000000, 1.000000000000000000 ) ) ;
#2728 = DIRECTION ( 'NONE',  ( 0.000000000000000000, 0.000000000000000000, 1.000000000000000000 ) ) ;
#2729 = EDGE_CURVE ( 'NONE', #1099, #1620, #2695, .T. ) ;
#2730 = VECTOR ( 'NONE', #588, 1000.000000000000000 ) ;
#2731 = ORIENTED_EDGE ( 'NONE', *, *, #2492, .F. ) ;
#2732 = LINE ( 'NONE', #2214, #919 ) ;
#2733 = LINE ( 'NONE', #3005, #563 ) ;
#2734 = DIRECTION ( 'NONE',  ( 0.000000000000000000, 0.000000000000000000, 1.000000000000000000 ) ) ;
#2735 = DIRECTION ( 'NONE',  ( -1.000000000000000000, -0.000000000000000000, -0.000000000000000000 ) ) ;
#2736 = EDGE_CURVE ( 'NONE', #69, #2162, #566, .T. ) ;
#2737 =( REPRESENTATION_RELATIONSHIP ('NONE','NONE', #2823, #950 ) REPRESENTATION_RELATIONSHIP_WITH_TRANSFORMATION ( #1551 )SHAPE_REPRESENTATION_RELATIONSHIP( ) );
#2738 = DIRECTION ( 'NONE',  ( -1.000000000000000000, -0.000000000000000000, -0.000000000000000000 ) ) ;
#2739 = CARTESIAN_POINT ( 'NONE',  ( 1.949999999037874243, -0.4649999999999749889, 4.574641720708708928E-13 ) ) ;
#2740 = DIRECTION ( 'NONE',  ( -0.000000000000000000, 0.000000000000000000, 1.000000000000000000 ) ) ;
#2741 =( NAMED_UNIT ( * ) PLANE_ANGLE_UNIT ( ) SI_UNIT ( $, .RADIAN. ) );
#2742 = VERTEX_POINT ( 'NONE', #1225 ) ;
#2743 = ORIENTED_EDGE ( 'NONE', *, *, #394, .T. ) ;
#2744 = DIRECTION ( 'NONE',  ( -0.000000000000000000, -1.000000000000000000, 0.000000000000000000 ) ) ;
#2745 = PLANE ( 'NONE',  #1624 ) ;
#2746 = ORIENTED_EDGE ( 'NONE', *, *, #1340, .T. ) ;
#2747 = EDGE_CURVE ( 'NONE', #2742, #525, #2732, .T. ) ;
#2748 = DIRECTION ( 'NONE',  ( 0.000000000000000000, 0.000000000000000000, 1.000000000000000000 ) ) ;
#2749 = CARTESIAN_POINT ( 'NONE',  ( 2.049999999038170095, -0.4649999999999749889, 4.574236029252519810E-13 ) ) ;
#2750 = APPLICATION_PROTOCOL_DEFINITION ( 'draft international standard', 'automotive_design', 1998, #965 ) ;
#2751 = CARTESIAN_POINT ( 'NONE',  ( 1.299999999038170095, -0.4649999999999749889, 0.4699999983844260210 ) ) ;
#2752 = EDGE_CURVE ( 'NONE', #2294, #1125, #2966, .T. ) ;
#2753 = PLANE ( 'NONE',  #2158 ) ;
#2754 = DIRECTION ( 'NONE',  ( 0.000000000000000000, -1.000000000000000000, 0.000000000000000000 ) ) ;
#2755 = DIRECTION ( 'NONE',  ( 0.000000000000000000, 0.000000000000000000, -1.000000000000000000 ) ) ;
#2756 = PRESENTATION_STYLE_ASSIGNMENT (( #292 ) ) ;
#2757 = ORIENTED_EDGE ( 'NONE', *, *, #319, .F. ) ;
#2758 = EDGE_LOOP ( 'NONE', ( #179, #1546, #2085, #3108 ) ) ;
#2759 = FACE_OUTER_BOUND ( 'NONE', #2285, .T. ) ;
#2760 = DIRECTION ( 'NONE',  ( -0.7409555492446029401, 0.000000000000000000, 0.6715540738046554825 ) ) ;
#2761 = AXIS2_PLACEMENT_3D ( 'NONE', #1169, #2154, #1711 ) ;
#2762 = ORIENTED_EDGE ( 'NONE', *, *, #1957, .F. ) ;
#2763 = LINE ( 'NONE', #1533, #2837 ) ;
#2764 = DIRECTION ( 'NONE',  ( -1.000000000000000000, 2.710505431215771497E-15, 0.000000000000000000 ) ) ;
#2765 = FACE_OUTER_BOUND ( 'NONE', #881, .T. ) ;
#2766 = AXIS2_PLACEMENT_3D ( 'NONE', #2301, #1570, #1052 ) ;
#2767 = PRESENTATION_LAYER_ASSIGNMENT (  '', '', ( #297 ) ) ;
#2768 = APPLICATION_PROTOCOL_DEFINITION ( 'draft international standard', 'automotive_design', 1998, #2951 ) ;
#2769 = DIRECTION ( 'NONE',  ( 1.000000000000000000, 0.000000000000000000, 0.000000000000000000 ) ) ;
#2770 = EDGE_CURVE ( 'NONE', #2384, #2946, #2714, .T. ) ;
#2771 =( GEOMETRIC_REPRESENTATION_CONTEXT ( 3 ) GLOBAL_UNCERTAINTY_ASSIGNED_CONTEXT ( ( #691 ) ) GLOBAL_UNIT_ASSIGNED_CONTEXT ( ( #2954, #499, #754 ) ) REPRESENTATION_CONTEXT ( 'NONE', 'WORKASPACE' ) );
#2772 = VECTOR ( 'NONE', #1593, 1000.000000000000000 ) ;
#2773 = FACE_OUTER_BOUND ( 'NONE', #764, .T. ) ;
#2774 = CARTESIAN_POINT ( 'NONE',  ( 2.500000004851911317, 4.241832579629871760E-17, 4.576369949839993248E-13 ) ) ;
#2775 = AXIS2_PLACEMENT_3D ( 'NONE', #1635, #2610, #2845 ) ;
#2776 = EDGE_CURVE ( 'NONE', #1644, #2323, #1936, .T. ) ;
#2777 = AXIS2_PLACEMENT_3D ( 'NONE', #2578, #1601, #2842 ) ;
#2778 = PRESENTATION_STYLE_ASSIGNMENT (( #2797 ) ) ;
#2779 = ORIENTED_EDGE ( 'NONE', *, *, #361, .T. ) ;
#2780 = ADVANCED_FACE ( 'NONE', ( #772 ), #531, .T. ) ;
#2781 = APPLICATION_CONTEXT ( 'automotive_design' ) ;
#2782 = LINE ( 'NONE', #1605, #3102 ) ;
#2783 = ORIENTED_EDGE ( 'NONE', *, *, #2344, .F. ) ;
#2784 = DIRECTION ( 'NONE',  ( -0.000000000000000000, 0.000000000000000000, -1.000000000000000000 ) ) ;
#2785 = ORIENTED_EDGE ( 'NONE', *, *, #2254, .T. ) ;
#2786 = FACE_OUTER_BOUND ( 'NONE', #2427, .T. ) ;
#2787 = VECTOR ( 'NONE', #404, 1000.000000000000000 ) ;
#2788 = CARTESIAN_POINT ( 'NONE',  ( 2.464999999999919922, -0.4649999999999749889, 4.575521839462950208E-13 ) ) ;
#2789 = CONTEXT_DEPENDENT_SHAPE_REPRESENTATION ( #2111, #522 ) ;
#2790 = CARTESIAN_POINT ( 'NONE',  ( 2.299999999999959854, 2.118991830957612290E-17, 0.6699999999998860201 ) ) ;
#2791 = PRESENTATION_LAYER_ASSIGNMENT (  '', '', ( #1330 ) ) ;
#2792 = EDGE_LOOP ( 'NONE', ( #1104, #2435, #478, #1478 ) ) ;
#2793 = DIRECTION ( 'NONE',  ( 0.000000000000000000, 0.000000000000000000, -1.000000000000000000 ) ) ;
#2794 = CARTESIAN_POINT ( 'NONE',  ( 2.249999902331639934, -0.4649999999999749889, 0.7000000000007301493 ) ) ;
#2795 = PRODUCT_DEFINITION_CONTEXT ( 'detailed design', #803, 'design' ) ;
#2796 = EDGE_CURVE ( 'NONE', #2040, #2384, #1604, .T. ) ;
#2797 = SURFACE_STYLE_USAGE ( .BOTH. , #364 ) ;
#2798 = ORIENTED_EDGE ( 'NONE', *, *, #2689, .T. ) ;
#2799 = EDGE_CURVE ( 'NONE', #369, #2306, #1787, .T. ) ;
#2800 = FILL_AREA_STYLE_COLOUR ( '', #2893 ) ;
#2801 = PRESENTATION_STYLE_ASSIGNMENT (( #593 ) ) ;
#2802 = ORIENTED_EDGE ( 'NONE', *, *, #1818, .T. ) ;
#2803 = CARTESIAN_POINT ( 'NONE',  ( 0.1509421479570492164, 8.007049884236991386E-17, 0.3388686953274586688 ) ) ;
#2804 = CONTEXT_DEPENDENT_SHAPE_REPRESENTATION ( #136, #1005 ) ;
#2805 = FACE_OUTER_BOUND ( 'NONE', #973, .T. ) ;
#2806 = ORIENTED_EDGE ( 'NONE', *, *, #641, .T. ) ;
#2807 = CARTESIAN_POINT ( 'NONE',  ( 0.03500000000008809953, -0.03499999999996820238, 0.7000000000007301493 ) ) ;
#2808 = PLANE ( 'NONE',  #1039 ) ;
#2809 = EDGE_LOOP ( 'NONE', ( #2351, #514, #36, #2342 ) ) ;
#2810 = VERTEX_POINT ( 'NONE', #1848 ) ;
#2811 = EDGE_CURVE ( 'NONE', #2810, #1293, #888, .T. ) ;
#2812 = ORIENTED_EDGE ( 'NONE', *, *, #72, .T. ) ;
#2813 = CARTESIAN_POINT ( 'NONE',  ( -2.211564265053310061E-13, 7.882583474832701981E-17, 0.7000000000007301493 ) ) ;
#2814 = LINE ( 'NONE', #117, #1309 ) ;
#2815 = VECTOR ( 'NONE', #2504, 1000.000000000000000 ) ;
#2816 = EDGE_CURVE ( 'NONE', #1430, #977, #2641, .T. ) ;
#2817 = VERTEX_POINT ( 'NONE', #2593 ) ;
#2818 = VECTOR ( 'NONE', #718, 1000.000000000000000 ) ;
#2819 = CARTESIAN_POINT ( 'NONE',  ( 0.03500000000008809953, -0.03499999999996809830, 4.575229084480270103E-13 ) ) ;
#2820 = CARTESIAN_POINT ( 'NONE',  ( 0.1503140493192326177, 7.882583474832701981E-17, 0.3394379632132477065 ) ) ;
#2821 = PRODUCT_DEFINITION_FORMATION_WITH_SPECIFIED_SOURCE ( 'ANY', '', #470, .NOT_KNOWN. ) ;
#2822 = AXIS2_PLACEMENT_3D ( 'NONE', #1763, #27, #1963 ) ;
#2823 = SHAPE_REPRESENTATION ( 'APFA2507LSURKSYKZGKC', ( #1018, #2710, #505, #2506, #610, #3033, #1070, #1259, #1621, #191, #241, #1983 ), #2771 ) ;
#2824 = CARTESIAN_POINT ( 'NONE',  ( 1.199999999038259935, -0.4649999999999749889, 0.3699999983844040052 ) ) ;
#2825 = CARTESIAN_POINT ( 'NONE',  ( 0.2499999999995509703, -0.03499999999996809136, 0.3251740997246799769 ) ) ;
#2826 = MECHANICAL_DESIGN_GEOMETRIC_PRESENTATION_REPRESENTATION (  '', ( #971 ), #866 ) ;
#2827 = ORIENTED_EDGE ( 'NONE', *, *, #2416, .F. ) ;
#2828 =( GEOMETRIC_REPRESENTATION_CONTEXT ( 3 ) GLOBAL_UNCERTAINTY_ASSIGNED_CONTEXT ( ( #1899 ) ) GLOBAL_UNIT_ASSIGNED_CONTEXT ( ( #3132, #2105, #2083 ) ) REPRESENTATION_CONTEXT ( 'NONE', 'WORKASPACE' ) );
#2829 = ORIENTED_EDGE ( 'NONE', *, *, #589, .F. ) ;
#2830 = EDGE_LOOP ( 'NONE', ( #720, #2962, #603, #2547 ) ) ;
#2831 = EDGE_CURVE ( 'NONE', #345, #1862, #1355, .T. ) ;
#2832 = CARTESIAN_POINT ( 'NONE',  ( 1.849999999038257403, -0.5000000000000000000, 0.4699999983842559903 ) ) ;
#2833 = APPLICATION_PROTOCOL_DEFINITION ( 'draft international standard', 'automotive_design', 1998, #600 ) ;
#2834 = LINE ( 'NONE', #2310, #2868 ) ;
#2835 = AXIS2_PLACEMENT_3D ( 'NONE', #1954, #2186, #2622 ) ;
#2836 = ORIENTED_EDGE ( 'NONE', *, *, #1146, .F. ) ;
#2837 = VECTOR ( 'NONE', #1209, 1000.000000000000000 ) ;
#2838 = LINE ( 'NONE', #2599, #2787 ) ;
#2839 = ADVANCED_FACE ( 'NONE', ( #2366 ), #665, .T. ) ;
#2840 = LINE ( 'NONE', #1598, #604 ) ;
#2841 = EDGE_LOOP ( 'NONE', ( #1288, #2856, #38, #814 ) ) ;
#2842 = DIRECTION ( 'NONE',  ( 1.000000000000000000, 0.000000000000000000, 0.000000000000000000 ) ) ;
#2843 = ORIENTED_EDGE ( 'NONE', *, *, #146, .F. ) ;
#2844 = ADVANCED_BREP_SHAPE_REPRESENTATION ( '', ( #3024, #2777 ), #1879 ) ;
#2845 = DIRECTION ( 'NONE',  ( 0.000000000000000000, -1.000000000000000000, -4.336808689938074418E-16 ) ) ;
#2846 = ORIENTED_EDGE ( 'NONE', *, *, #391, .F. ) ;
#2847 = DIRECTION ( 'NONE',  ( -0.000000000000000000, 1.000000000000000000, 0.000000000000000000 ) ) ;
#2848 = CARTESIAN_POINT ( 'NONE',  ( 1.949999999037810072, -0.4649999999999749889, 0.4699999983843926588 ) ) ;
#2849 = EDGE_CURVE ( 'NONE', #182, #3112, #2896, .T. ) ;
#2850 = EDGE_LOOP ( 'NONE', ( #2690, #293, #2836, #86 ) ) ;
#2851 = LINE ( 'NONE', #388, #52 ) ;
#2852 = DIRECTION ( 'NONE',  ( 0.000000000000000000, 0.000000000000000000, 1.000000000000000000 ) ) ;
#2853 = EDGE_CURVE ( 'NONE', #42, #526, #2661, .T. ) ;
#2854 = EDGE_LOOP ( 'NONE', ( #3105, #542, #1495, #3074, #3016, #2997, #3087, #2533, #2398 ) ) ;
#2855 = DIRECTION ( 'NONE',  ( -6.776263578034403945E-17, 1.000000000000000000, 6.776263578034400247E-17 ) ) ;
#2856 = ORIENTED_EDGE ( 'NONE', *, *, #2587, .F. ) ;
#2857 = DIRECTION ( 'NONE',  ( 1.000000000000000000, -0.000000000000000000, 0.000000000000000000 ) ) ;
#2858 = CARTESIAN_POINT ( 'NONE',  ( 0.6499999990380790349, -0.5000000000000000000, 0.4699999983843557994 ) ) ;
#2859 = ORIENTED_EDGE ( 'NONE', *, *, #2959, .F. ) ;
#2860 = DIRECTION ( 'NONE',  ( 0.000000000000000000, 0.000000000000000000, 1.000000000000000000 ) ) ;
#2861 = ITEM_DEFINED_TRANSFORMATION ( 'NONE', 'NONE', #241,  #2777 ) ;
#2862 = CARTESIAN_POINT ( 'NONE',  ( 0.03500000000008803708, -0.4649999999999749889, 4.575800320404960540E-13 ) ) ;
#2863 = ORIENTED_EDGE ( 'NONE', *, *, #2513, .T. ) ;
#2864 = CARTESIAN_POINT ( 'NONE',  ( 2.149999999999420819, -0.03499999999996809830, 0.5199999999999850298 ) ) ;
#2865 = VECTOR ( 'NONE', #2336, 1000.000000000000000 ) ;
#2866 = CARTESIAN_POINT ( 'NONE',  ( 0.5499999990378733328, -0.4999999999999995559, 0.3467948634100265215 ) ) ;
#2867 = PRODUCT_RELATED_PRODUCT_CATEGORY ( 'part', '', ( #2876 ) ) ;
#2868 = VECTOR ( 'NONE', #2550, 1000.000000000000000 ) ;
#2869 = ORIENTED_EDGE ( 'NONE', *, *, #1778, .T. ) ;
#2870 = CARTESIAN_POINT ( 'NONE',  ( 2.464999999999919922, -0.03499999999996814687, 4.575857326746556647E-13 ) ) ;
#2871 = DIRECTION ( 'NONE',  ( -0.000000000000000000, 1.000000000000000000, 0.000000000000000000 ) ) ;
#2872 = ORIENTED_EDGE ( 'NONE', *, *, #2033, .T. ) ;
#2873 = AXIS2_PLACEMENT_3D ( 'NONE', #2459, #1934, #184 ) ;
#2874 = VECTOR ( 'NONE', #2438, 1000.000000000000000 ) ;
#2875 = CARTESIAN_POINT ( 'NONE',  ( 2.299999999999959854, 7.882583474831439804E-17, 4.575229084480270103E-13 ) ) ;
#2876 = PRODUCT ( 'APFA2507_6', 'APFA2507_6', '', ( #2228 ) ) ;
#2877 = EDGE_CURVE ( 'NONE', #993, #1494, #175, .T. ) ;
#2878 = DIRECTION ( 'NONE',  ( -0.000000000000000000, -0.000000000000000000, 1.000000000000000000 ) ) ;
#2879 = ORIENTED_EDGE ( 'NONE', *, *, #883, .T. ) ;
#2880 = PRODUCT_DEFINITION_CONTEXT ( 'detailed design', #965, 'design' ) ;
#2881 = VECTOR ( 'NONE', #2960, 1000.000000000000000 ) ;
#2882 = ORIENTED_EDGE ( 'NONE', *, *, #1423, .T. ) ;
#2883 = CARTESIAN_POINT ( 'NONE',  ( 1.799999999999510436, -3.359012287070613745E-13, 4.577028042033023886E-13 ) ) ;
#2884 = CARTESIAN_POINT ( 'NONE',  ( 0.03500000000008799544, -0.03499999999996811911, 0.7000000000007301493 ) ) ;
#2885 = ORIENTED_EDGE ( 'NONE', *, *, #379, .T. ) ;
#2886 = CARTESIAN_POINT ( 'NONE',  ( 0.7000000000005065504, 0.5000000000001142419, 4.575237927504240448E-13 ) ) ;
#2887 = VECTOR ( 'NONE', #552, 1000.000000000000000 ) ;
#2888 = FACE_OUTER_BOUND ( 'NONE', #375, .T. ) ;
#2889 = CARTESIAN_POINT ( 'NONE',  ( 2.350000000000139977, -0.03499999999996814687, 0.5699999999998820455 ) ) ;
#2890 = VECTOR ( 'NONE', #1081, 1000.000000000000000 ) ;
#2891 = LINE ( 'NONE', #677, #1634 ) ;
#2892 = LINE ( 'NONE', #853, #1671 ) ;
#2893 = COLOUR_RGB ( '',0.8431372549019607865, 0.8156862745098039102, 0.7529411764705882248 ) ;
#2894 = VERTEX_POINT ( 'NONE', #2627 ) ;
#2895 = EDGE_CURVE ( 'NONE', #174, #1407, #160, .T. ) ;
#2896 = LINE ( 'NONE', #1375, #408 ) ;
#2897 = ORIENTED_EDGE ( 'NONE', *, *, #2939, .F. ) ;
#2898 = ADVANCED_FACE ( 'NONE', ( #2123 ), #427, .T. ) ;
#2899 = ORIENTED_EDGE ( 'NONE', *, *, #2213, .T. ) ;
#2900 = DIRECTION ( 'NONE',  ( 0.000000000000000000, -0.000000000000000000, 1.000000000000000000 ) ) ;
#2901 = ORIENTED_EDGE ( 'NONE', *, *, #1136, .T. ) ;
#2902 = DIRECTION ( 'NONE',  ( 0.000000000000000000, -1.000000000000000000, -4.440892098500043391E-16 ) ) ;
#2903 = LINE ( 'NONE', #692, #964 ) ;
#2904 = FACE_OUTER_BOUND ( 'NONE', #784, .T. ) ;
#2905 = LINE ( 'NONE', #1699, #2671 ) ;
#2906 = VERTEX_POINT ( 'NONE', #144 ) ;
#2907 = LINE ( 'NONE', #540, #565 ) ;
#2908 = ORIENTED_EDGE ( 'NONE', *, *, #170, .T. ) ;
#2909 = ADVANCED_FACE ( 'NONE', ( #2109 ), #3119, .T. ) ;
#2910 = VERTEX_POINT ( 'NONE', #195 ) ;
#2911 = PLANE ( 'NONE',  #1984 ) ;
#2912 = CARTESIAN_POINT ( 'NONE',  ( 0.1500000000000970002, 0.000000000000000000, 0.7000000000007301493 ) ) ;
#2913 = EDGE_CURVE ( 'NONE', #2946, #2612, #816, .T. ) ;
#2914 = UNCERTAINTY_MEASURE_WITH_UNIT (LENGTH_MEASURE( 1.000000000000000082E-05 ), #367, 'distance_accuracy_value', 'NONE');
#2915 = ORIENTED_EDGE ( 'NONE', *, *, #2799, .T. ) ;
#2916 = DIRECTION ( 'NONE',  ( -1.000000000000000000, 0.000000000000000000, -0.000000000000000000 ) ) ;
#2917 = CARTESIAN_POINT ( 'NONE',  ( 0.000000000000000000, 0.000000000000000000, 0.000000000000000000 ) ) ;
#2918 = PLANE ( 'NONE',  #1466 ) ;
#2919 = CARTESIAN_POINT ( 'NONE',  ( 0.1499999990385340043, -0.5000000000000000000, 0.4699999967682539914 ) ) ;
#2920 = ADVANCED_FACE ( 'NONE', ( #1875 ), #1157, .T. ) ;
#2921 = CARTESIAN_POINT ( 'NONE',  ( 1.049999999038170095, -0.4649999999999749889, 0.02000000161661140072 ) ) ;
#2922 = AXIS2_PLACEMENT_3D ( 'NONE', #1078, #585, #287 ) ;
#2923 = AXIS2_PLACEMENT_3D ( 'NONE', #602, #1068, #68 ) ;
#2924 = FILL_AREA_STYLE ('',( #1665 ) ) ;
#2925 = COLOUR_RGB ( '',0.6470588235294117974, 0.6196078431372549211, 0.5882352941176470784 ) ;
#2926 = ORIENTED_EDGE ( 'NONE', *, *, #1800, .T. ) ;
#2927 = VECTOR ( 'NONE', #2281, 1000.000000000000000 ) ;
#2928 = ORIENTED_EDGE ( 'NONE', *, *, #2736, .F. ) ;
#2929 = DIRECTION ( 'NONE',  ( 1.000000000000000000, 0.000000000000000000, -0.000000000000000000 ) ) ;
#2930 = VECTOR ( 'NONE', #922, 1000.000000000000000 ) ;
#2931 = DIRECTION ( 'NONE',  ( 0.000000000000000000, 1.000000000000000000, -0.000000000000000000 ) ) ;
#2932 =( GEOMETRIC_REPRESENTATION_CONTEXT ( 3 ) GLOBAL_UNCERTAINTY_ASSIGNED_CONTEXT ( ( #648 ) ) GLOBAL_UNIT_ASSIGNED_CONTEXT ( ( #1453, #2415, #1910 ) ) REPRESENTATION_CONTEXT ( 'NONE', 'WORKASPACE' ) );
#2933 = ORIENTED_EDGE ( 'NONE', *, *, #10, .T. ) ;
#2934 = ADVANCED_FACE ( 'NONE', ( #2786 ), #582, .T. ) ;
#2935 = LINE ( 'NONE', #2132, #1541 ) ;
#2936 = CARTESIAN_POINT ( 'NONE',  ( 0.000000000000000000, 0.000000000000000000, 0.000000000000000000 ) ) ;
#2937 = PRODUCT_CONTEXT ( 'NONE', #479, 'mechanical' ) ;
#2938 = LINE ( 'NONE', #1519, #3029 ) ;
#2939 = EDGE_CURVE ( 'NONE', #1057, #3044, #337, .T. ) ;
#2940 = LINE ( 'NONE', #2685, #2518 ) ;
#2941 = CARTESIAN_POINT ( 'NONE',  ( 1.299999999038170095, -0.4649999999999749889, 0.3699999983844040052 ) ) ;
#2942 = CLOSED_SHELL ( 'NONE', ( #2450, #1131, #3161, #2326, #963, #353 ) ) ;
#2943 = PRODUCT_DEFINITION_SHAPE ( 'NONE', 'NONE',  #3203 ) ;
#2944 = VECTOR ( 'NONE', #438, 1000.000000000000000 ) ;
#2945 = CARTESIAN_POINT ( 'NONE',  ( 0.3499999990383521609, -0.4649999999999749889, 0.3199999967682164437 ) ) ;
#2946 = VERTEX_POINT ( 'NONE', #2945 ) ;
#2947 = AXIS2_PLACEMENT_3D ( 'NONE', #489, #1492, #2480 ) ;
#2948 = ORIENTED_EDGE ( 'NONE', *, *, #2328, .F. ) ;
#2949 = DIRECTION ( 'NONE',  ( 0.000000000000000000, -1.000000000000000000, -0.000000000000000000 ) ) ;
#2950 = DIRECTION ( 'NONE',  ( 1.000000000000000000, 0.000000000000000000, 0.000000000000000000 ) ) ;
#2951 = APPLICATION_CONTEXT ( 'automotive_design' ) ;
#2952 = ORIENTED_EDGE ( 'NONE', *, *, #1305, .T. ) ;
#2953 = DIRECTION ( 'NONE',  ( 1.000000000000000000, 0.000000000000000000, 0.000000000000000000 ) ) ;
#2954 =( LENGTH_UNIT ( ) NAMED_UNIT ( * ) SI_UNIT ( .MILLI., .METRE. ) );
#2955 = FACE_OUTER_BOUND ( 'NONE', #328, .T. ) ;
#2956 = EDGE_CURVE ( 'NONE', #1959, #2013, #2420, .T. ) ;
#2957 = CARTESIAN_POINT ( 'NONE',  ( 1.849999999038202558, -0.4649999999999749889, 4.574236029252519810E-13 ) ) ;
#2958 = CARTESIAN_POINT ( 'NONE',  ( 1.299999999038170095, -0.5000000000000000000, 0.3699999983844040052 ) ) ;
#2959 = EDGE_CURVE ( 'NONE', #2225, #3175, #1456, .T. ) ;
#2960 = DIRECTION ( 'NONE',  ( -1.000000000000000000, -0.000000000000000000, -0.000000000000000000 ) ) ;
#2961 = ORIENTED_EDGE ( 'NONE', *, *, #2156, .F. ) ;
#2962 = ORIENTED_EDGE ( 'NONE', *, *, #3093, .T. ) ;
#2963 = CARTESIAN_POINT ( 'NONE',  ( 0.5499999990377517634, -0.4649999999999746558, 0.3467948634099561334 ) ) ;
#2964 = CARTESIAN_POINT ( 'NONE',  ( 1.449999999038259935, -0.4649999999999749889, 0.3699999983844040052 ) ) ;
#2965 = ORIENTED_EDGE ( 'NONE', *, *, #1024, .T. ) ;
#2966 = LINE ( 'NONE', #1251, #1022 ) ;
#2967 = CARTESIAN_POINT ( 'NONE',  ( 0.2000000000002790379, 7.965561081102227429E-17, 0.4293667011477309003 ) ) ;
#2968 = PRODUCT_CONTEXT ( 'NONE', #538, 'mechanical' ) ;
#2969 = PRODUCT ( 'APFA2507_10', 'APFA2507_10', '', ( #1077 ) ) ;
#2970 = CARTESIAN_POINT ( 'NONE',  ( 1.849999999038294929, -0.4649999999999749889, 4.575229084480270103E-13 ) ) ;
#2971 = APPLICATION_CONTEXT ( 'automotive_design' ) ;
#2972 = DIRECTION ( 'NONE',  ( 1.000000000000000000, -0.000000000000000000, 0.000000000000000000 ) ) ;
#2973 =( NAMED_UNIT ( * ) PLANE_ANGLE_UNIT ( ) SI_UNIT ( $, .RADIAN. ) );
#2974 = CARTESIAN_POINT ( 'NONE',  ( 0.9999999990379349057, -0.4649999999999749889, 0.4699999983843261009 ) ) ;
#2975 = EDGE_CURVE ( 'NONE', #2612, #444, #2434, .T. ) ;
#2976 = CARTESIAN_POINT ( 'NONE',  ( 1.849999999038129950, -0.5000000000000000000, 4.575229084480270103E-13 ) ) ;
#2977 = VERTEX_POINT ( 'NONE', #1475 ) ;
#2978 = VECTOR ( 'NONE', #2325, 1000.000000000000000 ) ;
#2979 = STYLED_ITEM ( 'NONE', ( #1974 ), #1976 ) ;
#2980 = ORIENTED_EDGE ( 'NONE', *, *, #2747, .F. ) ;
#2981 = EDGE_CURVE ( 'NONE', #2648, #1602, #1190, .T. ) ;
#2982 = FACE_OUTER_BOUND ( 'NONE', #493, .T. ) ;
#2983 = EDGE_CURVE ( 'NONE', #359, #1075, #3081, .T. ) ;
#2984 = VECTOR ( 'NONE', #2320, 1000.000000000000000 ) ;
#2985 = EDGE_LOOP ( 'NONE', ( #620, #867, #1786, #142 ) ) ;
#2986 = CIRCLE ( 'NONE', #1264, 0.1999999999998516576 ) ;
#2987 = CARTESIAN_POINT ( 'NONE',  ( 1.499999999038394538, -0.4649999999999749889, 0.4699999983842761964 ) ) ;
#2988 = DIRECTION ( 'NONE',  ( 0.000000000000000000, -0.000000000000000000, -1.000000000000000000 ) ) ;
#2989 = CARTESIAN_POINT ( 'NONE',  ( 0.000000000000000000, 0.000000000000000000, 0.000000000000000000 ) ) ;
#2990 = CARTESIAN_POINT ( 'NONE',  ( 2.350000000000145306, -0.03499999999996810524, 0.5699999999998558442 ) ) ;
#2991 = LINE ( 'NONE', #776, #1179 ) ;
#2992 = CARTESIAN_POINT ( 'NONE',  ( 0.2000000000002790101, -0.03499999999996820238, 0.4117766401035419799 ) ) ;
#2993 =( LENGTH_UNIT ( ) NAMED_UNIT ( * ) SI_UNIT ( .MILLI., .METRE. ) );
#2994 = AXIS2_PLACEMENT_3D ( 'NONE', #1242, #999, #2035 ) ;
#2995 = EDGE_LOOP ( 'NONE', ( #751, #318, #2726, #1887, #1806, #877 ) ) ;
#2996 = EDGE_CURVE ( 'NONE', #53, #1337, #695, .T. ) ;
#2997 = ORIENTED_EDGE ( 'NONE', *, *, #2592, .T. ) ;
#2998 = PLANE ( 'NONE',  #1845 ) ;
#2999 = CARTESIAN_POINT ( 'NONE',  ( 1.949999999037810072, -0.5000000000000000000, 4.574728585716405162E-13 ) ) ;
#3000 = VECTOR ( 'NONE', #97, 1000.000000000000000 ) ;
#3001 = EDGE_CURVE ( 'NONE', #1577, #1205, #2221, .T. ) ;
#3002 = ORIENTED_EDGE ( 'NONE', *, *, #2474, .F. ) ;
#3003 = CYLINDRICAL_SURFACE ( 'NONE', #2674, 0.5000000000004494183 ) ;
#3004 = CARTESIAN_POINT ( 'NONE',  ( 0.1499999999995509647, -0.03499999999996820238, 0.3251740997246799769 ) ) ;
#3005 = CARTESIAN_POINT ( 'NONE',  ( 2.350000000000373568, 0.000000000000000000, 0.6699999999999523004 ) ) ;
#3006 = CARTESIAN_POINT ( 'NONE',  ( 0.000000000000000000, 0.000000000000000000, 0.000000000000000000 ) ) ;
#3007 = LINE ( 'NONE', #787, #346 ) ;
#3008 = DIRECTION ( 'NONE',  ( -1.000000000000000000, -0.000000000000000000, -0.000000000000000000 ) ) ;
#3009 = DIRECTION ( 'NONE',  ( 1.000000000000000000, 0.000000000000000000, -0.000000000000000000 ) ) ;
#3010 =( NAMED_UNIT ( * ) SI_UNIT ( $, .STERADIAN. ) SOLID_ANGLE_UNIT ( ) );
#3011 = ORIENTED_EDGE ( 'NONE', *, *, #1004, .F. ) ;
#3012 = ORIENTED_EDGE ( 'NONE', *, *, #2194, .T. ) ;
#3013 = CARTESIAN_POINT ( 'NONE',  ( 1.199999999038259935, -0.4649999999999749889, 0.4699999983844260210 ) ) ;
#3014 =( LENGTH_UNIT ( ) NAMED_UNIT ( * ) SI_UNIT ( .MILLI., .METRE. ) );
#3015 = PLANE ( 'NONE',  #863 ) ;
#3016 = ORIENTED_EDGE ( 'NONE', *, *, #2135, .T. ) ;
#3017 = DIRECTION ( 'NONE',  ( 2.658697976849402313E-15, 1.000000000000000000, -2.020898785741258656E-15 ) ) ;
#3018 = EDGE_CURVE ( 'NONE', #1407, #1057, #477, .T. ) ;
#3019 = CARTESIAN_POINT ( 'NONE',  ( 1.049999999038170095, -0.4649999999999749889, 0.3699999983844040052 ) ) ;
#3020 = APPLICATION_PROTOCOL_DEFINITION ( 'draft international standard', 'automotive_design', 1998, #803 ) ;
#3021 = LINE ( 'NONE', #327, #3078 ) ;
#3022 = DIRECTION ( 'NONE',  ( -0.000000000000000000, -0.000000000000000000, -1.000000000000000000 ) ) ;
#3023 = DIRECTION ( 'NONE',  ( -0.000000000000000000, 0.000000000000000000, -1.000000000000000000 ) ) ;
#3024 = MANIFOLD_SOLID_BREP ( 'Imported11', #1942 ) ;
#3025 = FACE_OUTER_BOUND ( 'NONE', #653, .T. ) ;
#3026 = EDGE_LOOP ( 'NONE', ( #1834, #2882, #543, #2634 ) ) ;
#3027 = CARTESIAN_POINT ( 'NONE',  ( 2.300000000000189893, -0.03500000000002531642, 0.7000000000007301493 ) ) ;
#3028 = LINE ( 'NONE', #1790, #242 ) ;
#3029 = VECTOR ( 'NONE', #1033, 1000.000000000000000 ) ;
#3030 = ORIENTED_EDGE ( 'NONE', *, *, #1721, .F. ) ;
#3031 = DIRECTION ( 'NONE',  ( 0.000000000000000000, 0.000000000000000000, -1.000000000000000000 ) ) ;
#3032 = DIRECTION ( 'NONE',  ( 1.000000000000000000, 0.000000000000000000, -0.000000000000000000 ) ) ;
#3033 = AXIS2_PLACEMENT_3D ( 'NONE', #1764, #486, #1253 ) ;
#3034 = AXIS2_PLACEMENT_3D ( 'NONE', #1412, #464, #217 ) ;
#3035 = SHAPE_DEFINITION_REPRESENTATION ( #2408, #1284 ) ;
#3036 = CARTESIAN_POINT ( 'NONE',  ( 0.1999999990384880022, -0.5000000000000000000, 0.3199999967682199964 ) ) ;
#3037 = ADVANCED_FACE ( 'NONE', ( #744 ), #714, .T. ) ;
#3038 = VECTOR ( 'NONE', #1727, 1000.000000000000000 ) ;
#3039 = EDGE_LOOP ( 'NONE', ( #1600, #192, #2665, #642 ) ) ;
#3040 = LINE ( 'NONE', #3083, #2001 ) ;
#3041 = DIRECTION ( 'NONE',  ( 1.000000000000000000, 0.000000000000000000, -0.000000000000000000 ) ) ;
#3042 = MECHANICAL_DESIGN_GEOMETRIC_PRESENTATION_REPRESENTATION (  '', ( #1218 ), #458 ) ;
#3043 = ADVANCED_FACE ( 'NONE', ( #227 ), #1245, .T. ) ;
#3044 = VERTEX_POINT ( 'NONE', #1202 ) ;
#3045 = VERTEX_POINT ( 'NONE', #1939 ) ;
#3046 =( LENGTH_UNIT ( ) NAMED_UNIT ( * ) SI_UNIT ( .MILLI., .METRE. ) );
#3047 = VECTOR ( 'NONE', #238, 1000.000000000000000 ) ;
#3048 = ORIENTED_EDGE ( 'NONE', *, *, #1969, .T. ) ;
#3049 = LINE ( 'NONE', #833, #3191 ) ;
#3050 = CONTEXT_DEPENDENT_SHAPE_REPRESENTATION ( #2737, #1716 ) ;
#3051 = CARTESIAN_POINT ( 'NONE',  ( 0.4499999990384344062, -0.4649999999999749889, 4.574665873707561773E-13 ) ) ;
#3052 = ORIENTED_EDGE ( 'NONE', *, *, #1343, .F. ) ;
#3053 = CARTESIAN_POINT ( 'NONE',  ( 0.2300001320969090601, -0.5000000000000000000, 0.4699999983844009854 ) ) ;
#3054 = CARTESIAN_POINT ( 'NONE',  ( 0.1509421479570446090, -0.03499999999996811911, 0.3388686953274593350 ) ) ;
#3055 = PRODUCT_DEFINITION ( 'UNKNOWN', '', #969, #3056 ) ;
#3056 = PRODUCT_DEFINITION_CONTEXT ( 'detailed design', #760, 'design' ) ;
#3057 = ADVANCED_FACE ( 'NONE', ( #2675 ), #2187, .T. ) ;
#3058 = ORIENTED_EDGE ( 'NONE', *, *, #95, .T. ) ;
#3059 = MANIFOLD_SOLID_BREP ( 'Imported10', #2942 ) ;
#3060 = EDGE_CURVE ( 'NONE', #73, #2055, #2558, .T. ) ;
#3061 = SURFACE_STYLE_USAGE ( .BOTH. , #1805 ) ;
#3062 = EDGE_LOOP ( 'NONE', ( #2961, #2436, #2236, #2564 ) ) ;
#3063 = ORIENTED_EDGE ( 'NONE', *, *, #2913, .F. ) ;
#3064 = DIRECTION ( 'NONE',  ( 0.000000000000000000, -0.000000000000000000, 1.000000000000000000 ) ) ;
#3065 = ITEM_DEFINED_TRANSFORMATION ( 'NONE', 'NONE', #2710,  #2777 ) ;
#3066 = DIRECTION ( 'NONE',  ( -0.000000000000000000, -1.000000000000000000, -0.000000000000000000 ) ) ;
#3067 = ORIENTED_EDGE ( 'NONE', *, *, #87, .F. ) ;
#3068 = DIRECTION ( 'NONE',  ( 0.000000000000000000, -1.000000000000000000, 0.000000000000000000 ) ) ;
#3069 = CARTESIAN_POINT ( 'NONE',  ( 0.1499999999998699873, 0.000000000000000000, 0.4746834596560379760 ) ) ;
#3070 = ORIENTED_EDGE ( 'NONE', *, *, #1895, .F. ) ;
#3071 = ORIENTED_EDGE ( 'NONE', *, *, #1969, .F. ) ;
#3072 = ORIENTED_EDGE ( 'NONE', *, *, #2373, .T. ) ;
#3073 = EDGE_CURVE ( 'NONE', #2631, #898, #2907, .T. ) ;
#3074 = ORIENTED_EDGE ( 'NONE', *, *, #2416, .T. ) ;
#3075 = CARTESIAN_POINT ( 'NONE',  ( 0.03500000000008809953, -0.4649999999999749889, 4.575680971429814265E-13 ) ) ;
#3076 = SHAPE_DEFINITION_REPRESENTATION ( #747, #843 ) ;
#3077 = CARTESIAN_POINT ( 'NONE',  ( 0.1999999990384880022, -0.5000000000000000000, 4.575229084480270103E-13 ) ) ;
#3078 = VECTOR ( 'NONE', #92, 1000.000000000000000 ) ;
#3079 = MANIFOLD_SOLID_BREP ( 'Imported8', #1894 ) ;
#3080 = EDGE_LOOP ( 'NONE', ( #124, #3190, #605, #2402, #1759, #1548 ) ) ;
#3081 = CIRCLE ( 'NONE', #1122, 0.1000000000000000194 ) ;
#3082 = VECTOR ( 'NONE', #39, 1000.000000000000000 ) ;
#3083 = CARTESIAN_POINT ( 'NONE',  ( 2.464999999999919922, -0.4649999999999749889, 4.575229084480270103E-13 ) ) ;
#3084 = ADVANCED_BREP_SHAPE_REPRESENTATION ( '', ( #1996, #2777 ), #2828 ) ;
#3085 = CARTESIAN_POINT ( 'NONE',  ( 0.6436492626377949833, -0.5000000000000000000, 0.4699999983844260210 ) ) ;
#3086 = VECTOR ( 'NONE', #650, 1000.000000000000000 ) ;
#3087 = ORIENTED_EDGE ( 'NONE', *, *, #956, .T. ) ;
#3088 = ORIENTED_EDGE ( 'NONE', *, *, #897, .T. ) ;
#3089 = VECTOR ( 'NONE', #157, 1000.000000000000000 ) ;
#3090 = DIRECTION ( 'NONE',  ( 0.000000000000000000, 1.000000000000000000, 0.000000000000000000 ) ) ;
#3091 =( LENGTH_UNIT ( ) NAMED_UNIT ( * ) SI_UNIT ( .MILLI., .METRE. ) );
#3092 = ORIENTED_EDGE ( 'NONE', *, *, #2796, .T. ) ;
#3093 = EDGE_CURVE ( 'NONE', #1075, #1174, #1297, .T. ) ;
#3094 = VERTEX_POINT ( 'NONE', #1989 ) ;
#3095 = DIRECTION ( 'NONE',  ( 0.000000000000000000, 1.000000000000000000, 0.000000000000000000 ) ) ;
#3096 = DIRECTION ( 'NONE',  ( 0.000000000000000000, 1.000000000000000000, 0.000000000000000000 ) ) ;
#3097 = EDGE_CURVE ( 'NONE', #202, #1057, #1753, .T. ) ;
#3098 = AXIS2_PLACEMENT_3D ( 'NONE', #1751, #868, #639 ) ;
#3099 = ORIENTED_EDGE ( 'NONE', *, *, #1385, .T. ) ;
#3100 = CARTESIAN_POINT ( 'NONE',  ( 0.1500000000003250122, 8.007049884236991386E-17, 0.3397225971561430025 ) ) ;
#3101 = FACE_OUTER_BOUND ( 'NONE', #2374, .T. ) ;
#3102 = VECTOR ( 'NONE', #2057, 1000.000000000000000 ) ;
#3103 = ORIENTED_EDGE ( 'NONE', *, *, #594, .T. ) ;
#3104 =( NAMED_UNIT ( * ) SI_UNIT ( $, .STERADIAN. ) SOLID_ANGLE_UNIT ( ) );
#3105 = ORIENTED_EDGE ( 'NONE', *, *, #488, .F. ) ;
#3106 = DIRECTION ( 'NONE',  ( 0.000000000000000000, 0.000000000000000000, 1.000000000000000000 ) ) ;
#3107 = ORIENTED_EDGE ( 'NONE', *, *, #3073, .T. ) ;
#3108 = ORIENTED_EDGE ( 'NONE', *, *, #87, .T. ) ;
#3109 = ADVANCED_FACE ( 'NONE', ( #2512 ), #315, .T. ) ;
#3110 = LINE ( 'NONE', #1820, #2772 ) ;
#3111 = FACE_OUTER_BOUND ( 'NONE', #447, .T. ) ;
#3112 = VERTEX_POINT ( 'NONE', #2271 ) ;
#3113 = EDGE_CURVE ( 'NONE', #1174, #2906, #363, .T. ) ;
#3114 = CARTESIAN_POINT ( 'NONE',  ( 2.149999999038529896, -0.5000000000000000000, 0.4699999967681969815 ) ) ;
#3115 = DIRECTION ( 'NONE',  ( 0.000000000000000000, 1.000000000000000000, -0.000000000000000000 ) ) ;
#3116 = ADVANCED_FACE ( 'NONE', ( #1815 ), #1310, .T. ) ;
#3117 = ORIENTED_EDGE ( 'NONE', *, *, #1458, .F. ) ;
#3118 = ORIENTED_EDGE ( 'NONE', *, *, #1044, .T. ) ;
#3119 = PLANE ( 'NONE',  #98 ) ;
#3120 = CARTESIAN_POINT ( 'NONE',  ( 0.2000000000002790379, -0.03499999999996820238, 0.4117766401035428125 ) ) ;
#3121 = EDGE_LOOP ( 'NONE', ( #2743, #679, #2643, #262 ) ) ;
#3122 = VERTEX_POINT ( 'NONE', #2020 ) ;
#3123 = CARTESIAN_POINT ( 'NONE',  ( 2.499999999999780176, -0.4649999999999749889, 4.577023316957508818E-13 ) ) ;
#3124 = FACE_OUTER_BOUND ( 'NONE', #2319, .T. ) ;
#3125 = ORIENTED_EDGE ( 'NONE', *, *, #1261, .T. ) ;
#3126 = FACE_OUTER_BOUND ( 'NONE', #267, .T. ) ;
#3127 = VECTOR ( 'NONE', #120, 1000.000000000000000 ) ;
#3128 = DIRECTION ( 'NONE',  ( 1.000000000000000000, 0.000000000000000000, 0.000000000000000000 ) ) ;
#3129 = ADVANCED_FACE ( 'NONE', ( #3025 ), #807, .T. ) ;
#3130 = PRESENTATION_LAYER_ASSIGNMENT (  '', '', ( #2142 ) ) ;
#3131 = CARTESIAN_POINT ( 'NONE',  ( -8.213622352608364899E-10, 6.143234069586941920E-17, 0.7000000000007301493 ) ) ;
#3132 =( LENGTH_UNIT ( ) NAMED_UNIT ( * ) SI_UNIT ( .MILLI., .METRE. ) );
#3133 = VERTEX_POINT ( 'NONE', #1650 ) ;
#3134 = VECTOR ( 'NONE', #199, 1000.000000000000000 ) ;
#3135 = EDGE_CURVE ( 'NONE', #1306, #1237, #2380, .T. ) ;
#3136 = VECTOR ( 'NONE', #1617, 1000.000000000000000 ) ;
#3137 = DIRECTION ( 'NONE',  ( 0.000000000000000000, -0.000000000000000000, 1.000000000000000000 ) ) ;
#3138 = PRODUCT ( 'APFA2507_5', 'APFA2507_5', '', ( #2937 ) ) ;
#3139 = LINE ( 'NONE', #3120, #1847 ) ;
#3140 = ORIENTED_EDGE ( 'NONE', *, *, #1584, .T. ) ;
#3141 = VERTEX_POINT ( 'NONE', #2870 ) ;
#3142 = LINE ( 'NONE', #1431, #1020 ) ;
#3143 = CARTESIAN_POINT ( 'NONE',  ( 0.1499999990385340043, -0.5000000000000000000, 0.4699999967682718660 ) ) ;
#3144 = UNCERTAINTY_MEASURE_WITH_UNIT (LENGTH_MEASURE( 1.000000000000000082E-05 ), #2993, 'distance_accuracy_value', 'NONE');
#3145 = ORIENTED_EDGE ( 'NONE', *, *, #591, .T. ) ;
#3146 = PLANE ( 'NONE',  #421 ) ;
#3147 = UNCERTAINTY_MEASURE_WITH_UNIT (LENGTH_MEASURE( 1.000000000000000082E-05 ), #674, 'distance_accuracy_value', 'NONE');
#3148 = VECTOR ( 'NONE', #1732, 1000.000000000000000 ) ;
#3149 = CARTESIAN_POINT ( 'NONE',  ( 2.350000000000259881, 0.000000000000000000, 0.7000000000007301493 ) ) ;
#3150 = PLANE ( 'NONE',  #2761 ) ;
#3151 = VECTOR ( 'NONE', #265, 1000.000000000000000 ) ;
#3152 = LINE ( 'NONE', #2431, #2722 ) ;
#3153 = PRODUCT_DEFINITION ( 'UNKNOWN', '', #1362, #2880 ) ;
#3154 =( NAMED_UNIT ( * ) PLANE_ANGLE_UNIT ( ) SI_UNIT ( $, .RADIAN. ) );
#3155 = COLOUR_RGB ( '',0.6470588235294117974, 0.6196078431372549211, 0.5882352941176470784 ) ;
#3156 = ORIENTED_EDGE ( 'NONE', *, *, #1153, .F. ) ;
#3157 = EDGE_CURVE ( 'NONE', #444, #3094, #2892, .T. ) ;
#3158 = DIRECTION ( 'NONE',  ( 0.000000000000000000, -0.000000000000000000, 1.000000000000000000 ) ) ;
#3159 = ORIENTED_EDGE ( 'NONE', *, *, #374, .F. ) ;
#3160 = ORIENTED_EDGE ( 'NONE', *, *, #78, .T. ) ;
#3161 = ADVANCED_FACE ( 'NONE', ( #123 ), #173, .T. ) ;
#3162 = PLANE ( 'NONE',  #2196 ) ;
#3163 = CONTEXT_DEPENDENT_SHAPE_REPRESENTATION ( #1089, #1943 ) ;
#3164 = ORIENTED_EDGE ( 'NONE', *, *, #513, .T. ) ;
#3165 = CARTESIAN_POINT ( 'NONE',  ( 2.350000000000139977, -0.03499999999996820238, 0.5699999999998820455 ) ) ;
#3166 =( NAMED_UNIT ( * ) SI_UNIT ( $, .STERADIAN. ) SOLID_ANGLE_UNIT ( ) );
#3167 = PLANE ( 'NONE',  #558 ) ;
#3168 = DIRECTION ( 'NONE',  ( 1.000000000000000000, 0.000000000000000000, -0.000000000000000000 ) ) ;
#3169 = CARTESIAN_POINT ( 'NONE',  ( 0.1509421479570506042, -0.03499999999996820238, 0.3388686953274602232 ) ) ;
#3170 =( NAMED_UNIT ( * ) SI_UNIT ( $, .STERADIAN. ) SOLID_ANGLE_UNIT ( ) );
#3171 = DIRECTION ( 'NONE',  ( -0.000000000000000000, 1.000000000000000000, 0.000000000000000000 ) ) ;
#3172 = VERTEX_POINT ( 'NONE', #2137 ) ;
#3173 = EDGE_CURVE ( 'NONE', #1510, #1080, #1371, .T. ) ;
#3174 = PRODUCT_DEFINITION_SHAPE ( 'NONE', 'NONE',  #2701 ) ;
#3175 = VERTEX_POINT ( 'NONE', #1141 ) ;
#3176 = DIRECTION ( 'NONE',  ( 0.000000000000000000, -1.000000000000000000, -4.440892098500089736E-16 ) ) ;
#3177 = LINE ( 'NONE', #670, #2818 ) ;
#3178 = EDGE_CURVE ( 'NONE', #2055, #1744, #2639, .T. ) ;
#3179 = ORIENTED_EDGE ( 'NONE', *, *, #1654, .F. ) ;
#3180 = PLANE ( 'NONE',  #828 ) ;
#3181 = DIRECTION ( 'NONE',  ( 0.000000000000000000, 0.000000000000000000, 1.000000000000000000 ) ) ;
#3182 = PLANE ( 'NONE',  #2295 ) ;
#3183 = CARTESIAN_POINT ( 'NONE',  ( 0.1499999999998699873, 0.000000000000000000, 0.4746834596560379205 ) ) ;
#3184 = DIRECTION ( 'NONE',  ( -1.000000000000000000, -0.000000000000000000, 0.000000000000000000 ) ) ;
#3185 = SHAPE_REPRESENTATION_RELATIONSHIP ( 'NONE' , 'NONE' ,  #2588, #2332 ) ;
#3186 = VECTOR ( 'NONE', #154, 1000.000000000000000 ) ;
#3187 = SURFACE_STYLE_USAGE ( .BOTH. , #491 ) ;
#3188 = AXIS2_PLACEMENT_3D ( 'NONE', #63, #1775, #2988 ) ;
#3189 = ORIENTED_EDGE ( 'NONE', *, *, #2390, .T. ) ;
#3190 = ORIENTED_EDGE ( 'NONE', *, *, #2390, .F. ) ;
#3191 = VECTOR ( 'NONE', #1115, 1000.000000000000000 ) ;
#3192 = CARTESIAN_POINT ( 'NONE',  ( 0.1499999999999063471, -0.03499999999996813993, 0.7000000000007301493 ) ) ;
#3193 = NEXT_ASSEMBLY_USAGE_OCCURRENCE ( 'NAUO1', ' ', ' ', #3153, #2565, $ ) ;
#3194 = NEXT_ASSEMBLY_USAGE_OCCURRENCE ( 'NAUO2', ' ', ' ', #3153, #3055, $ ) ;
#3195 = NEXT_ASSEMBLY_USAGE_OCCURRENCE ( 'NAUO3', ' ', ' ', #3153, #998, $ ) ;
#3196 = NEXT_ASSEMBLY_USAGE_OCCURRENCE ( 'NAUO4', ' ', ' ', #3153, #1097, $ ) ;
#3197 = NEXT_ASSEMBLY_USAGE_OCCURRENCE ( 'NAUO5', ' ', ' ', #3153, #2701, $ ) ;
#3198 = NEXT_ASSEMBLY_USAGE_OCCURRENCE ( 'NAUO6', ' ', ' ', #3153, #855, $ ) ;
#3199 = NEXT_ASSEMBLY_USAGE_OCCURRENCE ( 'NAUO7', ' ', ' ', #3153, #1713, $ ) ;
#3200 = NEXT_ASSEMBLY_USAGE_OCCURRENCE ( 'NAUO8', ' ', ' ', #3153, #244, $ ) ;
#3201 = NEXT_ASSEMBLY_USAGE_OCCURRENCE ( 'NAUO9', ' ', ' ', #3153, #1277, $ ) ;
#3202 = NEXT_ASSEMBLY_USAGE_OCCURRENCE ( 'NAUO10', ' ', ' ', #3153, #2626, $ ) ;
#3203 = NEXT_ASSEMBLY_USAGE_OCCURRENCE ( 'NAUO11', ' ', ' ', #3153, #2663, $ ) ;
ENDSEC;
END-ISO-10303-21;
