ISO-10303-21;
HEADER;
/* Generated by software containing ST-Developer
 * from STEP Tools, Inc. (www.steptools.com) 
 */
/* OPTION: strings as raw bytes, not using required /X/ escapes */

FILE_DESCRIPTION(
/* description */ ('Unknown'),
/* implementation_level */ '2;1');

FILE_NAME(
/* name */ '355012RJT',
/* time_stamp */ '2024-10-14T14:52:04+02:00',
/* author */ ('Unknown'),
/* organization */ ('Unknown'),
/* preprocessor_version */ 'ST-DEVELOPER v18.102',
/* originating_system */ 'Solid Edge',
/* authorisation */ 'Unknown');

FILE_SCHEMA (('AUTOMOTIVE_DESIGN {1 0 10303 214 3 1 1}'));
ENDSEC;

DATA;
#10=PROPERTY_DEFINITION_REPRESENTATION(#14,#12);
#11=PROPERTY_DEFINITION_REPRESENTATION(#15,#13);
#12=REPRESENTATION('',(#16),#2582);
#13=REPRESENTATION('',(#17),#2582);
#14=PROPERTY_DEFINITION('pmi validation property','',#2587);
#15=PROPERTY_DEFINITION('pmi validation property','',#2587);
#16=VALUE_REPRESENTATION_ITEM('number of annotations',COUNT_MEASURE(0.));
#17=VALUE_REPRESENTATION_ITEM('number of views',COUNT_MEASURE(0.));
#18=SHAPE_REPRESENTATION_RELATIONSHIP('','',#1760,#19);
#19=ADVANCED_BREP_SHAPE_REPRESENTATION('',(#1758),#2582);
#20=CYLINDRICAL_SURFACE('',#1798,0.0341634009168833);
#21=CYLINDRICAL_SURFACE('',#1801,0.03);
#22=CYLINDRICAL_SURFACE('',#1804,0.03);
#23=CYLINDRICAL_SURFACE('',#1807,0.0341634009168833);
#24=CYLINDRICAL_SURFACE('',#1811,0.0341634009168833);
#25=CYLINDRICAL_SURFACE('',#1814,0.03);
#26=CYLINDRICAL_SURFACE('',#1816,0.03);
#27=CYLINDRICAL_SURFACE('',#1819,0.0341634009168833);
#28=CYLINDRICAL_SURFACE('',#1826,0.0500000000000001);
#29=CYLINDRICAL_SURFACE('',#1828,0.0500000000000001);
#30=CYLINDRICAL_SURFACE('',#1829,0.0500000000000001);
#31=CYLINDRICAL_SURFACE('',#1831,0.0500000000000001);
#32=CYLINDRICAL_SURFACE('',#1843,0.0218629136850618);
#33=CYLINDRICAL_SURFACE('',#1848,0.0218629136850618);
#34=CYLINDRICAL_SURFACE('',#1852,0.0218629136850618);
#35=CYLINDRICAL_SURFACE('',#1859,0.0218629136850618);
#36=DRAUGHTING_PRE_DEFINED_COLOUR('white');
#37=CIRCLE('',#1763,0.03);
#38=CIRCLE('',#1764,0.0341634009168833);
#39=CIRCLE('',#1765,0.0500000000000001);
#40=CIRCLE('',#1766,0.0500000000000001);
#41=CIRCLE('',#1769,0.0341634009168833);
#42=CIRCLE('',#1770,0.03);
#43=CIRCLE('',#1771,0.0500000000000001);
#44=CIRCLE('',#1772,0.0500000000000001);
#45=CIRCLE('',#1775,0.03);
#46=CIRCLE('',#1776,0.0341634009168833);
#47=CIRCLE('',#1777,0.0500000000000001);
#48=CIRCLE('',#1778,0.0500000000000001);
#49=CIRCLE('',#1781,0.0341634009168833);
#50=CIRCLE('',#1782,0.03);
#51=CIRCLE('',#1783,0.0500000000000001);
#52=CIRCLE('',#1784,0.0500000000000001);
#53=CIRCLE('',#1790,0.0218629136850618);
#54=CIRCLE('',#1791,0.0218629136850618);
#55=CIRCLE('',#1793,0.0218629136850618);
#56=CIRCLE('',#1794,0.0218629136850618);
#57=CIRCLE('',#1799,0.0341634009168833);
#58=CIRCLE('',#1802,0.03);
#59=CIRCLE('',#1805,0.03);
#60=CIRCLE('',#1808,0.0341634009168833);
#61=CIRCLE('',#1812,0.0341634009168833);
#62=CIRCLE('',#1815,0.03);
#63=CIRCLE('',#1817,0.03);
#64=CIRCLE('',#1820,0.0341634009168833);
#65=CIRCLE('',#1841,0.0218629136850618);
#66=CIRCLE('',#1846,0.0218629136850618);
#67=CIRCLE('',#1851,0.0218629136850618);
#68=CIRCLE('',#1856,0.0218629136850618);
#69=ORIENTED_EDGE('',*,*,#437,.T.);
#70=ORIENTED_EDGE('',*,*,#438,.T.);
#71=ORIENTED_EDGE('',*,*,#439,.T.);
#72=ORIENTED_EDGE('',*,*,#440,.T.);
#73=ORIENTED_EDGE('',*,*,#441,.T.);
#74=ORIENTED_EDGE('',*,*,#442,.T.);
#75=ORIENTED_EDGE('',*,*,#443,.T.);
#76=ORIENTED_EDGE('',*,*,#444,.T.);
#77=ORIENTED_EDGE('',*,*,#445,.T.);
#78=ORIENTED_EDGE('',*,*,#446,.T.);
#79=ORIENTED_EDGE('',*,*,#447,.T.);
#80=ORIENTED_EDGE('',*,*,#448,.F.);
#81=ORIENTED_EDGE('',*,*,#449,.T.);
#82=ORIENTED_EDGE('',*,*,#450,.F.);
#83=ORIENTED_EDGE('',*,*,#451,.T.);
#84=ORIENTED_EDGE('',*,*,#438,.F.);
#85=ORIENTED_EDGE('',*,*,#452,.T.);
#86=ORIENTED_EDGE('',*,*,#453,.T.);
#87=ORIENTED_EDGE('',*,*,#454,.T.);
#88=ORIENTED_EDGE('',*,*,#455,.T.);
#89=ORIENTED_EDGE('',*,*,#456,.T.);
#90=ORIENTED_EDGE('',*,*,#457,.T.);
#91=ORIENTED_EDGE('',*,*,#458,.T.);
#92=ORIENTED_EDGE('',*,*,#459,.T.);
#93=ORIENTED_EDGE('',*,*,#460,.T.);
#94=ORIENTED_EDGE('',*,*,#461,.F.);
#95=ORIENTED_EDGE('',*,*,#462,.T.);
#96=ORIENTED_EDGE('',*,*,#463,.T.);
#97=ORIENTED_EDGE('',*,*,#464,.T.);
#98=ORIENTED_EDGE('',*,*,#465,.T.);
#99=ORIENTED_EDGE('',*,*,#466,.T.);
#100=ORIENTED_EDGE('',*,*,#467,.F.);
#101=ORIENTED_EDGE('',*,*,#468,.F.);
#102=ORIENTED_EDGE('',*,*,#469,.F.);
#103=ORIENTED_EDGE('',*,*,#456,.F.);
#104=ORIENTED_EDGE('',*,*,#470,.F.);
#105=ORIENTED_EDGE('',*,*,#471,.F.);
#106=ORIENTED_EDGE('',*,*,#472,.F.);
#107=ORIENTED_EDGE('',*,*,#473,.T.);
#108=ORIENTED_EDGE('',*,*,#474,.T.);
#109=ORIENTED_EDGE('',*,*,#475,.F.);
#110=ORIENTED_EDGE('',*,*,#476,.T.);
#111=ORIENTED_EDGE('',*,*,#477,.T.);
#112=ORIENTED_EDGE('',*,*,#478,.T.);
#113=ORIENTED_EDGE('',*,*,#479,.F.);
#114=ORIENTED_EDGE('',*,*,#480,.F.);
#115=ORIENTED_EDGE('',*,*,#481,.T.);
#116=ORIENTED_EDGE('',*,*,#482,.F.);
#117=ORIENTED_EDGE('',*,*,#483,.T.);
#118=ORIENTED_EDGE('',*,*,#475,.T.);
#119=ORIENTED_EDGE('',*,*,#484,.T.);
#120=ORIENTED_EDGE('',*,*,#485,.T.);
#121=ORIENTED_EDGE('',*,*,#486,.T.);
#122=ORIENTED_EDGE('',*,*,#487,.F.);
#123=ORIENTED_EDGE('',*,*,#488,.T.);
#124=ORIENTED_EDGE('',*,*,#489,.F.);
#125=ORIENTED_EDGE('',*,*,#490,.T.);
#126=ORIENTED_EDGE('',*,*,#478,.F.);
#127=ORIENTED_EDGE('',*,*,#491,.T.);
#128=ORIENTED_EDGE('',*,*,#492,.T.);
#129=ORIENTED_EDGE('',*,*,#493,.F.);
#130=ORIENTED_EDGE('',*,*,#494,.T.);
#131=ORIENTED_EDGE('',*,*,#495,.T.);
#132=ORIENTED_EDGE('',*,*,#496,.T.);
#133=ORIENTED_EDGE('',*,*,#497,.T.);
#134=ORIENTED_EDGE('',*,*,#498,.T.);
#135=ORIENTED_EDGE('',*,*,#499,.T.);
#136=ORIENTED_EDGE('',*,*,#500,.T.);
#137=ORIENTED_EDGE('',*,*,#501,.T.);
#138=ORIENTED_EDGE('',*,*,#502,.T.);
#139=ORIENTED_EDGE('',*,*,#503,.T.);
#140=ORIENTED_EDGE('',*,*,#504,.T.);
#141=ORIENTED_EDGE('',*,*,#505,.T.);
#142=ORIENTED_EDGE('',*,*,#506,.F.);
#143=ORIENTED_EDGE('',*,*,#507,.F.);
#144=ORIENTED_EDGE('',*,*,#508,.F.);
#145=ORIENTED_EDGE('',*,*,#444,.F.);
#146=ORIENTED_EDGE('',*,*,#509,.T.);
#147=ORIENTED_EDGE('',*,*,#495,.F.);
#148=ORIENTED_EDGE('',*,*,#510,.T.);
#149=ORIENTED_EDGE('',*,*,#511,.T.);
#150=ORIENTED_EDGE('',*,*,#512,.F.);
#151=ORIENTED_EDGE('',*,*,#513,.F.);
#152=ORIENTED_EDGE('',*,*,#514,.F.);
#153=ORIENTED_EDGE('',*,*,#501,.F.);
#154=ORIENTED_EDGE('',*,*,#515,.T.);
#155=ORIENTED_EDGE('',*,*,#516,.T.);
#156=ORIENTED_EDGE('',*,*,#517,.T.);
#157=ORIENTED_EDGE('',*,*,#462,.F.);
#158=ORIENTED_EDGE('',*,*,#518,.F.);
#159=ORIENTED_EDGE('',*,*,#519,.T.);
#160=ORIENTED_EDGE('',*,*,#520,.T.);
#161=ORIENTED_EDGE('',*,*,#521,.F.);
#162=ORIENTED_EDGE('',*,*,#522,.T.);
#163=ORIENTED_EDGE('',*,*,#523,.F.);
#164=ORIENTED_EDGE('',*,*,#524,.F.);
#165=ORIENTED_EDGE('',*,*,#525,.T.);
#166=ORIENTED_EDGE('',*,*,#484,.F.);
#167=ORIENTED_EDGE('',*,*,#526,.F.);
#168=ORIENTED_EDGE('',*,*,#494,.F.);
#169=ORIENTED_EDGE('',*,*,#527,.F.);
#170=ORIENTED_EDGE('',*,*,#528,.F.);
#171=ORIENTED_EDGE('',*,*,#529,.F.);
#172=ORIENTED_EDGE('',*,*,#467,.T.);
#173=ORIENTED_EDGE('',*,*,#530,.T.);
#174=ORIENTED_EDGE('',*,*,#448,.T.);
#175=ORIENTED_EDGE('',*,*,#531,.T.);
#176=ORIENTED_EDGE('',*,*,#532,.T.);
#177=ORIENTED_EDGE('',*,*,#533,.T.);
#178=ORIENTED_EDGE('',*,*,#534,.F.);
#179=ORIENTED_EDGE('',*,*,#535,.F.);
#180=ORIENTED_EDGE('',*,*,#506,.T.);
#181=ORIENTED_EDGE('',*,*,#536,.T.);
#182=ORIENTED_EDGE('',*,*,#487,.T.);
#183=ORIENTED_EDGE('',*,*,#537,.T.);
#184=ORIENTED_EDGE('',*,*,#538,.T.);
#185=ORIENTED_EDGE('',*,*,#539,.T.);
#186=ORIENTED_EDGE('',*,*,#523,.T.);
#187=ORIENTED_EDGE('',*,*,#540,.F.);
#188=ORIENTED_EDGE('',*,*,#541,.F.);
#189=ORIENTED_EDGE('',*,*,#542,.F.);
#190=ORIENTED_EDGE('',*,*,#512,.T.);
#191=ORIENTED_EDGE('',*,*,#543,.T.);
#192=ORIENTED_EDGE('',*,*,#472,.T.);
#193=ORIENTED_EDGE('',*,*,#544,.T.);
#194=ORIENTED_EDGE('',*,*,#518,.T.);
#195=ORIENTED_EDGE('',*,*,#461,.T.);
#196=ORIENTED_EDGE('',*,*,#545,.F.);
#197=ORIENTED_EDGE('',*,*,#546,.F.);
#198=ORIENTED_EDGE('',*,*,#483,.F.);
#199=ORIENTED_EDGE('',*,*,#547,.F.);
#200=ORIENTED_EDGE('',*,*,#548,.F.);
#201=ORIENTED_EDGE('',*,*,#549,.T.);
#202=ORIENTED_EDGE('',*,*,#457,.F.);
#203=ORIENTED_EDGE('',*,*,#476,.F.);
#204=ORIENTED_EDGE('',*,*,#482,.T.);
#205=ORIENTED_EDGE('',*,*,#550,.F.);
#206=ORIENTED_EDGE('',*,*,#551,.F.);
#207=ORIENTED_EDGE('',*,*,#547,.T.);
#208=ORIENTED_EDGE('',*,*,#481,.F.);
#209=ORIENTED_EDGE('',*,*,#552,.F.);
#210=ORIENTED_EDGE('',*,*,#553,.F.);
#211=ORIENTED_EDGE('',*,*,#550,.T.);
#212=ORIENTED_EDGE('',*,*,#480,.T.);
#213=ORIENTED_EDGE('',*,*,#554,.F.);
#214=ORIENTED_EDGE('',*,*,#555,.F.);
#215=ORIENTED_EDGE('',*,*,#552,.T.);
#216=ORIENTED_EDGE('',*,*,#479,.T.);
#217=ORIENTED_EDGE('',*,*,#493,.T.);
#218=ORIENTED_EDGE('',*,*,#556,.F.);
#219=ORIENTED_EDGE('',*,*,#557,.F.);
#220=ORIENTED_EDGE('',*,*,#554,.T.);
#221=ORIENTED_EDGE('',*,*,#460,.F.);
#222=ORIENTED_EDGE('',*,*,#558,.F.);
#223=ORIENTED_EDGE('',*,*,#559,.F.);
#224=ORIENTED_EDGE('',*,*,#545,.T.);
#225=ORIENTED_EDGE('',*,*,#459,.F.);
#226=ORIENTED_EDGE('',*,*,#560,.F.);
#227=ORIENTED_EDGE('',*,*,#561,.F.);
#228=ORIENTED_EDGE('',*,*,#558,.T.);
#229=ORIENTED_EDGE('',*,*,#458,.F.);
#230=ORIENTED_EDGE('',*,*,#549,.F.);
#231=ORIENTED_EDGE('',*,*,#562,.F.);
#232=ORIENTED_EDGE('',*,*,#560,.T.);
#233=ORIENTED_EDGE('',*,*,#562,.T.);
#234=ORIENTED_EDGE('',*,*,#548,.T.);
#235=ORIENTED_EDGE('',*,*,#551,.T.);
#236=ORIENTED_EDGE('',*,*,#553,.T.);
#237=ORIENTED_EDGE('',*,*,#555,.T.);
#238=ORIENTED_EDGE('',*,*,#557,.T.);
#239=ORIENTED_EDGE('',*,*,#563,.T.);
#240=ORIENTED_EDGE('',*,*,#546,.T.);
#241=ORIENTED_EDGE('',*,*,#559,.T.);
#242=ORIENTED_EDGE('',*,*,#561,.T.);
#243=ORIENTED_EDGE('',*,*,#443,.F.);
#244=ORIENTED_EDGE('',*,*,#564,.F.);
#245=ORIENTED_EDGE('',*,*,#565,.T.);
#246=ORIENTED_EDGE('',*,*,#566,.T.);
#247=ORIENTED_EDGE('',*,*,#496,.F.);
#248=ORIENTED_EDGE('',*,*,#509,.F.);
#249=ORIENTED_EDGE('',*,*,#497,.F.);
#250=ORIENTED_EDGE('',*,*,#566,.F.);
#251=ORIENTED_EDGE('',*,*,#567,.T.);
#252=ORIENTED_EDGE('',*,*,#568,.T.);
#253=ORIENTED_EDGE('',*,*,#498,.F.);
#254=ORIENTED_EDGE('',*,*,#568,.F.);
#255=ORIENTED_EDGE('',*,*,#569,.T.);
#256=ORIENTED_EDGE('',*,*,#570,.T.);
#257=ORIENTED_EDGE('',*,*,#499,.F.);
#258=ORIENTED_EDGE('',*,*,#570,.F.);
#259=ORIENTED_EDGE('',*,*,#571,.T.);
#260=ORIENTED_EDGE('',*,*,#572,.T.);
#261=ORIENTED_EDGE('',*,*,#440,.F.);
#262=ORIENTED_EDGE('',*,*,#573,.F.);
#263=ORIENTED_EDGE('',*,*,#574,.T.);
#264=ORIENTED_EDGE('',*,*,#575,.T.);
#265=ORIENTED_EDGE('',*,*,#441,.F.);
#266=ORIENTED_EDGE('',*,*,#575,.F.);
#267=ORIENTED_EDGE('',*,*,#576,.T.);
#268=ORIENTED_EDGE('',*,*,#577,.T.);
#269=ORIENTED_EDGE('',*,*,#442,.F.);
#270=ORIENTED_EDGE('',*,*,#577,.F.);
#271=ORIENTED_EDGE('',*,*,#578,.T.);
#272=ORIENTED_EDGE('',*,*,#564,.T.);
#273=ORIENTED_EDGE('',*,*,#579,.T.);
#274=ORIENTED_EDGE('',*,*,#580,.T.);
#275=ORIENTED_EDGE('',*,*,#573,.T.);
#276=ORIENTED_EDGE('',*,*,#439,.F.);
#277=ORIENTED_EDGE('',*,*,#454,.F.);
#278=ORIENTED_EDGE('',*,*,#500,.F.);
#279=ORIENTED_EDGE('',*,*,#572,.F.);
#280=ORIENTED_EDGE('',*,*,#581,.T.);
#281=ORIENTED_EDGE('',*,*,#582,.F.);
#282=ORIENTED_EDGE('',*,*,#515,.F.);
#283=ORIENTED_EDGE('',*,*,#578,.F.);
#284=ORIENTED_EDGE('',*,*,#576,.F.);
#285=ORIENTED_EDGE('',*,*,#574,.F.);
#286=ORIENTED_EDGE('',*,*,#580,.F.);
#287=ORIENTED_EDGE('',*,*,#583,.F.);
#288=ORIENTED_EDGE('',*,*,#581,.F.);
#289=ORIENTED_EDGE('',*,*,#571,.F.);
#290=ORIENTED_EDGE('',*,*,#569,.F.);
#291=ORIENTED_EDGE('',*,*,#567,.F.);
#292=ORIENTED_EDGE('',*,*,#565,.F.);
#293=ORIENTED_EDGE('',*,*,#582,.T.);
#294=ORIENTED_EDGE('',*,*,#584,.T.);
#295=ORIENTED_EDGE('',*,*,#556,.T.);
#296=ORIENTED_EDGE('',*,*,#492,.F.);
#297=ORIENTED_EDGE('',*,*,#585,.F.);
#298=ORIENTED_EDGE('',*,*,#516,.F.);
#299=ORIENTED_EDGE('',*,*,#477,.F.);
#300=ORIENTED_EDGE('',*,*,#586,.T.);
#301=ORIENTED_EDGE('',*,*,#502,.F.);
#302=ORIENTED_EDGE('',*,*,#517,.F.);
#303=ORIENTED_EDGE('',*,*,#585,.T.);
#304=ORIENTED_EDGE('',*,*,#491,.F.);
#305=ORIENTED_EDGE('',*,*,#503,.F.);
#306=ORIENTED_EDGE('',*,*,#586,.F.);
#307=ORIENTED_EDGE('',*,*,#490,.F.);
#308=ORIENTED_EDGE('',*,*,#587,.F.);
#309=ORIENTED_EDGE('',*,*,#504,.F.);
#310=ORIENTED_EDGE('',*,*,#587,.T.);
#311=ORIENTED_EDGE('',*,*,#489,.T.);
#312=ORIENTED_EDGE('',*,*,#588,.T.);
#313=ORIENTED_EDGE('',*,*,#505,.F.);
#314=ORIENTED_EDGE('',*,*,#588,.F.);
#315=ORIENTED_EDGE('',*,*,#488,.F.);
#316=ORIENTED_EDGE('',*,*,#536,.F.);
#317=ORIENTED_EDGE('',*,*,#466,.F.);
#318=ORIENTED_EDGE('',*,*,#589,.F.);
#319=ORIENTED_EDGE('',*,*,#449,.F.);
#320=ORIENTED_EDGE('',*,*,#530,.F.);
#321=ORIENTED_EDGE('',*,*,#450,.T.);
#322=ORIENTED_EDGE('',*,*,#589,.T.);
#323=ORIENTED_EDGE('',*,*,#465,.F.);
#324=ORIENTED_EDGE('',*,*,#590,.T.);
#325=ORIENTED_EDGE('',*,*,#464,.F.);
#326=ORIENTED_EDGE('',*,*,#591,.F.);
#327=ORIENTED_EDGE('',*,*,#451,.F.);
#328=ORIENTED_EDGE('',*,*,#590,.F.);
#329=ORIENTED_EDGE('',*,*,#437,.F.);
#330=ORIENTED_EDGE('',*,*,#591,.T.);
#331=ORIENTED_EDGE('',*,*,#463,.F.);
#332=ORIENTED_EDGE('',*,*,#520,.F.);
#333=ORIENTED_EDGE('',*,*,#592,.F.);
#334=ORIENTED_EDGE('',*,*,#452,.F.);
#335=ORIENTED_EDGE('',*,*,#592,.T.);
#336=ORIENTED_EDGE('',*,*,#519,.F.);
#337=ORIENTED_EDGE('',*,*,#544,.F.);
#338=ORIENTED_EDGE('',*,*,#593,.F.);
#339=ORIENTED_EDGE('',*,*,#579,.F.);
#340=ORIENTED_EDGE('',*,*,#453,.F.);
#341=ORIENTED_EDGE('',*,*,#563,.F.);
#342=ORIENTED_EDGE('',*,*,#584,.F.);
#343=ORIENTED_EDGE('',*,*,#583,.T.);
#344=ORIENTED_EDGE('',*,*,#593,.T.);
#345=ORIENTED_EDGE('',*,*,#526,.T.);
#346=ORIENTED_EDGE('',*,*,#474,.F.);
#347=ORIENTED_EDGE('',*,*,#594,.F.);
#348=ORIENTED_EDGE('',*,*,#510,.F.);
#349=ORIENTED_EDGE('',*,*,#594,.T.);
#350=ORIENTED_EDGE('',*,*,#473,.F.);
#351=ORIENTED_EDGE('',*,*,#543,.F.);
#352=ORIENTED_EDGE('',*,*,#511,.F.);
#353=ORIENTED_EDGE('',*,*,#514,.T.);
#354=ORIENTED_EDGE('',*,*,#595,.T.);
#355=ORIENTED_EDGE('',*,*,#470,.T.);
#356=ORIENTED_EDGE('',*,*,#596,.F.);
#357=ORIENTED_EDGE('',*,*,#597,.F.);
#358=ORIENTED_EDGE('',*,*,#598,.T.);
#359=ORIENTED_EDGE('',*,*,#534,.T.);
#360=ORIENTED_EDGE('',*,*,#599,.F.);
#361=ORIENTED_EDGE('',*,*,#600,.T.);
#362=ORIENTED_EDGE('',*,*,#445,.F.);
#363=ORIENTED_EDGE('',*,*,#596,.T.);
#364=ORIENTED_EDGE('',*,*,#455,.F.);
#365=ORIENTED_EDGE('',*,*,#513,.T.);
#366=ORIENTED_EDGE('',*,*,#542,.T.);
#367=ORIENTED_EDGE('',*,*,#471,.T.);
#368=ORIENTED_EDGE('',*,*,#595,.F.);
#369=ORIENTED_EDGE('',*,*,#485,.F.);
#370=ORIENTED_EDGE('',*,*,#525,.F.);
#371=ORIENTED_EDGE('',*,*,#601,.F.);
#372=ORIENTED_EDGE('',*,*,#602,.F.);
#373=ORIENTED_EDGE('',*,*,#603,.F.);
#374=ORIENTED_EDGE('',*,*,#537,.F.);
#375=ORIENTED_EDGE('',*,*,#486,.F.);
#376=ORIENTED_EDGE('',*,*,#603,.T.);
#377=ORIENTED_EDGE('',*,*,#604,.T.);
#378=ORIENTED_EDGE('',*,*,#538,.F.);
#379=ORIENTED_EDGE('',*,*,#604,.F.);
#380=ORIENTED_EDGE('',*,*,#602,.T.);
#381=ORIENTED_EDGE('',*,*,#605,.T.);
#382=ORIENTED_EDGE('',*,*,#539,.F.);
#383=ORIENTED_EDGE('',*,*,#605,.F.);
#384=ORIENTED_EDGE('',*,*,#601,.T.);
#385=ORIENTED_EDGE('',*,*,#524,.T.);
#386=ORIENTED_EDGE('',*,*,#606,.T.);
#387=ORIENTED_EDGE('',*,*,#607,.T.);
#388=ORIENTED_EDGE('',*,*,#608,.T.);
#389=ORIENTED_EDGE('',*,*,#521,.T.);
#390=ORIENTED_EDGE('',*,*,#508,.T.);
#391=ORIENTED_EDGE('',*,*,#535,.T.);
#392=ORIENTED_EDGE('',*,*,#609,.F.);
#393=ORIENTED_EDGE('',*,*,#606,.F.);
#394=ORIENTED_EDGE('',*,*,#507,.T.);
#395=ORIENTED_EDGE('',*,*,#541,.T.);
#396=ORIENTED_EDGE('',*,*,#610,.F.);
#397=ORIENTED_EDGE('',*,*,#607,.F.);
#398=ORIENTED_EDGE('',*,*,#609,.T.);
#399=ORIENTED_EDGE('',*,*,#540,.T.);
#400=ORIENTED_EDGE('',*,*,#522,.F.);
#401=ORIENTED_EDGE('',*,*,#608,.F.);
#402=ORIENTED_EDGE('',*,*,#610,.T.);
#403=ORIENTED_EDGE('',*,*,#611,.F.);
#404=ORIENTED_EDGE('',*,*,#612,.F.);
#405=ORIENTED_EDGE('',*,*,#446,.F.);
#406=ORIENTED_EDGE('',*,*,#600,.F.);
#407=ORIENTED_EDGE('',*,*,#613,.F.);
#408=ORIENTED_EDGE('',*,*,#532,.F.);
#409=ORIENTED_EDGE('',*,*,#614,.F.);
#410=ORIENTED_EDGE('',*,*,#611,.T.);
#411=ORIENTED_EDGE('',*,*,#615,.T.);
#412=ORIENTED_EDGE('',*,*,#533,.F.);
#413=ORIENTED_EDGE('',*,*,#615,.F.);
#414=ORIENTED_EDGE('',*,*,#613,.T.);
#415=ORIENTED_EDGE('',*,*,#599,.T.);
#416=ORIENTED_EDGE('',*,*,#531,.F.);
#417=ORIENTED_EDGE('',*,*,#447,.F.);
#418=ORIENTED_EDGE('',*,*,#612,.T.);
#419=ORIENTED_EDGE('',*,*,#614,.T.);
#420=ORIENTED_EDGE('',*,*,#616,.T.);
#421=ORIENTED_EDGE('',*,*,#617,.T.);
#422=ORIENTED_EDGE('',*,*,#597,.T.);
#423=ORIENTED_EDGE('',*,*,#469,.T.);
#424=ORIENTED_EDGE('',*,*,#618,.T.);
#425=ORIENTED_EDGE('',*,*,#527,.T.);
#426=ORIENTED_EDGE('',*,*,#598,.F.);
#427=ORIENTED_EDGE('',*,*,#617,.F.);
#428=ORIENTED_EDGE('',*,*,#619,.T.);
#429=ORIENTED_EDGE('',*,*,#529,.T.);
#430=ORIENTED_EDGE('',*,*,#620,.F.);
#431=ORIENTED_EDGE('',*,*,#618,.F.);
#432=ORIENTED_EDGE('',*,*,#468,.T.);
#433=ORIENTED_EDGE('',*,*,#528,.T.);
#434=ORIENTED_EDGE('',*,*,#619,.F.);
#435=ORIENTED_EDGE('',*,*,#616,.F.);
#436=ORIENTED_EDGE('',*,*,#620,.T.);
#437=EDGE_CURVE('',#621,#622,#741,.T.);
#438=EDGE_CURVE('',#622,#623,#742,.T.);
#439=EDGE_CURVE('',#623,#624,#743,.T.);
#440=EDGE_CURVE('',#624,#625,#37,.T.);
#441=EDGE_CURVE('',#625,#626,#744,.T.);
#442=EDGE_CURVE('',#626,#627,#38,.T.);
#443=EDGE_CURVE('',#627,#628,#745,.T.);
#444=EDGE_CURVE('',#628,#629,#746,.T.);
#445=EDGE_CURVE('',#629,#630,#747,.F.);
#446=EDGE_CURVE('',#630,#631,#748,.T.);
#447=EDGE_CURVE('',#631,#632,#749,.T.);
#448=EDGE_CURVE('',#633,#632,#750,.T.);
#449=EDGE_CURVE('',#633,#634,#39,.T.);
#450=EDGE_CURVE('',#635,#634,#751,.T.);
#451=EDGE_CURVE('',#635,#621,#40,.T.);
#452=EDGE_CURVE('',#622,#636,#752,.T.);
#453=EDGE_CURVE('',#636,#637,#753,.T.);
#454=EDGE_CURVE('',#637,#623,#754,.T.);
#455=EDGE_CURVE('',#638,#639,#755,.F.);
#456=EDGE_CURVE('',#639,#640,#756,.T.);
#457=EDGE_CURVE('',#640,#641,#757,.T.);
#458=EDGE_CURVE('',#641,#642,#41,.F.);
#459=EDGE_CURVE('',#642,#643,#758,.T.);
#460=EDGE_CURVE('',#643,#644,#42,.F.);
#461=EDGE_CURVE('',#645,#644,#759,.T.);
#462=EDGE_CURVE('',#645,#646,#760,.T.);
#463=EDGE_CURVE('',#646,#647,#761,.T.);
#464=EDGE_CURVE('',#647,#648,#43,.T.);
#465=EDGE_CURVE('',#648,#649,#762,.T.);
#466=EDGE_CURVE('',#649,#650,#44,.T.);
#467=EDGE_CURVE('',#651,#650,#763,.T.);
#468=EDGE_CURVE('',#652,#651,#764,.T.);
#469=EDGE_CURVE('',#638,#652,#765,.T.);
#470=EDGE_CURVE('',#653,#639,#766,.T.);
#471=EDGE_CURVE('',#654,#653,#767,.T.);
#472=EDGE_CURVE('',#655,#654,#768,.T.);
#473=EDGE_CURVE('',#655,#656,#769,.T.);
#474=EDGE_CURVE('',#656,#657,#770,.T.);
#475=EDGE_CURVE('',#658,#657,#771,.T.);
#476=EDGE_CURVE('',#658,#640,#772,.T.);
#477=EDGE_CURVE('',#659,#660,#773,.T.);
#478=EDGE_CURVE('',#660,#661,#774,.T.);
#479=EDGE_CURVE('',#662,#661,#775,.T.);
#480=EDGE_CURVE('',#663,#662,#45,.T.);
#481=EDGE_CURVE('',#663,#664,#776,.T.);
#482=EDGE_CURVE('',#665,#664,#46,.T.);
#483=EDGE_CURVE('',#665,#658,#777,.T.);
#484=EDGE_CURVE('',#657,#666,#778,.T.);
#485=EDGE_CURVE('',#666,#667,#779,.T.);
#486=EDGE_CURVE('',#667,#668,#780,.T.);
#487=EDGE_CURVE('',#669,#668,#781,.T.);
#488=EDGE_CURVE('',#669,#670,#47,.T.);
#489=EDGE_CURVE('',#671,#670,#782,.T.);
#490=EDGE_CURVE('',#671,#659,#48,.T.);
#491=EDGE_CURVE('',#660,#672,#783,.T.);
#492=EDGE_CURVE('',#672,#673,#784,.T.);
#493=EDGE_CURVE('',#661,#673,#785,.T.);
#494=EDGE_CURVE('',#674,#675,#786,.T.);
#495=EDGE_CURVE('',#675,#676,#787,.T.);
#496=EDGE_CURVE('',#676,#677,#788,.T.);
#497=EDGE_CURVE('',#677,#678,#49,.T.);
#498=EDGE_CURVE('',#678,#679,#789,.T.);
#499=EDGE_CURVE('',#679,#680,#50,.T.);
#500=EDGE_CURVE('',#680,#681,#790,.T.);
#501=EDGE_CURVE('',#681,#682,#791,.T.);
#502=EDGE_CURVE('',#682,#683,#792,.T.);
#503=EDGE_CURVE('',#683,#684,#51,.T.);
#504=EDGE_CURVE('',#684,#685,#793,.T.);
#505=EDGE_CURVE('',#685,#686,#52,.T.);
#506=EDGE_CURVE('',#687,#686,#794,.T.);
#507=EDGE_CURVE('',#688,#687,#795,.T.);
#508=EDGE_CURVE('',#674,#688,#796,.T.);
#509=EDGE_CURVE('',#628,#676,#797,.T.);
#510=EDGE_CURVE('',#675,#689,#798,.T.);
#511=EDGE_CURVE('',#689,#690,#799,.T.);
#512=EDGE_CURVE('',#691,#690,#800,.T.);
#513=EDGE_CURVE('',#692,#691,#801,.T.);
#514=EDGE_CURVE('',#629,#692,#802,.T.);
#515=EDGE_CURVE('',#681,#693,#803,.T.);
#516=EDGE_CURVE('',#693,#694,#804,.T.);
#517=EDGE_CURVE('',#694,#682,#805,.T.);
#518=EDGE_CURVE('',#695,#645,#806,.T.);
#519=EDGE_CURVE('',#695,#696,#807,.T.);
#520=EDGE_CURVE('',#696,#646,#808,.T.);
#521=EDGE_CURVE('',#697,#674,#809,.T.);
#522=EDGE_CURVE('',#697,#698,#810,.T.);
#523=EDGE_CURVE('',#699,#698,#811,.T.);
#524=EDGE_CURVE('',#700,#699,#812,.T.);
#525=EDGE_CURVE('',#700,#666,#813,.T.);
#526=EDGE_CURVE('',#675,#657,#814,.T.);
#527=EDGE_CURVE('',#701,#702,#815,.T.);
#528=EDGE_CURVE('',#703,#701,#53,.T.);
#529=EDGE_CURVE('',#651,#703,#816,.T.);
#530=EDGE_CURVE('',#650,#633,#817,.T.);
#531=EDGE_CURVE('',#632,#704,#818,.T.);
#532=EDGE_CURVE('',#704,#705,#54,.T.);
#533=EDGE_CURVE('',#705,#706,#819,.T.);
#534=EDGE_CURVE('',#702,#706,#820,.T.);
#535=EDGE_CURVE('',#687,#707,#821,.T.);
#536=EDGE_CURVE('',#686,#669,#822,.T.);
#537=EDGE_CURVE('',#668,#708,#823,.T.);
#538=EDGE_CURVE('',#708,#709,#55,.T.);
#539=EDGE_CURVE('',#709,#699,#824,.T.);
#540=EDGE_CURVE('',#710,#698,#825,.T.);
#541=EDGE_CURVE('',#707,#710,#56,.T.);
#542=EDGE_CURVE('',#691,#654,#826,.T.);
#543=EDGE_CURVE('',#690,#655,#827,.T.);
#544=EDGE_CURVE('',#711,#695,#828,.T.);
#545=EDGE_CURVE('',#712,#644,#829,.T.);
#546=EDGE_CURVE('',#711,#712,#830,.T.);
#547=EDGE_CURVE('',#713,#665,#831,.T.);
#548=EDGE_CURVE('',#714,#713,#832,.T.);
#549=EDGE_CURVE('',#714,#641,#833,.T.);
#550=EDGE_CURVE('',#715,#664,#834,.T.);
#551=EDGE_CURVE('',#713,#715,#57,.T.);
#552=EDGE_CURVE('',#716,#663,#835,.T.);
#553=EDGE_CURVE('',#715,#716,#836,.T.);
#554=EDGE_CURVE('',#717,#662,#837,.T.);
#555=EDGE_CURVE('',#716,#717,#58,.T.);
#556=EDGE_CURVE('',#718,#673,#838,.T.);
#557=EDGE_CURVE('',#717,#718,#839,.T.);
#558=EDGE_CURVE('',#719,#643,#840,.T.);
#559=EDGE_CURVE('',#712,#719,#59,.T.);
#560=EDGE_CURVE('',#720,#642,#841,.T.);
#561=EDGE_CURVE('',#719,#720,#842,.T.);
#562=EDGE_CURVE('',#720,#714,#60,.T.);
#563=EDGE_CURVE('',#718,#711,#843,.T.);
#564=EDGE_CURVE('',#721,#627,#844,.T.);
#565=EDGE_CURVE('',#721,#722,#845,.T.);
#566=EDGE_CURVE('',#722,#677,#846,.T.);
#567=EDGE_CURVE('',#722,#723,#61,.T.);
#568=EDGE_CURVE('',#723,#678,#847,.T.);
#569=EDGE_CURVE('',#723,#724,#848,.T.);
#570=EDGE_CURVE('',#724,#679,#849,.T.);
#571=EDGE_CURVE('',#724,#725,#62,.T.);
#572=EDGE_CURVE('',#725,#680,#850,.T.);
#573=EDGE_CURVE('',#726,#624,#851,.T.);
#574=EDGE_CURVE('',#726,#727,#63,.T.);
#575=EDGE_CURVE('',#727,#625,#852,.T.);
#576=EDGE_CURVE('',#727,#728,#853,.T.);
#577=EDGE_CURVE('',#728,#626,#854,.T.);
#578=EDGE_CURVE('',#728,#721,#64,.T.);
#579=EDGE_CURVE('',#637,#729,#855,.T.);
#580=EDGE_CURVE('',#729,#726,#856,.T.);
#581=EDGE_CURVE('',#725,#730,#857,.T.);
#582=EDGE_CURVE('',#693,#730,#858,.T.);
#583=EDGE_CURVE('',#730,#729,#859,.T.);
#584=EDGE_CURVE('',#730,#718,#860,.T.);
#585=EDGE_CURVE('',#694,#672,#861,.T.);
#586=EDGE_CURVE('',#659,#683,#862,.F.);
#587=EDGE_CURVE('',#684,#671,#863,.T.);
#588=EDGE_CURVE('',#670,#685,#864,.F.);
#589=EDGE_CURVE('',#634,#649,#865,.F.);
#590=EDGE_CURVE('',#648,#635,#866,.T.);
#591=EDGE_CURVE('',#621,#647,#867,.F.);
#592=EDGE_CURVE('',#636,#696,#868,.T.);
#593=EDGE_CURVE('',#729,#711,#869,.T.);
#594=EDGE_CURVE('',#689,#656,#870,.T.);
#595=EDGE_CURVE('',#692,#653,#871,.T.);
#596=EDGE_CURVE('',#629,#639,#872,.T.);
#597=EDGE_CURVE('',#731,#638,#873,.T.);
#598=EDGE_CURVE('',#731,#702,#874,.T.);
#599=EDGE_CURVE('',#732,#706,#875,.T.);
#600=EDGE_CURVE('',#732,#630,#876,.T.);
#601=EDGE_CURVE('',#733,#700,#877,.T.);
#602=EDGE_CURVE('',#734,#733,#65,.T.);
#603=EDGE_CURVE('',#667,#734,#878,.T.);
#604=EDGE_CURVE('',#734,#708,#879,.T.);
#605=EDGE_CURVE('',#733,#709,#880,.T.);
#606=EDGE_CURVE('',#688,#735,#881,.T.);
#607=EDGE_CURVE('',#735,#736,#66,.T.);
#608=EDGE_CURVE('',#736,#697,#882,.T.);
#609=EDGE_CURVE('',#735,#707,#883,.T.);
#610=EDGE_CURVE('',#736,#710,#884,.T.);
#611=EDGE_CURVE('',#737,#738,#67,.T.);
#612=EDGE_CURVE('',#631,#737,#885,.T.);
#613=EDGE_CURVE('',#738,#732,#886,.T.);
#614=EDGE_CURVE('',#737,#704,#887,.T.);
#615=EDGE_CURVE('',#738,#705,#888,.T.);
#616=EDGE_CURVE('',#739,#740,#68,.T.);
#617=EDGE_CURVE('',#740,#731,#889,.T.);
#618=EDGE_CURVE('',#652,#739,#890,.T.);
#619=EDGE_CURVE('',#740,#701,#891,.T.);
#620=EDGE_CURVE('',#739,#703,#892,.T.);
#621=VERTEX_POINT('',#2213);
#622=VERTEX_POINT('',#2214);
#623=VERTEX_POINT('',#2216);
#624=VERTEX_POINT('',#2218);
#625=VERTEX_POINT('',#2220);
#626=VERTEX_POINT('',#2222);
#627=VERTEX_POINT('',#2224);
#628=VERTEX_POINT('',#2226);
#629=VERTEX_POINT('',#2228);
#630=VERTEX_POINT('',#2230);
#631=VERTEX_POINT('',#2232);
#632=VERTEX_POINT('',#2234);
#633=VERTEX_POINT('',#2236);
#634=VERTEX_POINT('',#2238);
#635=VERTEX_POINT('',#2240);
#636=VERTEX_POINT('',#2244);
#637=VERTEX_POINT('',#2246);
#638=VERTEX_POINT('',#2250);
#639=VERTEX_POINT('',#2251);
#640=VERTEX_POINT('',#2253);
#641=VERTEX_POINT('',#2255);
#642=VERTEX_POINT('',#2257);
#643=VERTEX_POINT('',#2259);
#644=VERTEX_POINT('',#2261);
#645=VERTEX_POINT('',#2263);
#646=VERTEX_POINT('',#2265);
#647=VERTEX_POINT('',#2267);
#648=VERTEX_POINT('',#2269);
#649=VERTEX_POINT('',#2271);
#650=VERTEX_POINT('',#2273);
#651=VERTEX_POINT('',#2275);
#652=VERTEX_POINT('',#2277);
#653=VERTEX_POINT('',#2281);
#654=VERTEX_POINT('',#2283);
#655=VERTEX_POINT('',#2285);
#656=VERTEX_POINT('',#2287);
#657=VERTEX_POINT('',#2289);
#658=VERTEX_POINT('',#2291);
#659=VERTEX_POINT('',#2295);
#660=VERTEX_POINT('',#2296);
#661=VERTEX_POINT('',#2298);
#662=VERTEX_POINT('',#2300);
#663=VERTEX_POINT('',#2302);
#664=VERTEX_POINT('',#2304);
#665=VERTEX_POINT('',#2306);
#666=VERTEX_POINT('',#2309);
#667=VERTEX_POINT('',#2311);
#668=VERTEX_POINT('',#2313);
#669=VERTEX_POINT('',#2315);
#670=VERTEX_POINT('',#2317);
#671=VERTEX_POINT('',#2319);
#672=VERTEX_POINT('',#2323);
#673=VERTEX_POINT('',#2325);
#674=VERTEX_POINT('',#2329);
#675=VERTEX_POINT('',#2330);
#676=VERTEX_POINT('',#2332);
#677=VERTEX_POINT('',#2334);
#678=VERTEX_POINT('',#2336);
#679=VERTEX_POINT('',#2338);
#680=VERTEX_POINT('',#2340);
#681=VERTEX_POINT('',#2342);
#682=VERTEX_POINT('',#2344);
#683=VERTEX_POINT('',#2346);
#684=VERTEX_POINT('',#2348);
#685=VERTEX_POINT('',#2350);
#686=VERTEX_POINT('',#2352);
#687=VERTEX_POINT('',#2354);
#688=VERTEX_POINT('',#2356);
#689=VERTEX_POINT('',#2361);
#690=VERTEX_POINT('',#2363);
#691=VERTEX_POINT('',#2365);
#692=VERTEX_POINT('',#2367);
#693=VERTEX_POINT('',#2371);
#694=VERTEX_POINT('',#2373);
#695=VERTEX_POINT('',#2377);
#696=VERTEX_POINT('',#2379);
#697=VERTEX_POINT('',#2383);
#698=VERTEX_POINT('',#2385);
#699=VERTEX_POINT('',#2387);
#700=VERTEX_POINT('',#2389);
#701=VERTEX_POINT('',#2394);
#702=VERTEX_POINT('',#2395);
#703=VERTEX_POINT('',#2397);
#704=VERTEX_POINT('',#2401);
#705=VERTEX_POINT('',#2403);
#706=VERTEX_POINT('',#2405);
#707=VERTEX_POINT('',#2409);
#708=VERTEX_POINT('',#2412);
#709=VERTEX_POINT('',#2414);
#710=VERTEX_POINT('',#2417);
#711=VERTEX_POINT('',#2424);
#712=VERTEX_POINT('',#2426);
#713=VERTEX_POINT('',#2430);
#714=VERTEX_POINT('',#2432);
#715=VERTEX_POINT('',#2436);
#716=VERTEX_POINT('',#2440);
#717=VERTEX_POINT('',#2444);
#718=VERTEX_POINT('',#2448);
#719=VERTEX_POINT('',#2452);
#720=VERTEX_POINT('',#2456);
#721=VERTEX_POINT('',#2464);
#722=VERTEX_POINT('',#2466);
#723=VERTEX_POINT('',#2470);
#724=VERTEX_POINT('',#2474);
#725=VERTEX_POINT('',#2478);
#726=VERTEX_POINT('',#2482);
#727=VERTEX_POINT('',#2484);
#728=VERTEX_POINT('',#2488);
#729=VERTEX_POINT('',#2494);
#730=VERTEX_POINT('',#2498);
#731=VERTEX_POINT('',#2531);
#732=VERTEX_POINT('',#2534);
#733=VERTEX_POINT('',#2539);
#734=VERTEX_POINT('',#2541);
#735=VERTEX_POINT('',#2550);
#736=VERTEX_POINT('',#2552);
#737=VERTEX_POINT('',#2561);
#738=VERTEX_POINT('',#2562);
#739=VERTEX_POINT('',#2572);
#740=VERTEX_POINT('',#2573);
#741=LINE('',#2212,#893);
#742=LINE('',#2215,#894);
#743=LINE('',#2217,#895);
#744=LINE('',#2221,#896);
#745=LINE('',#2225,#897);
#746=LINE('',#2227,#898);
#747=LINE('',#2229,#899);
#748=LINE('',#2231,#900);
#749=LINE('',#2233,#901);
#750=LINE('',#2235,#902);
#751=LINE('',#2239,#903);
#752=LINE('',#2243,#904);
#753=LINE('',#2245,#905);
#754=LINE('',#2247,#906);
#755=LINE('',#2249,#907);
#756=LINE('',#2252,#908);
#757=LINE('',#2254,#909);
#758=LINE('',#2258,#910);
#759=LINE('',#2262,#911);
#760=LINE('',#2264,#912);
#761=LINE('',#2266,#913);
#762=LINE('',#2270,#914);
#763=LINE('',#2274,#915);
#764=LINE('',#2276,#916);
#765=LINE('',#2278,#917);
#766=LINE('',#2280,#918);
#767=LINE('',#2282,#919);
#768=LINE('',#2284,#920);
#769=LINE('',#2286,#921);
#770=LINE('',#2288,#922);
#771=LINE('',#2290,#923);
#772=LINE('',#2292,#924);
#773=LINE('',#2294,#925);
#774=LINE('',#2297,#926);
#775=LINE('',#2299,#927);
#776=LINE('',#2303,#928);
#777=LINE('',#2307,#929);
#778=LINE('',#2308,#930);
#779=LINE('',#2310,#931);
#780=LINE('',#2312,#932);
#781=LINE('',#2314,#933);
#782=LINE('',#2318,#934);
#783=LINE('',#2322,#935);
#784=LINE('',#2324,#936);
#785=LINE('',#2326,#937);
#786=LINE('',#2328,#938);
#787=LINE('',#2331,#939);
#788=LINE('',#2333,#940);
#789=LINE('',#2337,#941);
#790=LINE('',#2341,#942);
#791=LINE('',#2343,#943);
#792=LINE('',#2345,#944);
#793=LINE('',#2349,#945);
#794=LINE('',#2353,#946);
#795=LINE('',#2355,#947);
#796=LINE('',#2357,#948);
#797=LINE('',#2359,#949);
#798=LINE('',#2360,#950);
#799=LINE('',#2362,#951);
#800=LINE('',#2364,#952);
#801=LINE('',#2366,#953);
#802=LINE('',#2368,#954);
#803=LINE('',#2370,#955);
#804=LINE('',#2372,#956);
#805=LINE('',#2374,#957);
#806=LINE('',#2376,#958);
#807=LINE('',#2378,#959);
#808=LINE('',#2380,#960);
#809=LINE('',#2382,#961);
#810=LINE('',#2384,#962);
#811=LINE('',#2386,#963);
#812=LINE('',#2388,#964);
#813=LINE('',#2390,#965);
#814=LINE('',#2391,#966);
#815=LINE('',#2393,#967);
#816=LINE('',#2398,#968);
#817=LINE('',#2399,#969);
#818=LINE('',#2400,#970);
#819=LINE('',#2404,#971);
#820=LINE('',#2406,#972);
#821=LINE('',#2408,#973);
#822=LINE('',#2410,#974);
#823=LINE('',#2411,#975);
#824=LINE('',#2415,#976);
#825=LINE('',#2416,#977);
#826=LINE('',#2420,#978);
#827=LINE('',#2421,#979);
#828=LINE('',#2423,#980);
#829=LINE('',#2425,#981);
#830=LINE('',#2427,#982);
#831=LINE('',#2429,#983);
#832=LINE('',#2431,#984);
#833=LINE('',#2433,#985);
#834=LINE('',#2435,#986);
#835=LINE('',#2439,#987);
#836=LINE('',#2441,#988);
#837=LINE('',#2443,#989);
#838=LINE('',#2447,#990);
#839=LINE('',#2449,#991);
#840=LINE('',#2451,#992);
#841=LINE('',#2455,#993);
#842=LINE('',#2457,#994);
#843=LINE('',#2461,#995);
#844=LINE('',#2463,#996);
#845=LINE('',#2465,#997);
#846=LINE('',#2467,#998);
#847=LINE('',#2471,#999);
#848=LINE('',#2473,#1000);
#849=LINE('',#2475,#1001);
#850=LINE('',#2479,#1002);
#851=LINE('',#2481,#1003);
#852=LINE('',#2485,#1004);
#853=LINE('',#2487,#1005);
#854=LINE('',#2489,#1006);
#855=LINE('',#2493,#1007);
#856=LINE('',#2495,#1008);
#857=LINE('',#2497,#1009);
#858=LINE('',#2499,#1010);
#859=LINE('',#2501,#1011);
#860=LINE('',#2503,#1012);
#861=LINE('',#2504,#1013);
#862=LINE('',#2506,#1014);
#863=LINE('',#2508,#1015);
#864=LINE('',#2510,#1016);
#865=LINE('',#2513,#1017);
#866=LINE('',#2515,#1018);
#867=LINE('',#2517,#1019);
#868=LINE('',#2519,#1020);
#869=LINE('',#2521,#1021);
#870=LINE('',#2524,#1022);
#871=LINE('',#2527,#1023);
#872=LINE('',#2528,#1024);
#873=LINE('',#2530,#1025);
#874=LINE('',#2532,#1026);
#875=LINE('',#2533,#1027);
#876=LINE('',#2535,#1028);
#877=LINE('',#2538,#1029);
#878=LINE('',#2542,#1030);
#879=LINE('',#2544,#1031);
#880=LINE('',#2546,#1032);
#881=LINE('',#2549,#1033);
#882=LINE('',#2553,#1034);
#883=LINE('',#2555,#1035);
#884=LINE('',#2557,#1036);
#885=LINE('',#2563,#1037);
#886=LINE('',#2564,#1038);
#887=LINE('',#2566,#1039);
#888=LINE('',#2567,#1040);
#889=LINE('',#2574,#1041);
#890=LINE('',#2575,#1042);
#891=LINE('',#2577,#1043);
#892=LINE('',#2579,#1044);
#893=VECTOR('',#1864,1000.);
#894=VECTOR('',#1865,1000.);
#895=VECTOR('',#1866,1000.);
#896=VECTOR('',#1869,1000.);
#897=VECTOR('',#1872,1000.);
#898=VECTOR('',#1873,1000.);
#899=VECTOR('',#1874,1000.);
#900=VECTOR('',#1875,1000.);
#901=VECTOR('',#1876,1000.);
#902=VECTOR('',#1877,1000.);
#903=VECTOR('',#1880,1000.);
#904=VECTOR('',#1885,1000.);
#905=VECTOR('',#1886,1000.);
#906=VECTOR('',#1887,1000.);
#907=VECTOR('',#1890,1000.);
#908=VECTOR('',#1891,1000.);
#909=VECTOR('',#1892,1000.);
#910=VECTOR('',#1895,1000.);
#911=VECTOR('',#1898,1000.);
#912=VECTOR('',#1899,1000.);
#913=VECTOR('',#1900,1000.);
#914=VECTOR('',#1903,1000.);
#915=VECTOR('',#1906,1000.);
#916=VECTOR('',#1907,1000.);
#917=VECTOR('',#1908,1000.);
#918=VECTOR('',#1911,1000.);
#919=VECTOR('',#1912,1000.);
#920=VECTOR('',#1913,1000.);
#921=VECTOR('',#1914,1000.);
#922=VECTOR('',#1915,1000.);
#923=VECTOR('',#1916,1000.);
#924=VECTOR('',#1917,1000.);
#925=VECTOR('',#1920,1000.);
#926=VECTOR('',#1921,1000.);
#927=VECTOR('',#1922,1000.);
#928=VECTOR('',#1925,1000.);
#929=VECTOR('',#1928,1000.);
#930=VECTOR('',#1929,1000.);
#931=VECTOR('',#1930,1000.);
#932=VECTOR('',#1931,1000.);
#933=VECTOR('',#1932,1000.);
#934=VECTOR('',#1935,1000.);
#935=VECTOR('',#1940,1000.);
#936=VECTOR('',#1941,1000.);
#937=VECTOR('',#1942,1000.);
#938=VECTOR('',#1945,1000.);
#939=VECTOR('',#1946,1000.);
#940=VECTOR('',#1947,1000.);
#941=VECTOR('',#1950,1000.);
#942=VECTOR('',#1953,1000.);
#943=VECTOR('',#1954,1000.);
#944=VECTOR('',#1955,1000.);
#945=VECTOR('',#1958,1000.);
#946=VECTOR('',#1961,1000.);
#947=VECTOR('',#1962,1000.);
#948=VECTOR('',#1963,1000.);
#949=VECTOR('',#1966,1000.);
#950=VECTOR('',#1967,1000.);
#951=VECTOR('',#1968,1000.);
#952=VECTOR('',#1969,1000.);
#953=VECTOR('',#1970,1000.);
#954=VECTOR('',#1971,1000.);
#955=VECTOR('',#1974,1000.);
#956=VECTOR('',#1975,1000.);
#957=VECTOR('',#1976,1000.);
#958=VECTOR('',#1979,1000.);
#959=VECTOR('',#1980,1000.);
#960=VECTOR('',#1981,1000.);
#961=VECTOR('',#1984,1000.);
#962=VECTOR('',#1985,1000.);
#963=VECTOR('',#1986,1000.);
#964=VECTOR('',#1987,1000.);
#965=VECTOR('',#1988,1000.);
#966=VECTOR('',#1989,1000.);
#967=VECTOR('',#1992,1000.);
#968=VECTOR('',#1995,1000.);
#969=VECTOR('',#1996,1000.);
#970=VECTOR('',#1997,1000.);
#971=VECTOR('',#2000,1000.);
#972=VECTOR('',#2001,1000.);
#973=VECTOR('',#2004,1000.);
#974=VECTOR('',#2005,1000.);
#975=VECTOR('',#2006,1000.);
#976=VECTOR('',#2009,1000.);
#977=VECTOR('',#2010,1000.);
#978=VECTOR('',#2015,1000.);
#979=VECTOR('',#2016,1000.);
#980=VECTOR('',#2019,1000.);
#981=VECTOR('',#2020,1000.);
#982=VECTOR('',#2021,1000.);
#983=VECTOR('',#2024,1000.);
#984=VECTOR('',#2025,1000.);
#985=VECTOR('',#2026,1000.);
#986=VECTOR('',#2029,1000.);
#987=VECTOR('',#2034,1000.);
#988=VECTOR('',#2035,1000.);
#989=VECTOR('',#2038,1000.);
#990=VECTOR('',#2043,1000.);
#991=VECTOR('',#2044,1000.);
#992=VECTOR('',#2047,1000.);
#993=VECTOR('',#2052,1000.);
#994=VECTOR('',#2053,1000.);
#995=VECTOR('',#2060,1000.);
#996=VECTOR('',#2063,1000.);
#997=VECTOR('',#2064,1000.);
#998=VECTOR('',#2065,1000.);
#999=VECTOR('',#2070,1000.);
#1000=VECTOR('',#2073,1000.);
#1001=VECTOR('',#2074,1000.);
#1002=VECTOR('',#2079,1000.);
#1003=VECTOR('',#2082,1000.);
#1004=VECTOR('',#2085,1000.);
#1005=VECTOR('',#2088,1000.);
#1006=VECTOR('',#2089,1000.);
#1007=VECTOR('',#2096,1000.);
#1008=VECTOR('',#2097,1000.);
#1009=VECTOR('',#2100,1000.);
#1010=VECTOR('',#2101,1000.);
#1011=VECTOR('',#2104,1000.);
#1012=VECTOR('',#2107,1000.);
#1013=VECTOR('',#2108,1000.);
#1014=VECTOR('',#2111,1000.);
#1015=VECTOR('',#2114,1000.);
#1016=VECTOR('',#2117,1000.);
#1017=VECTOR('',#2122,1000.);
#1018=VECTOR('',#2125,1000.);
#1019=VECTOR('',#2128,1000.);
#1020=VECTOR('',#2131,1000.);
#1021=VECTOR('',#2134,1000.);
#1022=VECTOR('',#2139,1000.);
#1023=VECTOR('',#2144,1000.);
#1024=VECTOR('',#2145,1000.);
#1025=VECTOR('',#2148,1000.);
#1026=VECTOR('',#2149,1000.);
#1027=VECTOR('',#2150,1000.);
#1028=VECTOR('',#2151,1000.);
#1029=VECTOR('',#2156,1000.);
#1030=VECTOR('',#2159,1000.);
#1031=VECTOR('',#2162,1000.);
#1032=VECTOR('',#2165,1000.);
#1033=VECTOR('',#2170,1000.);
#1034=VECTOR('',#2173,1000.);
#1035=VECTOR('',#2176,1000.);
#1036=VECTOR('',#2179,1000.);
#1037=VECTOR('',#2186,1000.);
#1038=VECTOR('',#2187,1000.);
#1039=VECTOR('',#2190,1000.);
#1040=VECTOR('',#2191,1000.);
#1041=VECTOR('',#2200,1000.);
#1042=VECTOR('',#2201,1000.);
#1043=VECTOR('',#2204,1000.);
#1044=VECTOR('',#2207,1000.);
#1045=EDGE_LOOP('',(#69,#70,#71,#72,#73,#74,#75,#76,#77,#78,#79,#80,#81,
#82,#83));
#1046=EDGE_LOOP('',(#84,#85,#86,#87));
#1047=EDGE_LOOP('',(#88,#89,#90,#91,#92,#93,#94,#95,#96,#97,#98,#99,#100,
#101,#102));
#1048=EDGE_LOOP('',(#103,#104,#105,#106,#107,#108,#109,#110));
#1049=EDGE_LOOP('',(#111,#112,#113,#114,#115,#116,#117,#118,#119,#120,#121,
#122,#123,#124,#125));
#1050=EDGE_LOOP('',(#126,#127,#128,#129));
#1051=EDGE_LOOP('',(#130,#131,#132,#133,#134,#135,#136,#137,#138,#139,#140,
#141,#142,#143,#144));
#1052=EDGE_LOOP('',(#145,#146,#147,#148,#149,#150,#151,#152));
#1053=EDGE_LOOP('',(#153,#154,#155,#156));
#1054=EDGE_LOOP('',(#157,#158,#159,#160));
#1055=EDGE_LOOP('',(#161,#162,#163,#164,#165,#166,#167,#168));
#1056=EDGE_LOOP('',(#169,#170,#171,#172,#173,#174,#175,#176,#177,#178));
#1057=EDGE_LOOP('',(#179,#180,#181,#182,#183,#184,#185,#186,#187,#188));
#1058=EDGE_LOOP('',(#189,#190,#191,#192));
#1059=EDGE_LOOP('',(#193,#194,#195,#196,#197));
#1060=EDGE_LOOP('',(#198,#199,#200,#201,#202,#203));
#1061=EDGE_LOOP('',(#204,#205,#206,#207));
#1062=EDGE_LOOP('',(#208,#209,#210,#211));
#1063=EDGE_LOOP('',(#212,#213,#214,#215));
#1064=EDGE_LOOP('',(#216,#217,#218,#219,#220));
#1065=EDGE_LOOP('',(#221,#222,#223,#224));
#1066=EDGE_LOOP('',(#225,#226,#227,#228));
#1067=EDGE_LOOP('',(#229,#230,#231,#232));
#1068=EDGE_LOOP('',(#233,#234,#235,#236,#237,#238,#239,#240,#241,#242));
#1069=EDGE_LOOP('',(#243,#244,#245,#246,#247,#248));
#1070=EDGE_LOOP('',(#249,#250,#251,#252));
#1071=EDGE_LOOP('',(#253,#254,#255,#256));
#1072=EDGE_LOOP('',(#257,#258,#259,#260));
#1073=EDGE_LOOP('',(#261,#262,#263,#264));
#1074=EDGE_LOOP('',(#265,#266,#267,#268));
#1075=EDGE_LOOP('',(#269,#270,#271,#272));
#1076=EDGE_LOOP('',(#273,#274,#275,#276,#277));
#1077=EDGE_LOOP('',(#278,#279,#280,#281,#282));
#1078=EDGE_LOOP('',(#283,#284,#285,#286,#287,#288,#289,#290,#291,#292));
#1079=EDGE_LOOP('',(#293,#294,#295,#296,#297,#298));
#1080=EDGE_LOOP('',(#299,#300,#301,#302,#303,#304));
#1081=EDGE_LOOP('',(#305,#306,#307,#308));
#1082=EDGE_LOOP('',(#309,#310,#311,#312));
#1083=EDGE_LOOP('',(#313,#314,#315,#316));
#1084=EDGE_LOOP('',(#317,#318,#319,#320));
#1085=EDGE_LOOP('',(#321,#322,#323,#324));
#1086=EDGE_LOOP('',(#325,#326,#327,#328));
#1087=EDGE_LOOP('',(#329,#330,#331,#332,#333,#334));
#1088=EDGE_LOOP('',(#335,#336,#337,#338,#339,#340));
#1089=EDGE_LOOP('',(#341,#342,#343,#344));
#1090=EDGE_LOOP('',(#345,#346,#347,#348));
#1091=EDGE_LOOP('',(#349,#350,#351,#352));
#1092=EDGE_LOOP('',(#353,#354,#355,#356));
#1093=EDGE_LOOP('',(#357,#358,#359,#360,#361,#362,#363,#364));
#1094=EDGE_LOOP('',(#365,#366,#367,#368));
#1095=EDGE_LOOP('',(#369,#370,#371,#372,#373));
#1096=EDGE_LOOP('',(#374,#375,#376,#377));
#1097=EDGE_LOOP('',(#378,#379,#380,#381));
#1098=EDGE_LOOP('',(#382,#383,#384,#385));
#1099=EDGE_LOOP('',(#386,#387,#388,#389,#390));
#1100=EDGE_LOOP('',(#391,#392,#393,#394));
#1101=EDGE_LOOP('',(#395,#396,#397,#398));
#1102=EDGE_LOOP('',(#399,#400,#401,#402));
#1103=EDGE_LOOP('',(#403,#404,#405,#406,#407));
#1104=EDGE_LOOP('',(#408,#409,#410,#411));
#1105=EDGE_LOOP('',(#412,#413,#414,#415));
#1106=EDGE_LOOP('',(#416,#417,#418,#419));
#1107=EDGE_LOOP('',(#420,#421,#422,#423,#424));
#1108=EDGE_LOOP('',(#425,#426,#427,#428));
#1109=EDGE_LOOP('',(#429,#430,#431,#432));
#1110=EDGE_LOOP('',(#433,#434,#435,#436));
#1111=FACE_BOUND('',#1045,.T.);
#1112=FACE_BOUND('',#1046,.T.);
#1113=FACE_BOUND('',#1047,.T.);
#1114=FACE_BOUND('',#1048,.T.);
#1115=FACE_BOUND('',#1049,.T.);
#1116=FACE_BOUND('',#1050,.T.);
#1117=FACE_BOUND('',#1051,.T.);
#1118=FACE_BOUND('',#1052,.T.);
#1119=FACE_BOUND('',#1053,.T.);
#1120=FACE_BOUND('',#1054,.T.);
#1121=FACE_BOUND('',#1055,.T.);
#1122=FACE_BOUND('',#1056,.T.);
#1123=FACE_BOUND('',#1057,.T.);
#1124=FACE_BOUND('',#1058,.T.);
#1125=FACE_BOUND('',#1059,.T.);
#1126=FACE_BOUND('',#1060,.T.);
#1127=FACE_BOUND('',#1061,.T.);
#1128=FACE_BOUND('',#1062,.T.);
#1129=FACE_BOUND('',#1063,.T.);
#1130=FACE_BOUND('',#1064,.T.);
#1131=FACE_BOUND('',#1065,.T.);
#1132=FACE_BOUND('',#1066,.T.);
#1133=FACE_BOUND('',#1067,.T.);
#1134=FACE_BOUND('',#1068,.T.);
#1135=FACE_BOUND('',#1069,.T.);
#1136=FACE_BOUND('',#1070,.T.);
#1137=FACE_BOUND('',#1071,.T.);
#1138=FACE_BOUND('',#1072,.T.);
#1139=FACE_BOUND('',#1073,.T.);
#1140=FACE_BOUND('',#1074,.T.);
#1141=FACE_BOUND('',#1075,.T.);
#1142=FACE_BOUND('',#1076,.T.);
#1143=FACE_BOUND('',#1077,.T.);
#1144=FACE_BOUND('',#1078,.T.);
#1145=FACE_BOUND('',#1079,.T.);
#1146=FACE_BOUND('',#1080,.T.);
#1147=FACE_BOUND('',#1081,.T.);
#1148=FACE_BOUND('',#1082,.T.);
#1149=FACE_BOUND('',#1083,.T.);
#1150=FACE_BOUND('',#1084,.T.);
#1151=FACE_BOUND('',#1085,.T.);
#1152=FACE_BOUND('',#1086,.T.);
#1153=FACE_BOUND('',#1087,.T.);
#1154=FACE_BOUND('',#1088,.T.);
#1155=FACE_BOUND('',#1089,.T.);
#1156=FACE_BOUND('',#1090,.T.);
#1157=FACE_BOUND('',#1091,.T.);
#1158=FACE_BOUND('',#1092,.T.);
#1159=FACE_BOUND('',#1093,.T.);
#1160=FACE_BOUND('',#1094,.T.);
#1161=FACE_BOUND('',#1095,.T.);
#1162=FACE_BOUND('',#1096,.T.);
#1163=FACE_BOUND('',#1097,.T.);
#1164=FACE_BOUND('',#1098,.T.);
#1165=FACE_BOUND('',#1099,.T.);
#1166=FACE_BOUND('',#1100,.T.);
#1167=FACE_BOUND('',#1101,.T.);
#1168=FACE_BOUND('',#1102,.T.);
#1169=FACE_BOUND('',#1103,.T.);
#1170=FACE_BOUND('',#1104,.T.);
#1171=FACE_BOUND('',#1105,.T.);
#1172=FACE_BOUND('',#1106,.T.);
#1173=FACE_BOUND('',#1107,.T.);
#1174=FACE_BOUND('',#1108,.T.);
#1175=FACE_BOUND('',#1109,.T.);
#1176=FACE_BOUND('',#1110,.T.);
#1177=PLANE('',#1762);
#1178=PLANE('',#1767);
#1179=PLANE('',#1768);
#1180=PLANE('',#1773);
#1181=PLANE('',#1774);
#1182=PLANE('',#1779);
#1183=PLANE('',#1780);
#1184=PLANE('',#1785);
#1185=PLANE('',#1786);
#1186=PLANE('',#1787);
#1187=PLANE('',#1788);
#1188=PLANE('',#1789);
#1189=PLANE('',#1792);
#1190=PLANE('',#1795);
#1191=PLANE('',#1796);
#1192=PLANE('',#1797);
#1193=PLANE('',#1800);
#1194=PLANE('',#1803);
#1195=PLANE('',#1806);
#1196=PLANE('',#1809);
#1197=PLANE('',#1810);
#1198=PLANE('',#1813);
#1199=PLANE('',#1818);
#1200=PLANE('',#1821);
#1201=PLANE('',#1822);
#1202=PLANE('',#1823);
#1203=PLANE('',#1824);
#1204=PLANE('',#1825);
#1205=PLANE('',#1827);
#1206=PLANE('',#1830);
#1207=PLANE('',#1832);
#1208=PLANE('',#1833);
#1209=PLANE('',#1834);
#1210=PLANE('',#1835);
#1211=PLANE('',#1836);
#1212=PLANE('',#1837);
#1213=PLANE('',#1838);
#1214=PLANE('',#1839);
#1215=PLANE('',#1840);
#1216=PLANE('',#1842);
#1217=PLANE('',#1844);
#1218=PLANE('',#1845);
#1219=PLANE('',#1847);
#1220=PLANE('',#1849);
#1221=PLANE('',#1850);
#1222=PLANE('',#1853);
#1223=PLANE('',#1854);
#1224=PLANE('',#1855);
#1225=PLANE('',#1857);
#1226=PLANE('',#1858);
#1227=STYLED_ITEM('',(#1293),#1691);
#1228=STYLED_ITEM('',(#1294),#1692);
#1229=STYLED_ITEM('',(#1295),#1693);
#1230=STYLED_ITEM('',(#1296),#1694);
#1231=STYLED_ITEM('',(#1297),#1695);
#1232=STYLED_ITEM('',(#1298),#1696);
#1233=STYLED_ITEM('',(#1299),#1697);
#1234=STYLED_ITEM('',(#1300),#1698);
#1235=STYLED_ITEM('',(#1301),#1699);
#1236=STYLED_ITEM('',(#1302),#1700);
#1237=STYLED_ITEM('',(#1303),#1701);
#1238=STYLED_ITEM('',(#1304),#1702);
#1239=STYLED_ITEM('',(#1305),#1703);
#1240=STYLED_ITEM('',(#1306),#1704);
#1241=STYLED_ITEM('',(#1307),#1705);
#1242=STYLED_ITEM('',(#1308),#1706);
#1243=STYLED_ITEM('',(#1309),#1707);
#1244=STYLED_ITEM('',(#1310),#1708);
#1245=STYLED_ITEM('',(#1311),#1709);
#1246=STYLED_ITEM('',(#1312),#1710);
#1247=STYLED_ITEM('',(#1313),#1711);
#1248=STYLED_ITEM('',(#1314),#1712);
#1249=STYLED_ITEM('',(#1315),#1713);
#1250=STYLED_ITEM('',(#1316),#1714);
#1251=STYLED_ITEM('',(#1317),#1715);
#1252=STYLED_ITEM('',(#1318),#1716);
#1253=STYLED_ITEM('',(#1319),#1717);
#1254=STYLED_ITEM('',(#1320),#1718);
#1255=STYLED_ITEM('',(#1321),#1719);
#1256=STYLED_ITEM('',(#1322),#1720);
#1257=STYLED_ITEM('',(#1323),#1721);
#1258=STYLED_ITEM('',(#1324),#1722);
#1259=STYLED_ITEM('',(#1325),#1723);
#1260=STYLED_ITEM('',(#1326),#1724);
#1261=STYLED_ITEM('',(#1327),#1725);
#1262=STYLED_ITEM('',(#1328),#1726);
#1263=STYLED_ITEM('',(#1329),#1727);
#1264=STYLED_ITEM('',(#1330),#1728);
#1265=STYLED_ITEM('',(#1331),#1729);
#1266=STYLED_ITEM('',(#1332),#1730);
#1267=STYLED_ITEM('',(#1333),#1731);
#1268=STYLED_ITEM('',(#1334),#1732);
#1269=STYLED_ITEM('',(#1335),#1733);
#1270=STYLED_ITEM('',(#1336),#1734);
#1271=STYLED_ITEM('',(#1337),#1735);
#1272=STYLED_ITEM('',(#1338),#1736);
#1273=STYLED_ITEM('',(#1339),#1737);
#1274=STYLED_ITEM('',(#1340),#1738);
#1275=STYLED_ITEM('',(#1341),#1739);
#1276=STYLED_ITEM('',(#1342),#1740);
#1277=STYLED_ITEM('',(#1343),#1741);
#1278=STYLED_ITEM('',(#1344),#1742);
#1279=STYLED_ITEM('',(#1345),#1743);
#1280=STYLED_ITEM('',(#1346),#1744);
#1281=STYLED_ITEM('',(#1347),#1745);
#1282=STYLED_ITEM('',(#1348),#1746);
#1283=STYLED_ITEM('',(#1349),#1747);
#1284=STYLED_ITEM('',(#1350),#1748);
#1285=STYLED_ITEM('',(#1351),#1749);
#1286=STYLED_ITEM('',(#1352),#1750);
#1287=STYLED_ITEM('',(#1353),#1751);
#1288=STYLED_ITEM('',(#1354),#1752);
#1289=STYLED_ITEM('',(#1355),#1753);
#1290=STYLED_ITEM('',(#1356),#1754);
#1291=STYLED_ITEM('',(#1357),#1755);
#1292=STYLED_ITEM('',(#1358),#1756);
#1293=PRESENTATION_STYLE_ASSIGNMENT((#1359));
#1294=PRESENTATION_STYLE_ASSIGNMENT((#1360));
#1295=PRESENTATION_STYLE_ASSIGNMENT((#1361));
#1296=PRESENTATION_STYLE_ASSIGNMENT((#1362));
#1297=PRESENTATION_STYLE_ASSIGNMENT((#1363));
#1298=PRESENTATION_STYLE_ASSIGNMENT((#1364));
#1299=PRESENTATION_STYLE_ASSIGNMENT((#1365));
#1300=PRESENTATION_STYLE_ASSIGNMENT((#1366));
#1301=PRESENTATION_STYLE_ASSIGNMENT((#1367));
#1302=PRESENTATION_STYLE_ASSIGNMENT((#1368));
#1303=PRESENTATION_STYLE_ASSIGNMENT((#1369));
#1304=PRESENTATION_STYLE_ASSIGNMENT((#1370));
#1305=PRESENTATION_STYLE_ASSIGNMENT((#1371));
#1306=PRESENTATION_STYLE_ASSIGNMENT((#1372));
#1307=PRESENTATION_STYLE_ASSIGNMENT((#1373));
#1308=PRESENTATION_STYLE_ASSIGNMENT((#1374));
#1309=PRESENTATION_STYLE_ASSIGNMENT((#1375));
#1310=PRESENTATION_STYLE_ASSIGNMENT((#1376));
#1311=PRESENTATION_STYLE_ASSIGNMENT((#1377));
#1312=PRESENTATION_STYLE_ASSIGNMENT((#1378));
#1313=PRESENTATION_STYLE_ASSIGNMENT((#1379));
#1314=PRESENTATION_STYLE_ASSIGNMENT((#1380));
#1315=PRESENTATION_STYLE_ASSIGNMENT((#1381));
#1316=PRESENTATION_STYLE_ASSIGNMENT((#1382));
#1317=PRESENTATION_STYLE_ASSIGNMENT((#1383));
#1318=PRESENTATION_STYLE_ASSIGNMENT((#1384));
#1319=PRESENTATION_STYLE_ASSIGNMENT((#1385));
#1320=PRESENTATION_STYLE_ASSIGNMENT((#1386));
#1321=PRESENTATION_STYLE_ASSIGNMENT((#1387));
#1322=PRESENTATION_STYLE_ASSIGNMENT((#1388));
#1323=PRESENTATION_STYLE_ASSIGNMENT((#1389));
#1324=PRESENTATION_STYLE_ASSIGNMENT((#1390));
#1325=PRESENTATION_STYLE_ASSIGNMENT((#1391));
#1326=PRESENTATION_STYLE_ASSIGNMENT((#1392));
#1327=PRESENTATION_STYLE_ASSIGNMENT((#1393));
#1328=PRESENTATION_STYLE_ASSIGNMENT((#1394));
#1329=PRESENTATION_STYLE_ASSIGNMENT((#1395));
#1330=PRESENTATION_STYLE_ASSIGNMENT((#1396));
#1331=PRESENTATION_STYLE_ASSIGNMENT((#1397));
#1332=PRESENTATION_STYLE_ASSIGNMENT((#1398));
#1333=PRESENTATION_STYLE_ASSIGNMENT((#1399));
#1334=PRESENTATION_STYLE_ASSIGNMENT((#1400));
#1335=PRESENTATION_STYLE_ASSIGNMENT((#1401));
#1336=PRESENTATION_STYLE_ASSIGNMENT((#1402));
#1337=PRESENTATION_STYLE_ASSIGNMENT((#1403));
#1338=PRESENTATION_STYLE_ASSIGNMENT((#1404));
#1339=PRESENTATION_STYLE_ASSIGNMENT((#1405));
#1340=PRESENTATION_STYLE_ASSIGNMENT((#1406));
#1341=PRESENTATION_STYLE_ASSIGNMENT((#1407));
#1342=PRESENTATION_STYLE_ASSIGNMENT((#1408));
#1343=PRESENTATION_STYLE_ASSIGNMENT((#1409));
#1344=PRESENTATION_STYLE_ASSIGNMENT((#1410));
#1345=PRESENTATION_STYLE_ASSIGNMENT((#1411));
#1346=PRESENTATION_STYLE_ASSIGNMENT((#1412));
#1347=PRESENTATION_STYLE_ASSIGNMENT((#1413));
#1348=PRESENTATION_STYLE_ASSIGNMENT((#1414));
#1349=PRESENTATION_STYLE_ASSIGNMENT((#1415));
#1350=PRESENTATION_STYLE_ASSIGNMENT((#1416));
#1351=PRESENTATION_STYLE_ASSIGNMENT((#1417));
#1352=PRESENTATION_STYLE_ASSIGNMENT((#1418));
#1353=PRESENTATION_STYLE_ASSIGNMENT((#1419));
#1354=PRESENTATION_STYLE_ASSIGNMENT((#1420));
#1355=PRESENTATION_STYLE_ASSIGNMENT((#1421));
#1356=PRESENTATION_STYLE_ASSIGNMENT((#1422));
#1357=PRESENTATION_STYLE_ASSIGNMENT((#1423));
#1358=PRESENTATION_STYLE_ASSIGNMENT((#1424));
#1359=SURFACE_STYLE_USAGE(.BOTH.,#1425);
#1360=SURFACE_STYLE_USAGE(.BOTH.,#1426);
#1361=SURFACE_STYLE_USAGE(.BOTH.,#1427);
#1362=SURFACE_STYLE_USAGE(.BOTH.,#1428);
#1363=SURFACE_STYLE_USAGE(.BOTH.,#1429);
#1364=SURFACE_STYLE_USAGE(.BOTH.,#1430);
#1365=SURFACE_STYLE_USAGE(.BOTH.,#1431);
#1366=SURFACE_STYLE_USAGE(.BOTH.,#1432);
#1367=SURFACE_STYLE_USAGE(.BOTH.,#1433);
#1368=SURFACE_STYLE_USAGE(.BOTH.,#1434);
#1369=SURFACE_STYLE_USAGE(.BOTH.,#1435);
#1370=SURFACE_STYLE_USAGE(.BOTH.,#1436);
#1371=SURFACE_STYLE_USAGE(.BOTH.,#1437);
#1372=SURFACE_STYLE_USAGE(.BOTH.,#1438);
#1373=SURFACE_STYLE_USAGE(.BOTH.,#1439);
#1374=SURFACE_STYLE_USAGE(.BOTH.,#1440);
#1375=SURFACE_STYLE_USAGE(.BOTH.,#1441);
#1376=SURFACE_STYLE_USAGE(.BOTH.,#1442);
#1377=SURFACE_STYLE_USAGE(.BOTH.,#1443);
#1378=SURFACE_STYLE_USAGE(.BOTH.,#1444);
#1379=SURFACE_STYLE_USAGE(.BOTH.,#1445);
#1380=SURFACE_STYLE_USAGE(.BOTH.,#1446);
#1381=SURFACE_STYLE_USAGE(.BOTH.,#1447);
#1382=SURFACE_STYLE_USAGE(.BOTH.,#1448);
#1383=SURFACE_STYLE_USAGE(.BOTH.,#1449);
#1384=SURFACE_STYLE_USAGE(.BOTH.,#1450);
#1385=SURFACE_STYLE_USAGE(.BOTH.,#1451);
#1386=SURFACE_STYLE_USAGE(.BOTH.,#1452);
#1387=SURFACE_STYLE_USAGE(.BOTH.,#1453);
#1388=SURFACE_STYLE_USAGE(.BOTH.,#1454);
#1389=SURFACE_STYLE_USAGE(.BOTH.,#1455);
#1390=SURFACE_STYLE_USAGE(.BOTH.,#1456);
#1391=SURFACE_STYLE_USAGE(.BOTH.,#1457);
#1392=SURFACE_STYLE_USAGE(.BOTH.,#1458);
#1393=SURFACE_STYLE_USAGE(.BOTH.,#1459);
#1394=SURFACE_STYLE_USAGE(.BOTH.,#1460);
#1395=SURFACE_STYLE_USAGE(.BOTH.,#1461);
#1396=SURFACE_STYLE_USAGE(.BOTH.,#1462);
#1397=SURFACE_STYLE_USAGE(.BOTH.,#1463);
#1398=SURFACE_STYLE_USAGE(.BOTH.,#1464);
#1399=SURFACE_STYLE_USAGE(.BOTH.,#1465);
#1400=SURFACE_STYLE_USAGE(.BOTH.,#1466);
#1401=SURFACE_STYLE_USAGE(.BOTH.,#1467);
#1402=SURFACE_STYLE_USAGE(.BOTH.,#1468);
#1403=SURFACE_STYLE_USAGE(.BOTH.,#1469);
#1404=SURFACE_STYLE_USAGE(.BOTH.,#1470);
#1405=SURFACE_STYLE_USAGE(.BOTH.,#1471);
#1406=SURFACE_STYLE_USAGE(.BOTH.,#1472);
#1407=SURFACE_STYLE_USAGE(.BOTH.,#1473);
#1408=SURFACE_STYLE_USAGE(.BOTH.,#1474);
#1409=SURFACE_STYLE_USAGE(.BOTH.,#1475);
#1410=SURFACE_STYLE_USAGE(.BOTH.,#1476);
#1411=SURFACE_STYLE_USAGE(.BOTH.,#1477);
#1412=SURFACE_STYLE_USAGE(.BOTH.,#1478);
#1413=SURFACE_STYLE_USAGE(.BOTH.,#1479);
#1414=SURFACE_STYLE_USAGE(.BOTH.,#1480);
#1415=SURFACE_STYLE_USAGE(.BOTH.,#1481);
#1416=SURFACE_STYLE_USAGE(.BOTH.,#1482);
#1417=SURFACE_STYLE_USAGE(.BOTH.,#1483);
#1418=SURFACE_STYLE_USAGE(.BOTH.,#1484);
#1419=SURFACE_STYLE_USAGE(.BOTH.,#1485);
#1420=SURFACE_STYLE_USAGE(.BOTH.,#1486);
#1421=SURFACE_STYLE_USAGE(.BOTH.,#1487);
#1422=SURFACE_STYLE_USAGE(.BOTH.,#1488);
#1423=SURFACE_STYLE_USAGE(.BOTH.,#1489);
#1424=SURFACE_STYLE_USAGE(.BOTH.,#1490);
#1425=SURFACE_SIDE_STYLE('',(#1491));
#1426=SURFACE_SIDE_STYLE('',(#1492));
#1427=SURFACE_SIDE_STYLE('',(#1493));
#1428=SURFACE_SIDE_STYLE('',(#1494));
#1429=SURFACE_SIDE_STYLE('',(#1495));
#1430=SURFACE_SIDE_STYLE('',(#1496));
#1431=SURFACE_SIDE_STYLE('',(#1497));
#1432=SURFACE_SIDE_STYLE('',(#1498));
#1433=SURFACE_SIDE_STYLE('',(#1499));
#1434=SURFACE_SIDE_STYLE('',(#1500));
#1435=SURFACE_SIDE_STYLE('',(#1501));
#1436=SURFACE_SIDE_STYLE('',(#1502));
#1437=SURFACE_SIDE_STYLE('',(#1503));
#1438=SURFACE_SIDE_STYLE('',(#1504));
#1439=SURFACE_SIDE_STYLE('',(#1505));
#1440=SURFACE_SIDE_STYLE('',(#1506));
#1441=SURFACE_SIDE_STYLE('',(#1507));
#1442=SURFACE_SIDE_STYLE('',(#1508));
#1443=SURFACE_SIDE_STYLE('',(#1509));
#1444=SURFACE_SIDE_STYLE('',(#1510));
#1445=SURFACE_SIDE_STYLE('',(#1511));
#1446=SURFACE_SIDE_STYLE('',(#1512));
#1447=SURFACE_SIDE_STYLE('',(#1513));
#1448=SURFACE_SIDE_STYLE('',(#1514));
#1449=SURFACE_SIDE_STYLE('',(#1515));
#1450=SURFACE_SIDE_STYLE('',(#1516));
#1451=SURFACE_SIDE_STYLE('',(#1517));
#1452=SURFACE_SIDE_STYLE('',(#1518));
#1453=SURFACE_SIDE_STYLE('',(#1519));
#1454=SURFACE_SIDE_STYLE('',(#1520));
#1455=SURFACE_SIDE_STYLE('',(#1521));
#1456=SURFACE_SIDE_STYLE('',(#1522));
#1457=SURFACE_SIDE_STYLE('',(#1523));
#1458=SURFACE_SIDE_STYLE('',(#1524));
#1459=SURFACE_SIDE_STYLE('',(#1525));
#1460=SURFACE_SIDE_STYLE('',(#1526));
#1461=SURFACE_SIDE_STYLE('',(#1527));
#1462=SURFACE_SIDE_STYLE('',(#1528));
#1463=SURFACE_SIDE_STYLE('',(#1529));
#1464=SURFACE_SIDE_STYLE('',(#1530));
#1465=SURFACE_SIDE_STYLE('',(#1531));
#1466=SURFACE_SIDE_STYLE('',(#1532));
#1467=SURFACE_SIDE_STYLE('',(#1533));
#1468=SURFACE_SIDE_STYLE('',(#1534));
#1469=SURFACE_SIDE_STYLE('',(#1535));
#1470=SURFACE_SIDE_STYLE('',(#1536));
#1471=SURFACE_SIDE_STYLE('',(#1537));
#1472=SURFACE_SIDE_STYLE('',(#1538));
#1473=SURFACE_SIDE_STYLE('',(#1539));
#1474=SURFACE_SIDE_STYLE('',(#1540));
#1475=SURFACE_SIDE_STYLE('',(#1541));
#1476=SURFACE_SIDE_STYLE('',(#1542));
#1477=SURFACE_SIDE_STYLE('',(#1543));
#1478=SURFACE_SIDE_STYLE('',(#1544));
#1479=SURFACE_SIDE_STYLE('',(#1545));
#1480=SURFACE_SIDE_STYLE('',(#1546));
#1481=SURFACE_SIDE_STYLE('',(#1547));
#1482=SURFACE_SIDE_STYLE('',(#1548));
#1483=SURFACE_SIDE_STYLE('',(#1549));
#1484=SURFACE_SIDE_STYLE('',(#1550));
#1485=SURFACE_SIDE_STYLE('',(#1551));
#1486=SURFACE_SIDE_STYLE('',(#1552));
#1487=SURFACE_SIDE_STYLE('',(#1553));
#1488=SURFACE_SIDE_STYLE('',(#1554));
#1489=SURFACE_SIDE_STYLE('',(#1555));
#1490=SURFACE_SIDE_STYLE('',(#1556));
#1491=SURFACE_STYLE_FILL_AREA(#1557);
#1492=SURFACE_STYLE_FILL_AREA(#1558);
#1493=SURFACE_STYLE_FILL_AREA(#1559);
#1494=SURFACE_STYLE_FILL_AREA(#1560);
#1495=SURFACE_STYLE_FILL_AREA(#1561);
#1496=SURFACE_STYLE_FILL_AREA(#1562);
#1497=SURFACE_STYLE_FILL_AREA(#1563);
#1498=SURFACE_STYLE_FILL_AREA(#1564);
#1499=SURFACE_STYLE_FILL_AREA(#1565);
#1500=SURFACE_STYLE_FILL_AREA(#1566);
#1501=SURFACE_STYLE_FILL_AREA(#1567);
#1502=SURFACE_STYLE_FILL_AREA(#1568);
#1503=SURFACE_STYLE_FILL_AREA(#1569);
#1504=SURFACE_STYLE_FILL_AREA(#1570);
#1505=SURFACE_STYLE_FILL_AREA(#1571);
#1506=SURFACE_STYLE_FILL_AREA(#1572);
#1507=SURFACE_STYLE_FILL_AREA(#1573);
#1508=SURFACE_STYLE_FILL_AREA(#1574);
#1509=SURFACE_STYLE_FILL_AREA(#1575);
#1510=SURFACE_STYLE_FILL_AREA(#1576);
#1511=SURFACE_STYLE_FILL_AREA(#1577);
#1512=SURFACE_STYLE_FILL_AREA(#1578);
#1513=SURFACE_STYLE_FILL_AREA(#1579);
#1514=SURFACE_STYLE_FILL_AREA(#1580);
#1515=SURFACE_STYLE_FILL_AREA(#1581);
#1516=SURFACE_STYLE_FILL_AREA(#1582);
#1517=SURFACE_STYLE_FILL_AREA(#1583);
#1518=SURFACE_STYLE_FILL_AREA(#1584);
#1519=SURFACE_STYLE_FILL_AREA(#1585);
#1520=SURFACE_STYLE_FILL_AREA(#1586);
#1521=SURFACE_STYLE_FILL_AREA(#1587);
#1522=SURFACE_STYLE_FILL_AREA(#1588);
#1523=SURFACE_STYLE_FILL_AREA(#1589);
#1524=SURFACE_STYLE_FILL_AREA(#1590);
#1525=SURFACE_STYLE_FILL_AREA(#1591);
#1526=SURFACE_STYLE_FILL_AREA(#1592);
#1527=SURFACE_STYLE_FILL_AREA(#1593);
#1528=SURFACE_STYLE_FILL_AREA(#1594);
#1529=SURFACE_STYLE_FILL_AREA(#1595);
#1530=SURFACE_STYLE_FILL_AREA(#1596);
#1531=SURFACE_STYLE_FILL_AREA(#1597);
#1532=SURFACE_STYLE_FILL_AREA(#1598);
#1533=SURFACE_STYLE_FILL_AREA(#1599);
#1534=SURFACE_STYLE_FILL_AREA(#1600);
#1535=SURFACE_STYLE_FILL_AREA(#1601);
#1536=SURFACE_STYLE_FILL_AREA(#1602);
#1537=SURFACE_STYLE_FILL_AREA(#1603);
#1538=SURFACE_STYLE_FILL_AREA(#1604);
#1539=SURFACE_STYLE_FILL_AREA(#1605);
#1540=SURFACE_STYLE_FILL_AREA(#1606);
#1541=SURFACE_STYLE_FILL_AREA(#1607);
#1542=SURFACE_STYLE_FILL_AREA(#1608);
#1543=SURFACE_STYLE_FILL_AREA(#1609);
#1544=SURFACE_STYLE_FILL_AREA(#1610);
#1545=SURFACE_STYLE_FILL_AREA(#1611);
#1546=SURFACE_STYLE_FILL_AREA(#1612);
#1547=SURFACE_STYLE_FILL_AREA(#1613);
#1548=SURFACE_STYLE_FILL_AREA(#1614);
#1549=SURFACE_STYLE_FILL_AREA(#1615);
#1550=SURFACE_STYLE_FILL_AREA(#1616);
#1551=SURFACE_STYLE_FILL_AREA(#1617);
#1552=SURFACE_STYLE_FILL_AREA(#1618);
#1553=SURFACE_STYLE_FILL_AREA(#1619);
#1554=SURFACE_STYLE_FILL_AREA(#1620);
#1555=SURFACE_STYLE_FILL_AREA(#1621);
#1556=SURFACE_STYLE_FILL_AREA(#1622);
#1557=FILL_AREA_STYLE('',(#1623));
#1558=FILL_AREA_STYLE('',(#1624));
#1559=FILL_AREA_STYLE('',(#1625));
#1560=FILL_AREA_STYLE('',(#1626));
#1561=FILL_AREA_STYLE('',(#1627));
#1562=FILL_AREA_STYLE('',(#1628));
#1563=FILL_AREA_STYLE('',(#1629));
#1564=FILL_AREA_STYLE('',(#1630));
#1565=FILL_AREA_STYLE('',(#1631));
#1566=FILL_AREA_STYLE('',(#1632));
#1567=FILL_AREA_STYLE('',(#1633));
#1568=FILL_AREA_STYLE('',(#1634));
#1569=FILL_AREA_STYLE('',(#1635));
#1570=FILL_AREA_STYLE('',(#1636));
#1571=FILL_AREA_STYLE('',(#1637));
#1572=FILL_AREA_STYLE('',(#1638));
#1573=FILL_AREA_STYLE('',(#1639));
#1574=FILL_AREA_STYLE('',(#1640));
#1575=FILL_AREA_STYLE('',(#1641));
#1576=FILL_AREA_STYLE('',(#1642));
#1577=FILL_AREA_STYLE('',(#1643));
#1578=FILL_AREA_STYLE('',(#1644));
#1579=FILL_AREA_STYLE('',(#1645));
#1580=FILL_AREA_STYLE('',(#1646));
#1581=FILL_AREA_STYLE('',(#1647));
#1582=FILL_AREA_STYLE('',(#1648));
#1583=FILL_AREA_STYLE('',(#1649));
#1584=FILL_AREA_STYLE('',(#1650));
#1585=FILL_AREA_STYLE('',(#1651));
#1586=FILL_AREA_STYLE('',(#1652));
#1587=FILL_AREA_STYLE('',(#1653));
#1588=FILL_AREA_STYLE('',(#1654));
#1589=FILL_AREA_STYLE('',(#1655));
#1590=FILL_AREA_STYLE('',(#1656));
#1591=FILL_AREA_STYLE('',(#1657));
#1592=FILL_AREA_STYLE('',(#1658));
#1593=FILL_AREA_STYLE('',(#1659));
#1594=FILL_AREA_STYLE('',(#1660));
#1595=FILL_AREA_STYLE('',(#1661));
#1596=FILL_AREA_STYLE('',(#1662));
#1597=FILL_AREA_STYLE('',(#1663));
#1598=FILL_AREA_STYLE('',(#1664));
#1599=FILL_AREA_STYLE('',(#1665));
#1600=FILL_AREA_STYLE('',(#1666));
#1601=FILL_AREA_STYLE('',(#1667));
#1602=FILL_AREA_STYLE('',(#1668));
#1603=FILL_AREA_STYLE('',(#1669));
#1604=FILL_AREA_STYLE('',(#1670));
#1605=FILL_AREA_STYLE('',(#1671));
#1606=FILL_AREA_STYLE('',(#1672));
#1607=FILL_AREA_STYLE('',(#1673));
#1608=FILL_AREA_STYLE('',(#1674));
#1609=FILL_AREA_STYLE('',(#1675));
#1610=FILL_AREA_STYLE('',(#1676));
#1611=FILL_AREA_STYLE('',(#1677));
#1612=FILL_AREA_STYLE('',(#1678));
#1613=FILL_AREA_STYLE('',(#1679));
#1614=FILL_AREA_STYLE('',(#1680));
#1615=FILL_AREA_STYLE('',(#1681));
#1616=FILL_AREA_STYLE('',(#1682));
#1617=FILL_AREA_STYLE('',(#1683));
#1618=FILL_AREA_STYLE('',(#1684));
#1619=FILL_AREA_STYLE('',(#1685));
#1620=FILL_AREA_STYLE('',(#1686));
#1621=FILL_AREA_STYLE('',(#1687));
#1622=FILL_AREA_STYLE('',(#1688));
#1623=FILL_AREA_STYLE_COLOUR('',#1689);
#1624=FILL_AREA_STYLE_COLOUR('',#1689);
#1625=FILL_AREA_STYLE_COLOUR('',#1689);
#1626=FILL_AREA_STYLE_COLOUR('',#36);
#1627=FILL_AREA_STYLE_COLOUR('',#1689);
#1628=FILL_AREA_STYLE_COLOUR('',#1689);
#1629=FILL_AREA_STYLE_COLOUR('',#1689);
#1630=FILL_AREA_STYLE_COLOUR('',#36);
#1631=FILL_AREA_STYLE_COLOUR('',#1689);
#1632=FILL_AREA_STYLE_COLOUR('',#1689);
#1633=FILL_AREA_STYLE_COLOUR('',#1689);
#1634=FILL_AREA_STYLE_COLOUR('',#1689);
#1635=FILL_AREA_STYLE_COLOUR('',#1689);
#1636=FILL_AREA_STYLE_COLOUR('',#1690);
#1637=FILL_AREA_STYLE_COLOUR('',#36);
#1638=FILL_AREA_STYLE_COLOUR('',#36);
#1639=FILL_AREA_STYLE_COLOUR('',#36);
#1640=FILL_AREA_STYLE_COLOUR('',#36);
#1641=FILL_AREA_STYLE_COLOUR('',#36);
#1642=FILL_AREA_STYLE_COLOUR('',#36);
#1643=FILL_AREA_STYLE_COLOUR('',#36);
#1644=FILL_AREA_STYLE_COLOUR('',#36);
#1645=FILL_AREA_STYLE_COLOUR('',#36);
#1646=FILL_AREA_STYLE_COLOUR('',#36);
#1647=FILL_AREA_STYLE_COLOUR('',#36);
#1648=FILL_AREA_STYLE_COLOUR('',#36);
#1649=FILL_AREA_STYLE_COLOUR('',#36);
#1650=FILL_AREA_STYLE_COLOUR('',#36);
#1651=FILL_AREA_STYLE_COLOUR('',#36);
#1652=FILL_AREA_STYLE_COLOUR('',#36);
#1653=FILL_AREA_STYLE_COLOUR('',#36);
#1654=FILL_AREA_STYLE_COLOUR('',#36);
#1655=FILL_AREA_STYLE_COLOUR('',#36);
#1656=FILL_AREA_STYLE_COLOUR('',#36);
#1657=FILL_AREA_STYLE_COLOUR('',#1689);
#1658=FILL_AREA_STYLE_COLOUR('',#1689);
#1659=FILL_AREA_STYLE_COLOUR('',#1689);
#1660=FILL_AREA_STYLE_COLOUR('',#1689);
#1661=FILL_AREA_STYLE_COLOUR('',#1689);
#1662=FILL_AREA_STYLE_COLOUR('',#1689);
#1663=FILL_AREA_STYLE_COLOUR('',#1689);
#1664=FILL_AREA_STYLE_COLOUR('',#36);
#1665=FILL_AREA_STYLE_COLOUR('',#1689);
#1666=FILL_AREA_STYLE_COLOUR('',#1689);
#1667=FILL_AREA_STYLE_COLOUR('',#1690);
#1668=FILL_AREA_STYLE_COLOUR('',#36);
#1669=FILL_AREA_STYLE_COLOUR('',#36);
#1670=FILL_AREA_STYLE_COLOUR('',#36);
#1671=FILL_AREA_STYLE_COLOUR('',#1689);
#1672=FILL_AREA_STYLE_COLOUR('',#36);
#1673=FILL_AREA_STYLE_COLOUR('',#36);
#1674=FILL_AREA_STYLE_COLOUR('',#36);
#1675=FILL_AREA_STYLE_COLOUR('',#36);
#1676=FILL_AREA_STYLE_COLOUR('',#36);
#1677=FILL_AREA_STYLE_COLOUR('',#36);
#1678=FILL_AREA_STYLE_COLOUR('',#36);
#1679=FILL_AREA_STYLE_COLOUR('',#36);
#1680=FILL_AREA_STYLE_COLOUR('',#36);
#1681=FILL_AREA_STYLE_COLOUR('',#36);
#1682=FILL_AREA_STYLE_COLOUR('',#36);
#1683=FILL_AREA_STYLE_COLOUR('',#36);
#1684=FILL_AREA_STYLE_COLOUR('',#36);
#1685=FILL_AREA_STYLE_COLOUR('',#36);
#1686=FILL_AREA_STYLE_COLOUR('',#36);
#1687=FILL_AREA_STYLE_COLOUR('',#36);
#1688=FILL_AREA_STYLE_COLOUR('',#36);
#1689=COLOUR_RGB('',0.699999988079071,0.699999988079071,0.699999988079071);
#1690=COLOUR_RGB('',0.,0.5,0.);
#1691=ADVANCED_FACE('',(#1111),#1177,.T.);
#1692=ADVANCED_FACE('',(#1112),#1178,.T.);
#1693=ADVANCED_FACE('',(#1113),#1179,.T.);
#1694=ADVANCED_FACE('',(#1114),#1180,.T.);
#1695=ADVANCED_FACE('',(#1115),#1181,.T.);
#1696=ADVANCED_FACE('',(#1116),#1182,.T.);
#1697=ADVANCED_FACE('',(#1117),#1183,.T.);
#1698=ADVANCED_FACE('',(#1118),#1184,.T.);
#1699=ADVANCED_FACE('',(#1119),#1185,.T.);
#1700=ADVANCED_FACE('',(#1120),#1186,.T.);
#1701=ADVANCED_FACE('',(#1121),#1187,.T.);
#1702=ADVANCED_FACE('',(#1122),#1188,.T.);
#1703=ADVANCED_FACE('',(#1123),#1189,.T.);
#1704=ADVANCED_FACE('',(#1124),#1190,.T.);
#1705=ADVANCED_FACE('',(#1125),#1191,.T.);
#1706=ADVANCED_FACE('',(#1126),#1192,.T.);
#1707=ADVANCED_FACE('',(#1127),#20,.F.);
#1708=ADVANCED_FACE('',(#1128),#1193,.T.);
#1709=ADVANCED_FACE('',(#1129),#21,.F.);
#1710=ADVANCED_FACE('',(#1130),#1194,.T.);
#1711=ADVANCED_FACE('',(#1131),#22,.F.);
#1712=ADVANCED_FACE('',(#1132),#1195,.T.);
#1713=ADVANCED_FACE('',(#1133),#23,.F.);
#1714=ADVANCED_FACE('',(#1134),#1196,.F.);
#1715=ADVANCED_FACE('',(#1135),#1197,.T.);
#1716=ADVANCED_FACE('',(#1136),#24,.F.);
#1717=ADVANCED_FACE('',(#1137),#1198,.T.);
#1718=ADVANCED_FACE('',(#1138),#25,.F.);
#1719=ADVANCED_FACE('',(#1139),#26,.F.);
#1720=ADVANCED_FACE('',(#1140),#1199,.T.);
#1721=ADVANCED_FACE('',(#1141),#27,.F.);
#1722=ADVANCED_FACE('',(#1142),#1200,.T.);
#1723=ADVANCED_FACE('',(#1143),#1201,.T.);
#1724=ADVANCED_FACE('',(#1144),#1202,.F.);
#1725=ADVANCED_FACE('',(#1145),#1203,.T.);
#1726=ADVANCED_FACE('',(#1146),#1204,.F.);
#1727=ADVANCED_FACE('',(#1147),#28,.T.);
#1728=ADVANCED_FACE('',(#1148),#1205,.T.);
#1729=ADVANCED_FACE('',(#1149),#29,.T.);
#1730=ADVANCED_FACE('',(#1150),#30,.T.);
#1731=ADVANCED_FACE('',(#1151),#1206,.T.);
#1732=ADVANCED_FACE('',(#1152),#31,.T.);
#1733=ADVANCED_FACE('',(#1153),#1207,.F.);
#1734=ADVANCED_FACE('',(#1154),#1208,.T.);
#1735=ADVANCED_FACE('',(#1155),#1209,.T.);
#1736=ADVANCED_FACE('',(#1156),#1210,.T.);
#1737=ADVANCED_FACE('',(#1157),#1211,.T.);
#1738=ADVANCED_FACE('',(#1158),#1212,.F.);
#1739=ADVANCED_FACE('',(#1159),#1213,.F.);
#1740=ADVANCED_FACE('',(#1160),#1214,.F.);
#1741=ADVANCED_FACE('',(#1161),#1215,.F.);
#1742=ADVANCED_FACE('',(#1162),#1216,.T.);
#1743=ADVANCED_FACE('',(#1163),#32,.F.);
#1744=ADVANCED_FACE('',(#1164),#1217,.T.);
#1745=ADVANCED_FACE('',(#1165),#1218,.T.);
#1746=ADVANCED_FACE('',(#1166),#1219,.F.);
#1747=ADVANCED_FACE('',(#1167),#33,.F.);
#1748=ADVANCED_FACE('',(#1168),#1220,.F.);
#1749=ADVANCED_FACE('',(#1169),#1221,.F.);
#1750=ADVANCED_FACE('',(#1170),#34,.F.);
#1751=ADVANCED_FACE('',(#1171),#1222,.T.);
#1752=ADVANCED_FACE('',(#1172),#1223,.T.);
#1753=ADVANCED_FACE('',(#1173),#1224,.T.);
#1754=ADVANCED_FACE('',(#1174),#1225,.F.);
#1755=ADVANCED_FACE('',(#1175),#1226,.F.);
#1756=ADVANCED_FACE('',(#1176),#35,.F.);
#1757=CLOSED_SHELL('',(#1691,#1692,#1693,#1694,#1695,#1696,#1697,#1698,
#1699,#1700,#1701,#1702,#1703,#1704,#1705,#1706,#1707,#1708,#1709,#1710,
#1711,#1712,#1713,#1714,#1715,#1716,#1717,#1718,#1719,#1720,#1721,#1722,
#1723,#1724,#1725,#1726,#1727,#1728,#1729,#1730,#1731,#1732,#1733,#1734,
#1735,#1736,#1737,#1738,#1739,#1740,#1741,#1742,#1743,#1744,#1745,#1746,
#1747,#1748,#1749,#1750,#1751,#1752,#1753,#1754,#1755,#1756));
#1758=MANIFOLD_SOLID_BREP('',#1757);
#1759=SHAPE_DEFINITION_REPRESENTATION(#2587,#1760);
#1760=SHAPE_REPRESENTATION('355012RJT',(#1761),#2582);
#1761=AXIS2_PLACEMENT_3D('',#2210,#1860,#1861);
#1762=AXIS2_PLACEMENT_3D('',#2211,#1862,#1863);
#1763=AXIS2_PLACEMENT_3D('',#2219,#1867,#1868);
#1764=AXIS2_PLACEMENT_3D('',#2223,#1870,#1871);
#1765=AXIS2_PLACEMENT_3D('',#2237,#1878,#1879);
#1766=AXIS2_PLACEMENT_3D('',#2241,#1881,#1882);
#1767=AXIS2_PLACEMENT_3D('',#2242,#1883,#1884);
#1768=AXIS2_PLACEMENT_3D('',#2248,#1888,#1889);
#1769=AXIS2_PLACEMENT_3D('',#2256,#1893,#1894);
#1770=AXIS2_PLACEMENT_3D('',#2260,#1896,#1897);
#1771=AXIS2_PLACEMENT_3D('',#2268,#1901,#1902);
#1772=AXIS2_PLACEMENT_3D('',#2272,#1904,#1905);
#1773=AXIS2_PLACEMENT_3D('',#2279,#1909,#1910);
#1774=AXIS2_PLACEMENT_3D('',#2293,#1918,#1919);
#1775=AXIS2_PLACEMENT_3D('',#2301,#1923,#1924);
#1776=AXIS2_PLACEMENT_3D('',#2305,#1926,#1927);
#1777=AXIS2_PLACEMENT_3D('',#2316,#1933,#1934);
#1778=AXIS2_PLACEMENT_3D('',#2320,#1936,#1937);
#1779=AXIS2_PLACEMENT_3D('',#2321,#1938,#1939);
#1780=AXIS2_PLACEMENT_3D('',#2327,#1943,#1944);
#1781=AXIS2_PLACEMENT_3D('',#2335,#1948,#1949);
#1782=AXIS2_PLACEMENT_3D('',#2339,#1951,#1952);
#1783=AXIS2_PLACEMENT_3D('',#2347,#1956,#1957);
#1784=AXIS2_PLACEMENT_3D('',#2351,#1959,#1960);
#1785=AXIS2_PLACEMENT_3D('',#2358,#1964,#1965);
#1786=AXIS2_PLACEMENT_3D('',#2369,#1972,#1973);
#1787=AXIS2_PLACEMENT_3D('',#2375,#1977,#1978);
#1788=AXIS2_PLACEMENT_3D('',#2381,#1982,#1983);
#1789=AXIS2_PLACEMENT_3D('',#2392,#1990,#1991);
#1790=AXIS2_PLACEMENT_3D('',#2396,#1993,#1994);
#1791=AXIS2_PLACEMENT_3D('',#2402,#1998,#1999);
#1792=AXIS2_PLACEMENT_3D('',#2407,#2002,#2003);
#1793=AXIS2_PLACEMENT_3D('',#2413,#2007,#2008);
#1794=AXIS2_PLACEMENT_3D('',#2418,#2011,#2012);
#1795=AXIS2_PLACEMENT_3D('',#2419,#2013,#2014);
#1796=AXIS2_PLACEMENT_3D('',#2422,#2017,#2018);
#1797=AXIS2_PLACEMENT_3D('',#2428,#2022,#2023);
#1798=AXIS2_PLACEMENT_3D('',#2434,#2027,#2028);
#1799=AXIS2_PLACEMENT_3D('',#2437,#2030,#2031);
#1800=AXIS2_PLACEMENT_3D('',#2438,#2032,#2033);
#1801=AXIS2_PLACEMENT_3D('',#2442,#2036,#2037);
#1802=AXIS2_PLACEMENT_3D('',#2445,#2039,#2040);
#1803=AXIS2_PLACEMENT_3D('',#2446,#2041,#2042);
#1804=AXIS2_PLACEMENT_3D('',#2450,#2045,#2046);
#1805=AXIS2_PLACEMENT_3D('',#2453,#2048,#2049);
#1806=AXIS2_PLACEMENT_3D('',#2454,#2050,#2051);
#1807=AXIS2_PLACEMENT_3D('',#2458,#2054,#2055);
#1808=AXIS2_PLACEMENT_3D('',#2459,#2056,#2057);
#1809=AXIS2_PLACEMENT_3D('',#2460,#2058,#2059);
#1810=AXIS2_PLACEMENT_3D('',#2462,#2061,#2062);
#1811=AXIS2_PLACEMENT_3D('',#2468,#2066,#2067);
#1812=AXIS2_PLACEMENT_3D('',#2469,#2068,#2069);
#1813=AXIS2_PLACEMENT_3D('',#2472,#2071,#2072);
#1814=AXIS2_PLACEMENT_3D('',#2476,#2075,#2076);
#1815=AXIS2_PLACEMENT_3D('',#2477,#2077,#2078);
#1816=AXIS2_PLACEMENT_3D('',#2480,#2080,#2081);
#1817=AXIS2_PLACEMENT_3D('',#2483,#2083,#2084);
#1818=AXIS2_PLACEMENT_3D('',#2486,#2086,#2087);
#1819=AXIS2_PLACEMENT_3D('',#2490,#2090,#2091);
#1820=AXIS2_PLACEMENT_3D('',#2491,#2092,#2093);
#1821=AXIS2_PLACEMENT_3D('',#2492,#2094,#2095);
#1822=AXIS2_PLACEMENT_3D('',#2496,#2098,#2099);
#1823=AXIS2_PLACEMENT_3D('',#2500,#2102,#2103);
#1824=AXIS2_PLACEMENT_3D('',#2502,#2105,#2106);
#1825=AXIS2_PLACEMENT_3D('',#2505,#2109,#2110);
#1826=AXIS2_PLACEMENT_3D('',#2507,#2112,#2113);
#1827=AXIS2_PLACEMENT_3D('',#2509,#2115,#2116);
#1828=AXIS2_PLACEMENT_3D('',#2511,#2118,#2119);
#1829=AXIS2_PLACEMENT_3D('',#2512,#2120,#2121);
#1830=AXIS2_PLACEMENT_3D('',#2514,#2123,#2124);
#1831=AXIS2_PLACEMENT_3D('',#2516,#2126,#2127);
#1832=AXIS2_PLACEMENT_3D('',#2518,#2129,#2130);
#1833=AXIS2_PLACEMENT_3D('',#2520,#2132,#2133);
#1834=AXIS2_PLACEMENT_3D('',#2522,#2135,#2136);
#1835=AXIS2_PLACEMENT_3D('',#2523,#2137,#2138);
#1836=AXIS2_PLACEMENT_3D('',#2525,#2140,#2141);
#1837=AXIS2_PLACEMENT_3D('',#2526,#2142,#2143);
#1838=AXIS2_PLACEMENT_3D('',#2529,#2146,#2147);
#1839=AXIS2_PLACEMENT_3D('',#2536,#2152,#2153);
#1840=AXIS2_PLACEMENT_3D('',#2537,#2154,#2155);
#1841=AXIS2_PLACEMENT_3D('',#2540,#2157,#2158);
#1842=AXIS2_PLACEMENT_3D('',#2543,#2160,#2161);
#1843=AXIS2_PLACEMENT_3D('',#2545,#2163,#2164);
#1844=AXIS2_PLACEMENT_3D('',#2547,#2166,#2167);
#1845=AXIS2_PLACEMENT_3D('',#2548,#2168,#2169);
#1846=AXIS2_PLACEMENT_3D('',#2551,#2171,#2172);
#1847=AXIS2_PLACEMENT_3D('',#2554,#2174,#2175);
#1848=AXIS2_PLACEMENT_3D('',#2556,#2177,#2178);
#1849=AXIS2_PLACEMENT_3D('',#2558,#2180,#2181);
#1850=AXIS2_PLACEMENT_3D('',#2559,#2182,#2183);
#1851=AXIS2_PLACEMENT_3D('',#2560,#2184,#2185);
#1852=AXIS2_PLACEMENT_3D('',#2565,#2188,#2189);
#1853=AXIS2_PLACEMENT_3D('',#2568,#2192,#2193);
#1854=AXIS2_PLACEMENT_3D('',#2569,#2194,#2195);
#1855=AXIS2_PLACEMENT_3D('',#2570,#2196,#2197);
#1856=AXIS2_PLACEMENT_3D('',#2571,#2198,#2199);
#1857=AXIS2_PLACEMENT_3D('',#2576,#2202,#2203);
#1858=AXIS2_PLACEMENT_3D('',#2578,#2205,#2206);
#1859=AXIS2_PLACEMENT_3D('',#2580,#2208,#2209);
#1860=DIRECTION('',(0.,0.,1.));
#1861=DIRECTION('',(1.,0.,0.));
#1862=DIRECTION('',(0.,-1.,0.));
#1863=DIRECTION('',(0.,0.,-1.));
#1864=DIRECTION('',(1.,0.,0.));
#1865=DIRECTION('',(0.,0.,1.));
#1866=DIRECTION('',(-1.,0.,9.34657507432253E-17));
#1867=DIRECTION('',(0.,1.,0.));
#1868=DIRECTION('',(1.,0.,0.));
#1869=DIRECTION('',(-8.93924047723593E-16,0.,1.));
#1870=DIRECTION('',(0.,1.,0.));
#1871=DIRECTION('',(1.,0.,0.));
#1872=DIRECTION('',(1.,0.,-1.20114672846886E-16));
#1873=DIRECTION('',(0.,0.,1.));
#1874=DIRECTION('',(0.,0.,-1.));
#1875=DIRECTION('',(-1.,0.,0.));
#1876=DIRECTION('',(0.,0.,1.));
#1877=DIRECTION('',(1.,0.,0.));
#1878=DIRECTION('',(0.,-1.,0.));
#1879=DIRECTION('',(0.,0.,-1.));
#1880=DIRECTION('',(0.,0.,1.));
#1881=DIRECTION('',(0.,-1.,0.));
#1882=DIRECTION('',(0.,0.,-1.));
#1883=DIRECTION('',(0.,-1.,0.));
#1884=DIRECTION('',(0.,0.,-1.));
#1885=DIRECTION('',(1.,0.,0.));
#1886=DIRECTION('',(0.,0.,1.));
#1887=DIRECTION('',(-1.,0.,9.34657507432253E-17));
#1888=DIRECTION('',(0.,1.,0.));
#1889=DIRECTION('',(0.,0.,1.));
#1890=DIRECTION('',(0.,0.,1.));
#1891=DIRECTION('',(0.,0.,-1.));
#1892=DIRECTION('',(-1.,0.,1.20114672846886E-16));
#1893=DIRECTION('',(0.,1.,0.));
#1894=DIRECTION('',(0.,0.,1.));
#1895=DIRECTION('',(8.93924047723593E-16,0.,-1.));
#1896=DIRECTION('',(0.,1.,0.));
#1897=DIRECTION('',(0.,0.,1.));
#1898=DIRECTION('',(-1.,0.,9.34657507432253E-17));
#1899=DIRECTION('',(0.,0.,-1.));
#1900=DIRECTION('',(-1.,0.,0.));
#1901=DIRECTION('',(0.,1.,0.));
#1902=DIRECTION('',(0.,0.,1.));
#1903=DIRECTION('',(0.,0.,1.));
#1904=DIRECTION('',(0.,1.,0.));
#1905=DIRECTION('',(0.,0.,1.));
#1906=DIRECTION('',(-1.,0.,0.));
#1907=DIRECTION('',(0.,0.,1.));
#1908=DIRECTION('',(-1.,0.,0.));
#1909=DIRECTION('',(0.,1.,0.));
#1910=DIRECTION('',(0.,0.,1.));
#1911=DIRECTION('',(-1.,0.,0.));
#1912=DIRECTION('',(0.,0.,-1.));
#1913=DIRECTION('',(-1.,0.,0.));
#1914=DIRECTION('',(0.,0.,-1.));
#1915=DIRECTION('',(1.,0.,0.));
#1916=DIRECTION('',(0.,0.,1.));
#1917=DIRECTION('',(-1.,0.,1.20114672846886E-16));
#1918=DIRECTION('',(0.,1.,0.));
#1919=DIRECTION('',(0.,0.,1.));
#1920=DIRECTION('',(-1.,0.,0.));
#1921=DIRECTION('',(0.,0.,1.));
#1922=DIRECTION('',(-1.,0.,9.34657507432253E-17));
#1923=DIRECTION('',(0.,1.,0.));
#1924=DIRECTION('',(-1.,0.,0.));
#1925=DIRECTION('',(8.93924047723593E-16,0.,1.));
#1926=DIRECTION('',(0.,1.,0.));
#1927=DIRECTION('',(-1.,0.,0.));
#1928=DIRECTION('',(-1.,0.,1.20114672846886E-16));
#1929=DIRECTION('',(0.,0.,1.));
#1930=DIRECTION('',(1.,0.,0.));
#1931=DIRECTION('',(0.,0.,1.));
#1932=DIRECTION('',(-1.,0.,0.));
#1933=DIRECTION('',(0.,1.,0.));
#1934=DIRECTION('',(0.,0.,1.));
#1935=DIRECTION('',(0.,0.,1.));
#1936=DIRECTION('',(0.,1.,0.));
#1937=DIRECTION('',(0.,0.,1.));
#1938=DIRECTION('',(0.,1.,0.));
#1939=DIRECTION('',(0.,0.,1.));
#1940=DIRECTION('',(-1.,0.,0.));
#1941=DIRECTION('',(0.,0.,1.));
#1942=DIRECTION('',(-1.,0.,9.34657507432253E-17));
#1943=DIRECTION('',(0.,-1.,0.));
#1944=DIRECTION('',(0.,0.,-1.));
#1945=DIRECTION('',(0.,0.,-1.));
#1946=DIRECTION('',(0.,0.,-1.));
#1947=DIRECTION('',(1.,0.,-1.20114672846886E-16));
#1948=DIRECTION('',(0.,1.,0.));
#1949=DIRECTION('',(-1.,0.,0.));
#1950=DIRECTION('',(-8.93924047723593E-16,0.,-1.));
#1951=DIRECTION('',(0.,1.,0.));
#1952=DIRECTION('',(-1.,0.,0.));
#1953=DIRECTION('',(-1.,0.,9.34657507432253E-17));
#1954=DIRECTION('',(0.,0.,-1.));
#1955=DIRECTION('',(1.,0.,0.));
#1956=DIRECTION('',(0.,-1.,0.));
#1957=DIRECTION('',(0.,0.,-1.));
#1958=DIRECTION('',(0.,0.,1.));
#1959=DIRECTION('',(0.,-1.,0.));
#1960=DIRECTION('',(0.,0.,-1.));
#1961=DIRECTION('',(1.,0.,0.));
#1962=DIRECTION('',(0.,0.,1.));
#1963=DIRECTION('',(1.,0.,0.));
#1964=DIRECTION('',(0.,-1.,0.));
#1965=DIRECTION('',(0.,0.,-1.));
#1966=DIRECTION('',(1.,0.,-1.20114672846886E-16));
#1967=DIRECTION('',(-1.,0.,0.));
#1968=DIRECTION('',(0.,0.,1.));
#1969=DIRECTION('',(1.,0.,0.));
#1970=DIRECTION('',(0.,0.,1.));
#1971=DIRECTION('',(1.,0.,0.));
#1972=DIRECTION('',(0.,-1.,0.));
#1973=DIRECTION('',(0.,0.,-1.));
#1974=DIRECTION('',(-1.,0.,9.34657507432253E-17));
#1975=DIRECTION('',(0.,0.,-1.));
#1976=DIRECTION('',(1.,0.,0.));
#1977=DIRECTION('',(0.,1.,0.));
#1978=DIRECTION('',(0.,0.,1.));
#1979=DIRECTION('',(-1.,0.,9.34657507432253E-17));
#1980=DIRECTION('',(0.,0.,-1.));
#1981=DIRECTION('',(-1.,0.,0.));
#1982=DIRECTION('',(-1.,0.,0.));
#1983=DIRECTION('',(0.,0.,1.));
#1984=DIRECTION('',(0.,-1.,0.));
#1985=DIRECTION('',(0.,0.,1.));
#1986=DIRECTION('',(0.,-1.,0.));
#1987=DIRECTION('',(0.,0.,1.));
#1988=DIRECTION('',(0.,1.,0.));
#1989=DIRECTION('',(0.,1.,0.));
#1990=DIRECTION('',(0.,0.,1.));
#1991=DIRECTION('',(1.,0.,0.));
#1992=DIRECTION('',(1.,0.,0.));
#1993=DIRECTION('',(0.,0.,1.));
#1994=DIRECTION('',(1.,0.,0.));
#1995=DIRECTION('',(0.,-1.,0.));
#1996=DIRECTION('',(0.,-1.,0.));
#1997=DIRECTION('',(0.,1.,0.));
#1998=DIRECTION('',(0.,0.,-1.));
#1999=DIRECTION('',(1.,0.,0.));
#2000=DIRECTION('',(1.,0.,0.));
#2001=DIRECTION('',(0.,-1.,0.));
#2002=DIRECTION('',(0.,0.,1.));
#2003=DIRECTION('',(1.,0.,0.));
#2004=DIRECTION('',(0.,1.,0.));
#2005=DIRECTION('',(0.,1.,0.));
#2006=DIRECTION('',(0.,-1.,0.));
#2007=DIRECTION('',(0.,0.,-1.));
#2008=DIRECTION('',(1.,0.,0.));
#2009=DIRECTION('',(-1.,0.,0.));
#2010=DIRECTION('',(-1.,0.,0.));
#2011=DIRECTION('',(0.,0.,1.));
#2012=DIRECTION('',(1.,0.,0.));
#2013=DIRECTION('',(0.,0.,1.));
#2014=DIRECTION('',(1.,0.,0.));
#2015=DIRECTION('',(0.,1.,0.));
#2016=DIRECTION('',(0.,1.,0.));
#2017=DIRECTION('',(9.34657507432253E-17,0.,1.));
#2018=DIRECTION('',(1.,0.,-9.34657507432253E-17));
#2019=DIRECTION('',(0.,1.,0.));
#2020=DIRECTION('',(0.,1.,0.));
#2021=DIRECTION('',(-1.,0.,9.34657507432253E-17));
#2022=DIRECTION('',(-1.20114672846886E-16,0.,-1.));
#2023=DIRECTION('',(-1.,0.,1.20114672846886E-16));
#2024=DIRECTION('',(0.,1.,0.));
#2025=DIRECTION('',(1.,0.,-1.20114672846886E-16));
#2026=DIRECTION('',(0.,1.,0.));
#2027=DIRECTION('',(0.,1.,0.));
#2028=DIRECTION('',(0.,0.,-1.));
#2029=DIRECTION('',(0.,1.,0.));
#2030=DIRECTION('',(0.,1.,0.));
#2031=DIRECTION('',(-1.,0.,0.));
#2032=DIRECTION('',(-1.,0.,8.93924047723593E-16));
#2033=DIRECTION('',(8.93924047723593E-16,0.,1.));
#2034=DIRECTION('',(0.,1.,0.));
#2035=DIRECTION('',(-8.93924047723593E-16,0.,-1.));
#2036=DIRECTION('',(0.,1.,0.));
#2037=DIRECTION('',(0.,0.,-1.));
#2038=DIRECTION('',(0.,1.,0.));
#2039=DIRECTION('',(0.,1.,0.));
#2040=DIRECTION('',(-1.,0.,0.));
#2041=DIRECTION('',(9.34657507432253E-17,0.,1.));
#2042=DIRECTION('',(1.,0.,-9.34657507432253E-17));
#2043=DIRECTION('',(0.,1.,0.));
#2044=DIRECTION('',(-1.,0.,9.34657507432253E-17));
#2045=DIRECTION('',(0.,1.,0.));
#2046=DIRECTION('',(0.,0.,-1.));
#2047=DIRECTION('',(0.,1.,0.));
#2048=DIRECTION('',(0.,1.,0.));
#2049=DIRECTION('',(1.,0.,0.));
#2050=DIRECTION('',(1.,0.,8.93924047723593E-16));
#2051=DIRECTION('',(8.93924047723593E-16,0.,-1.));
#2052=DIRECTION('',(0.,1.,0.));
#2053=DIRECTION('',(-8.93924047723593E-16,0.,1.));
#2054=DIRECTION('',(0.,1.,0.));
#2055=DIRECTION('',(0.,0.,-1.));
#2056=DIRECTION('',(0.,1.,0.));
#2057=DIRECTION('',(1.,0.,0.));
#2058=DIRECTION('',(0.,-1.,0.));
#2059=DIRECTION('',(0.,0.,1.));
#2060=DIRECTION('',(-1.,0.,9.34657507432253E-17));
#2061=DIRECTION('',(-1.20114672846886E-16,0.,-1.));
#2062=DIRECTION('',(-1.,0.,1.20114672846886E-16));
#2063=DIRECTION('',(0.,-1.,0.));
#2064=DIRECTION('',(1.,0.,-1.20114672846886E-16));
#2065=DIRECTION('',(0.,-1.,0.));
#2066=DIRECTION('',(0.,-1.,0.));
#2067=DIRECTION('',(0.,0.,-1.));
#2068=DIRECTION('',(0.,1.,0.));
#2069=DIRECTION('',(-1.,0.,0.));
#2070=DIRECTION('',(0.,-1.,0.));
#2071=DIRECTION('',(-1.,0.,8.93924047723593E-16));
#2072=DIRECTION('',(8.93924047723593E-16,0.,1.));
#2073=DIRECTION('',(-8.93924047723593E-16,0.,-1.));
#2074=DIRECTION('',(0.,-1.,0.));
#2075=DIRECTION('',(0.,-1.,0.));
#2076=DIRECTION('',(0.,0.,-1.));
#2077=DIRECTION('',(0.,1.,0.));
#2078=DIRECTION('',(-1.,0.,0.));
#2079=DIRECTION('',(0.,-1.,0.));
#2080=DIRECTION('',(0.,-1.,0.));
#2081=DIRECTION('',(0.,0.,-1.));
#2082=DIRECTION('',(0.,-1.,0.));
#2083=DIRECTION('',(0.,1.,0.));
#2084=DIRECTION('',(1.,0.,0.));
#2085=DIRECTION('',(0.,-1.,0.));
#2086=DIRECTION('',(1.,0.,8.93924047723593E-16));
#2087=DIRECTION('',(8.93924047723593E-16,0.,-1.));
#2088=DIRECTION('',(-8.93924047723593E-16,0.,1.));
#2089=DIRECTION('',(0.,-1.,0.));
#2090=DIRECTION('',(0.,-1.,0.));
#2091=DIRECTION('',(0.,0.,-1.));
#2092=DIRECTION('',(0.,1.,0.));
#2093=DIRECTION('',(1.,0.,0.));
#2094=DIRECTION('',(9.34657507432253E-17,0.,1.));
#2095=DIRECTION('',(1.,0.,-9.34657507432253E-17));
#2096=DIRECTION('',(0.,1.,0.));
#2097=DIRECTION('',(-1.,0.,9.34657507432253E-17));
#2098=DIRECTION('',(9.34657507432253E-17,0.,1.));
#2099=DIRECTION('',(1.,0.,-9.34657507432253E-17));
#2100=DIRECTION('',(-1.,0.,9.34657507432253E-17));
#2101=DIRECTION('',(0.,1.,0.));
#2102=DIRECTION('',(0.,1.,0.));
#2103=DIRECTION('',(0.,0.,1.));
#2104=DIRECTION('',(-1.,0.,9.34657507432253E-17));
#2105=DIRECTION('',(-1.,0.,0.));
#2106=DIRECTION('',(0.,0.,1.));
#2107=DIRECTION('',(0.,1.,0.));
#2108=DIRECTION('',(0.,1.,0.));
#2109=DIRECTION('',(0.,0.,1.));
#2110=DIRECTION('',(1.,0.,0.));
#2111=DIRECTION('',(0.,1.,0.));
#2112=DIRECTION('',(0.,-1.,0.));
#2113=DIRECTION('',(0.,0.,-1.));
#2114=DIRECTION('',(0.,1.,0.));
#2115=DIRECTION('',(1.,0.,0.));
#2116=DIRECTION('',(0.,0.,-1.));
#2117=DIRECTION('',(0.,1.,0.));
#2118=DIRECTION('',(0.,1.,0.));
#2119=DIRECTION('',(0.,0.,1.));
#2120=DIRECTION('',(0.,-1.,0.));
#2121=DIRECTION('',(0.,0.,-1.));
#2122=DIRECTION('',(0.,-1.,0.));
#2123=DIRECTION('',(-1.,0.,0.));
#2124=DIRECTION('',(0.,0.,1.));
#2125=DIRECTION('',(0.,-1.,0.));
#2126=DIRECTION('',(0.,1.,0.));
#2127=DIRECTION('',(0.,0.,1.));
#2128=DIRECTION('',(0.,-1.,0.));
#2129=DIRECTION('',(0.,0.,1.));
#2130=DIRECTION('',(1.,0.,0.));
#2131=DIRECTION('',(0.,1.,0.));
#2132=DIRECTION('',(1.,0.,0.));
#2133=DIRECTION('',(0.,0.,-1.));
#2134=DIRECTION('',(0.,1.,0.));
#2135=DIRECTION('',(0.,0.,-1.));
#2136=DIRECTION('',(-1.,0.,0.));
#2137=DIRECTION('',(0.,0.,1.));
#2138=DIRECTION('',(1.,0.,0.));
#2139=DIRECTION('',(0.,1.,0.));
#2140=DIRECTION('',(1.,0.,0.));
#2141=DIRECTION('',(0.,0.,-1.));
#2142=DIRECTION('',(0.,0.,-1.));
#2143=DIRECTION('',(-1.,0.,0.));
#2144=DIRECTION('',(0.,1.,0.));
#2145=DIRECTION('',(0.,1.,0.));
#2146=DIRECTION('',(-1.,0.,0.));
#2147=DIRECTION('',(0.,0.,1.));
#2148=DIRECTION('',(0.,1.,0.));
#2149=DIRECTION('',(0.,0.,1.));
#2150=DIRECTION('',(0.,0.,1.));
#2151=DIRECTION('',(0.,-1.,0.));
#2152=DIRECTION('',(1.,0.,0.));
#2153=DIRECTION('',(0.,0.,-1.));
#2154=DIRECTION('',(0.,0.,-1.));
#2155=DIRECTION('',(-1.,0.,0.));
#2156=DIRECTION('',(-1.,0.,0.));
#2157=DIRECTION('',(0.,0.,-1.));
#2158=DIRECTION('',(1.,0.,0.));
#2159=DIRECTION('',(0.,-1.,0.));
#2160=DIRECTION('',(-1.,0.,0.));
#2161=DIRECTION('',(0.,0.,1.));
#2162=DIRECTION('',(0.,0.,1.));
#2163=DIRECTION('',(0.,0.,1.));
#2164=DIRECTION('',(1.,0.,0.));
#2165=DIRECTION('',(0.,0.,1.));
#2166=DIRECTION('',(0.,1.,0.));
#2167=DIRECTION('',(0.,0.,1.));
#2168=DIRECTION('',(0.,0.,1.));
#2169=DIRECTION('',(1.,0.,0.));
#2170=DIRECTION('',(0.,1.,0.));
#2171=DIRECTION('',(0.,0.,1.));
#2172=DIRECTION('',(1.,0.,0.));
#2173=DIRECTION('',(-1.,0.,0.));
#2174=DIRECTION('',(1.,0.,0.));
#2175=DIRECTION('',(0.,0.,-1.));
#2176=DIRECTION('',(0.,0.,1.));
#2177=DIRECTION('',(0.,0.,1.));
#2178=DIRECTION('',(1.,0.,0.));
#2179=DIRECTION('',(0.,0.,1.));
#2180=DIRECTION('',(0.,1.,0.));
#2181=DIRECTION('',(0.,0.,1.));
#2182=DIRECTION('',(0.,0.,-1.));
#2183=DIRECTION('',(-1.,0.,0.));
#2184=DIRECTION('',(0.,0.,-1.));
#2185=DIRECTION('',(1.,0.,0.));
#2186=DIRECTION('',(0.,1.,0.));
#2187=DIRECTION('',(1.,0.,0.));
#2188=DIRECTION('',(0.,0.,1.));
#2189=DIRECTION('',(1.,0.,0.));
#2190=DIRECTION('',(0.,0.,1.));
#2191=DIRECTION('',(0.,0.,1.));
#2192=DIRECTION('',(0.,-1.,0.));
#2193=DIRECTION('',(0.,0.,-1.));
#2194=DIRECTION('',(1.,0.,0.));
#2195=DIRECTION('',(0.,0.,-1.));
#2196=DIRECTION('',(0.,0.,1.));
#2197=DIRECTION('',(1.,0.,0.));
#2198=DIRECTION('',(0.,0.,1.));
#2199=DIRECTION('',(1.,0.,0.));
#2200=DIRECTION('',(1.,0.,0.));
#2201=DIRECTION('',(0.,-1.,0.));
#2202=DIRECTION('',(0.,-1.,0.));
#2203=DIRECTION('',(0.,0.,-1.));
#2204=DIRECTION('',(0.,0.,1.));
#2205=DIRECTION('',(-1.,0.,0.));
#2206=DIRECTION('',(0.,0.,1.));
#2207=DIRECTION('',(0.,0.,1.));
#2208=DIRECTION('',(0.,0.,1.));
#2209=DIRECTION('',(1.,0.,0.));
#2210=CARTESIAN_POINT('',(0.,0.,0.));
#2211=CARTESIAN_POINT('',(-5.5,-2.5,-1.1));
#2212=CARTESIAN_POINT('',(-5.5,-2.5,-1.1));
#2213=CARTESIAN_POINT('',(-5.45,-2.5,-1.1));
#2214=CARTESIAN_POINT('',(-4.705,-2.5,-1.1));
#2215=CARTESIAN_POINT('',(-4.705,-2.5,-1.1));
#2216=CARTESIAN_POINT('',(-4.705,-2.5,-1.07494024748169));
#2217=CARTESIAN_POINT('',(-5.41999885276499,-2.5,-1.07494024748169));
#2218=CARTESIAN_POINT('',(-5.41999885276499,-2.5,-1.07494024748169));
#2219=CARTESIAN_POINT('',(-5.41999885276499,-2.5,-1.04494024748169));
#2220=CARTESIAN_POINT('',(-5.44999885276498,-2.5,-1.04494024748169));
#2221=CARTESIAN_POINT('',(-5.44999885276499,-2.5,-0.0746545277975977));
#2222=CARTESIAN_POINT('',(-5.44999885276499,-2.5,-0.0746545277975977));
#2223=CARTESIAN_POINT('',(-5.4158354518481,-2.5,-0.0746545277975977));
#2224=CARTESIAN_POINT('',(-5.4158354518481,-2.5,-0.0404911268807144));
#2225=CARTESIAN_POINT('',(-1.26683480442478E-16,-2.5,-0.0404911268807138));
#2226=CARTESIAN_POINT('',(-4.705,-2.5,-0.0404911268807131));
#2227=CARTESIAN_POINT('',(-4.705,-2.5,-1.1));
#2228=CARTESIAN_POINT('',(-4.705,-2.5,-0.0320833521911762));
#2229=CARTESIAN_POINT('',(-4.705,-2.5,-1.1));
#2230=CARTESIAN_POINT('',(-4.705,-2.5,-0.00293882664204605));
#2231=CARTESIAN_POINT('',(-4.705,-2.5,-0.00293882664204605));
#2232=CARTESIAN_POINT('',(-5.044965175549,-2.5,-0.00293882664204605));
#2233=CARTESIAN_POINT('',(-5.044965175549,-2.5,-0.02));
#2234=CARTESIAN_POINT('',(-5.044965175549,-2.5,0.));
#2235=CARTESIAN_POINT('',(-5.5,-2.5,0.));
#2236=CARTESIAN_POINT('',(-5.45,-2.5,0.));
#2237=CARTESIAN_POINT('',(-5.45,-2.5,-0.0500000000000001));
#2238=CARTESIAN_POINT('',(-5.5,-2.5,-0.0500000000000001));
#2239=CARTESIAN_POINT('',(-5.5,-2.5,-1.1));
#2240=CARTESIAN_POINT('',(-5.5,-2.5,-1.05));
#2241=CARTESIAN_POINT('',(-5.45,-2.5,-1.05));
#2242=CARTESIAN_POINT('',(-5.5,-2.5,-1.1));
#2243=CARTESIAN_POINT('',(-5.5,-2.5,-1.1));
#2244=CARTESIAN_POINT('',(-3.1,-2.5,-1.1));
#2245=CARTESIAN_POINT('',(-3.1,-2.5,-1.1));
#2246=CARTESIAN_POINT('',(-3.1,-2.5,-1.07494024748169));
#2247=CARTESIAN_POINT('',(-5.41999885276499,-2.5,-1.07494024748169));
#2248=CARTESIAN_POINT('',(5.5,2.5,-1.1));
#2249=CARTESIAN_POINT('',(-4.705,2.5,-1.1));
#2250=CARTESIAN_POINT('',(-4.705,2.5,-0.00293882664204605));
#2251=CARTESIAN_POINT('',(-4.705,2.5,-0.0320833521911762));
#2252=CARTESIAN_POINT('',(-4.705,2.5,-1.1));
#2253=CARTESIAN_POINT('',(-4.705,2.5,-0.0404911268807131));
#2254=CARTESIAN_POINT('',(5.5,2.5,-0.0404911268807144));
#2255=CARTESIAN_POINT('',(-5.4158354518481,2.5,-0.0404911268807144));
#2256=CARTESIAN_POINT('',(-5.4158354518481,2.5,-0.0746545277975977));
#2257=CARTESIAN_POINT('',(-5.44999885276499,2.5,-0.0746545277975977));
#2258=CARTESIAN_POINT('',(-5.44999885276498,2.5,-1.10000000000001));
#2259=CARTESIAN_POINT('',(-5.44999885276498,2.5,-1.04494024748169));
#2260=CARTESIAN_POINT('',(-5.41999885276499,2.5,-1.04494024748169));
#2261=CARTESIAN_POINT('',(-5.41999885276499,2.5,-1.07494024748169));
#2262=CARTESIAN_POINT('',(-5.41999885276499,2.5,-1.07494024748169));
#2263=CARTESIAN_POINT('',(-4.705,2.5,-1.07494024748169));
#2264=CARTESIAN_POINT('',(-4.705,2.5,-1.1));
#2265=CARTESIAN_POINT('',(-4.705,2.5,-1.1));
#2266=CARTESIAN_POINT('',(5.5,2.5,-1.1));
#2267=CARTESIAN_POINT('',(-5.45,2.5,-1.1));
#2268=CARTESIAN_POINT('',(-5.45,2.5,-1.05));
#2269=CARTESIAN_POINT('',(-5.5,2.5,-1.05));
#2270=CARTESIAN_POINT('',(-5.5,2.5,-1.1));
#2271=CARTESIAN_POINT('',(-5.5,2.5,-0.0500000000000001));
#2272=CARTESIAN_POINT('',(-5.45,2.5,-0.0500000000000001));
#2273=CARTESIAN_POINT('',(-5.45,2.5,0.));
#2274=CARTESIAN_POINT('',(5.5,2.5,0.));
#2275=CARTESIAN_POINT('',(-5.044965175549,2.5,0.));
#2276=CARTESIAN_POINT('',(-5.044965175549,2.5,-0.02));
#2277=CARTESIAN_POINT('',(-5.044965175549,2.5,-0.00293882664204605));
#2278=CARTESIAN_POINT('',(-4.705,2.5,-0.00293882664204605));
#2279=CARTESIAN_POINT('',(5.5,2.5,-1.1));
#2280=CARTESIAN_POINT('',(5.5,2.5,-0.0320833521911762));
#2281=CARTESIAN_POINT('',(-4.695,2.5,-0.0320833521911762));
#2282=CARTESIAN_POINT('',(-4.695,2.5,-1.1));
#2283=CARTESIAN_POINT('',(-4.695,2.5,0.));
#2284=CARTESIAN_POINT('',(5.5,2.5,0.));
#2285=CARTESIAN_POINT('',(4.695,2.5,0.));
#2286=CARTESIAN_POINT('',(4.695,2.5,-1.1));
#2287=CARTESIAN_POINT('',(4.695,2.5,-0.0320833521911762));
#2288=CARTESIAN_POINT('',(5.5,2.5,-0.0320833521911762));
#2289=CARTESIAN_POINT('',(4.705,2.5,-0.0320833521911762));
#2290=CARTESIAN_POINT('',(4.705,2.5,-1.1));
#2291=CARTESIAN_POINT('',(4.705,2.5,-0.0404911268807144));
#2292=CARTESIAN_POINT('',(5.5,2.5,-0.0404911268807144));
#2293=CARTESIAN_POINT('',(5.5,2.5,-1.1));
#2294=CARTESIAN_POINT('',(5.5,2.5,-1.1));
#2295=CARTESIAN_POINT('',(5.45,2.5,-1.1));
#2296=CARTESIAN_POINT('',(4.705,2.5,-1.1));
#2297=CARTESIAN_POINT('',(4.705,2.5,-1.1));
#2298=CARTESIAN_POINT('',(4.705,2.5,-1.07494024748169));
#2299=CARTESIAN_POINT('',(-5.41999885276499,2.5,-1.07494024748169));
#2300=CARTESIAN_POINT('',(5.41999885276499,2.5,-1.07494024748169));
#2301=CARTESIAN_POINT('',(5.41999885276499,2.5,-1.04494024748169));
#2302=CARTESIAN_POINT('',(5.44999885276498,2.5,-1.04494024748169));
#2303=CARTESIAN_POINT('',(5.44999885276498,2.5,-1.1));
#2304=CARTESIAN_POINT('',(5.44999885276499,2.5,-0.0746545277975977));
#2305=CARTESIAN_POINT('',(5.4158354518481,2.5,-0.0746545277975977));
#2306=CARTESIAN_POINT('',(5.4158354518481,2.5,-0.0404911268807144));
#2307=CARTESIAN_POINT('',(5.5,2.5,-0.0404911268807144));
#2308=CARTESIAN_POINT('',(4.705,2.5,-1.1));
#2309=CARTESIAN_POINT('',(4.705,2.5,-0.00293882664204605));
#2310=CARTESIAN_POINT('',(4.705,2.5,-0.00293882664204605));
#2311=CARTESIAN_POINT('',(5.044965175549,2.5,-0.00293882664204605));
#2312=CARTESIAN_POINT('',(5.044965175549,2.5,-0.02));
#2313=CARTESIAN_POINT('',(5.044965175549,2.5,0.));
#2314=CARTESIAN_POINT('',(5.5,2.5,0.));
#2315=CARTESIAN_POINT('',(5.45,2.5,0.));
#2316=CARTESIAN_POINT('',(5.45,2.5,-0.0500000000000001));
#2317=CARTESIAN_POINT('',(5.5,2.5,-0.0500000000000001));
#2318=CARTESIAN_POINT('',(5.5,2.5,-1.1));
#2319=CARTESIAN_POINT('',(5.5,2.5,-1.05));
#2320=CARTESIAN_POINT('',(5.45,2.5,-1.05));
#2321=CARTESIAN_POINT('',(5.5,2.5,-1.1));
#2322=CARTESIAN_POINT('',(5.5,2.5,-1.1));
#2323=CARTESIAN_POINT('',(3.1,2.5,-1.1));
#2324=CARTESIAN_POINT('',(3.1,2.5,-1.1));
#2325=CARTESIAN_POINT('',(3.1,2.5,-1.07494024748169));
#2326=CARTESIAN_POINT('',(-5.41999885276499,2.5,-1.07494024748169));
#2327=CARTESIAN_POINT('',(-5.5,-2.5,-1.1));
#2328=CARTESIAN_POINT('',(4.705,-2.5,-1.1));
#2329=CARTESIAN_POINT('',(4.705,-2.5,-0.00293882664204605));
#2330=CARTESIAN_POINT('',(4.705,-2.5,-0.0320833521911762));
#2331=CARTESIAN_POINT('',(4.705,-2.5,-1.1));
#2332=CARTESIAN_POINT('',(4.705,-2.5,-0.0404911268807144));
#2333=CARTESIAN_POINT('',(-1.26683480442478E-16,-2.5,-0.0404911268807138));
#2334=CARTESIAN_POINT('',(5.4158354518481,-2.5,-0.0404911268807144));
#2335=CARTESIAN_POINT('',(5.4158354518481,-2.5,-0.0746545277975977));
#2336=CARTESIAN_POINT('',(5.44999885276499,-2.5,-0.0746545277975977));
#2337=CARTESIAN_POINT('',(5.44999885276499,-2.5,-0.0746545277975977));
#2338=CARTESIAN_POINT('',(5.44999885276498,-2.5,-1.04494024748169));
#2339=CARTESIAN_POINT('',(5.41999885276499,-2.5,-1.04494024748169));
#2340=CARTESIAN_POINT('',(5.41999885276499,-2.5,-1.07494024748169));
#2341=CARTESIAN_POINT('',(-5.41999885276499,-2.5,-1.07494024748169));
#2342=CARTESIAN_POINT('',(4.705,-2.5,-1.07494024748169));
#2343=CARTESIAN_POINT('',(4.705,-2.5,-1.1));
#2344=CARTESIAN_POINT('',(4.705,-2.5,-1.1));
#2345=CARTESIAN_POINT('',(-5.5,-2.5,-1.1));
#2346=CARTESIAN_POINT('',(5.45,-2.5,-1.1));
#2347=CARTESIAN_POINT('',(5.45,-2.5,-1.05));
#2348=CARTESIAN_POINT('',(5.5,-2.5,-1.05));
#2349=CARTESIAN_POINT('',(5.5,-2.5,-1.1));
#2350=CARTESIAN_POINT('',(5.5,-2.5,-0.0500000000000001));
#2351=CARTESIAN_POINT('',(5.45,-2.5,-0.0500000000000001));
#2352=CARTESIAN_POINT('',(5.45,-2.5,0.));
#2353=CARTESIAN_POINT('',(-5.5,-2.5,0.));
#2354=CARTESIAN_POINT('',(5.044965175549,-2.5,0.));
#2355=CARTESIAN_POINT('',(5.044965175549,-2.5,-0.02));
#2356=CARTESIAN_POINT('',(5.044965175549,-2.5,-0.00293882664204605));
#2357=CARTESIAN_POINT('',(4.705,-2.5,-0.00293882664204605));
#2358=CARTESIAN_POINT('',(-5.5,-2.5,-1.1));
#2359=CARTESIAN_POINT('',(-1.26683480442478E-16,-2.5,-0.0404911268807138));
#2360=CARTESIAN_POINT('',(-5.5,-2.5,-0.0320833521911762));
#2361=CARTESIAN_POINT('',(4.695,-2.5,-0.0320833521911762));
#2362=CARTESIAN_POINT('',(4.695,-2.5,-1.1));
#2363=CARTESIAN_POINT('',(4.695,-2.5,0.));
#2364=CARTESIAN_POINT('',(-5.5,-2.5,0.));
#2365=CARTESIAN_POINT('',(-4.695,-2.5,0.));
#2366=CARTESIAN_POINT('',(-4.695,-2.5,-1.1));
#2367=CARTESIAN_POINT('',(-4.695,-2.5,-0.0320833521911762));
#2368=CARTESIAN_POINT('',(-5.5,-2.5,-0.0320833521911762));
#2369=CARTESIAN_POINT('',(-5.5,-2.5,-1.1));
#2370=CARTESIAN_POINT('',(-5.41999885276499,-2.5,-1.07494024748169));
#2371=CARTESIAN_POINT('',(3.1,-2.5,-1.07494024748169));
#2372=CARTESIAN_POINT('',(3.1,-2.5,-1.1));
#2373=CARTESIAN_POINT('',(3.1,-2.5,-1.1));
#2374=CARTESIAN_POINT('',(-5.5,-2.5,-1.1));
#2375=CARTESIAN_POINT('',(5.5,2.5,-1.1));
#2376=CARTESIAN_POINT('',(-5.41999885276499,2.5,-1.07494024748169));
#2377=CARTESIAN_POINT('',(-3.1,2.5,-1.07494024748169));
#2378=CARTESIAN_POINT('',(-3.1,2.5,-1.1));
#2379=CARTESIAN_POINT('',(-3.1,2.5,-1.1));
#2380=CARTESIAN_POINT('',(5.5,2.5,-1.1));
#2381=CARTESIAN_POINT('',(4.705,-11.345199610973,-0.0320833521911762));
#2382=CARTESIAN_POINT('',(4.705,-2.19086703544965,-0.00293882664204605));
#2383=CARTESIAN_POINT('',(4.705,-2.19086703544965,-0.00293882664204605));
#2384=CARTESIAN_POINT('',(4.705,-2.19086703544965,-0.02));
#2385=CARTESIAN_POINT('',(4.705,-2.19086703544965,0.));
#2386=CARTESIAN_POINT('',(4.705,0.,0.));
#2387=CARTESIAN_POINT('',(4.705,2.19086703544965,0.));
#2388=CARTESIAN_POINT('',(4.705,2.19086703544965,-0.02));
#2389=CARTESIAN_POINT('',(4.705,2.19086703544965,-0.00293882664204605));
#2390=CARTESIAN_POINT('',(4.705,2.19086703544965,-0.00293882664204605));
#2391=CARTESIAN_POINT('',(4.705,-11.345199610973,-0.0320833521911762));
#2392=CARTESIAN_POINT('',(0.,0.,0.));
#2393=CARTESIAN_POINT('',(-5.02310226186394,2.19086703544965,0.));
#2394=CARTESIAN_POINT('',(-5.02310226186394,2.19086703544965,0.));
#2395=CARTESIAN_POINT('',(-4.705,2.19086703544965,0.));
#2396=CARTESIAN_POINT('',(-5.02310226186394,2.21272994913471,0.));
#2397=CARTESIAN_POINT('',(-5.044965175549,2.21272994913471,0.));
#2398=CARTESIAN_POINT('',(-5.044965175549,2.5,0.));
#2399=CARTESIAN_POINT('',(-5.45,0.,0.));
#2400=CARTESIAN_POINT('',(-5.044965175549,-2.5,0.));
#2401=CARTESIAN_POINT('',(-5.044965175549,-2.21272994913471,0.));
#2402=CARTESIAN_POINT('',(-5.02310226186394,-2.21272994913471,0.));
#2403=CARTESIAN_POINT('',(-5.02310226186394,-2.19086703544965,0.));
#2404=CARTESIAN_POINT('',(-5.02310226186394,-2.19086703544965,0.));
#2405=CARTESIAN_POINT('',(-4.705,-2.19086703544965,0.));
#2406=CARTESIAN_POINT('',(-4.705,0.,0.));
#2407=CARTESIAN_POINT('',(0.,0.,0.));
#2408=CARTESIAN_POINT('',(5.044965175549,-2.5,0.));
#2409=CARTESIAN_POINT('',(5.044965175549,-2.21272994913471,0.));
#2410=CARTESIAN_POINT('',(5.45,0.,0.));
#2411=CARTESIAN_POINT('',(5.044965175549,2.5,0.));
#2412=CARTESIAN_POINT('',(5.044965175549,2.21272994913471,0.));
#2413=CARTESIAN_POINT('',(5.02310226186394,2.21272994913471,0.));
#2414=CARTESIAN_POINT('',(5.02310226186394,2.19086703544965,0.));
#2415=CARTESIAN_POINT('',(5.02310226186394,2.19086703544965,0.));
#2416=CARTESIAN_POINT('',(5.02310226186394,-2.19086703544965,0.));
#2417=CARTESIAN_POINT('',(5.02310226186394,-2.19086703544965,0.));
#2418=CARTESIAN_POINT('',(5.02310226186394,-2.21272994913471,0.));
#2419=CARTESIAN_POINT('',(0.,0.,0.));
#2420=CARTESIAN_POINT('',(-4.695,0.,0.));
#2421=CARTESIAN_POINT('',(4.695,0.,0.));
#2422=CARTESIAN_POINT('',(-5.41999885276499,2.49362138034204,-1.07494024748169));
#2423=CARTESIAN_POINT('',(-3.1,-14.8005548096481,-1.07494024748169));
#2424=CARTESIAN_POINT('',(-3.1,2.49362138034204,-1.07494024748169));
#2425=CARTESIAN_POINT('',(-5.41999885276499,2.49362138034204,-1.07494024748169));
#2426=CARTESIAN_POINT('',(-5.41999885276499,2.49362138034204,-1.07494024748169));
#2427=CARTESIAN_POINT('',(5.41999885276499,2.49362138034204,-1.07494024748169));
#2428=CARTESIAN_POINT('',(-1.26683480442478E-16,2.49362138034204,-0.0404911268807138));
#2429=CARTESIAN_POINT('',(5.4158354518481,2.49362138034204,-0.0404911268807144));
#2430=CARTESIAN_POINT('',(5.4158354518481,2.49362138034204,-0.0404911268807144));
#2431=CARTESIAN_POINT('',(-1.26683480442478E-16,2.49362138034204,-0.0404911268807138));
#2432=CARTESIAN_POINT('',(-5.4158354518481,2.49362138034204,-0.0404911268807144));
#2433=CARTESIAN_POINT('',(-5.4158354518481,2.49362138034204,-0.0404911268807144));
#2434=CARTESIAN_POINT('',(5.4158354518481,2.49362138034204,-0.0746545277975977));
#2435=CARTESIAN_POINT('',(5.44999885276499,2.49362138034204,-0.0746545277975977));
#2436=CARTESIAN_POINT('',(5.44999885276499,2.49362138034204,-0.0746545277975977));
#2437=CARTESIAN_POINT('',(5.4158354518481,2.49362138034204,-0.0746545277975977));
#2438=CARTESIAN_POINT('',(5.44999885276499,2.49362138034204,-0.0746545277975977));
#2439=CARTESIAN_POINT('',(5.44999885276498,2.49362138034204,-1.04494024748169));
#2440=CARTESIAN_POINT('',(5.44999885276498,2.49362138034204,-1.04494024748169));
#2441=CARTESIAN_POINT('',(5.44999885276499,2.49362138034204,-0.0746545277975977));
#2442=CARTESIAN_POINT('',(5.41999885276499,2.49362138034204,-1.04494024748169));
#2443=CARTESIAN_POINT('',(5.41999885276499,2.49362138034204,-1.07494024748169));
#2444=CARTESIAN_POINT('',(5.41999885276499,2.49362138034204,-1.07494024748169));
#2445=CARTESIAN_POINT('',(5.41999885276499,2.49362138034204,-1.04494024748169));
#2446=CARTESIAN_POINT('',(-5.41999885276499,2.49362138034204,-1.07494024748169));
#2447=CARTESIAN_POINT('',(3.1,-14.8005548096481,-1.07494024748169));
#2448=CARTESIAN_POINT('',(3.1,2.49362138034204,-1.07494024748169));
#2449=CARTESIAN_POINT('',(5.41999885276499,2.49362138034204,-1.07494024748169));
#2450=CARTESIAN_POINT('',(-5.41999885276499,2.49362138034204,-1.04494024748169));
#2451=CARTESIAN_POINT('',(-5.44999885276498,2.49362138034204,-1.04494024748169));
#2452=CARTESIAN_POINT('',(-5.44999885276498,2.49362138034204,-1.04494024748169));
#2453=CARTESIAN_POINT('',(-5.41999885276499,2.49362138034204,-1.04494024748169));
#2454=CARTESIAN_POINT('',(-5.44999885276499,2.49362138034204,-0.0746545277975977));
#2455=CARTESIAN_POINT('',(-5.44999885276499,2.49362138034204,-0.0746545277975977));
#2456=CARTESIAN_POINT('',(-5.44999885276499,2.49362138034204,-0.0746545277975977));
#2457=CARTESIAN_POINT('',(-5.44999885276499,2.49362138034204,-0.0746545277975977));
#2458=CARTESIAN_POINT('',(-5.4158354518481,2.49362138034204,-0.0746545277975977));
#2459=CARTESIAN_POINT('',(-5.4158354518481,2.49362138034204,-0.0746545277975977));
#2460=CARTESIAN_POINT('',(5.4158354518481,2.49362138034204,-0.0746545277975977));
#2461=CARTESIAN_POINT('',(5.41999885276499,2.49362138034204,-1.07494024748169));
#2462=CARTESIAN_POINT('',(-1.26683480442478E-16,-2.49362138034204,-0.0404911268807138));
#2463=CARTESIAN_POINT('',(-5.4158354518481,-2.49362138034204,-0.0404911268807144));
#2464=CARTESIAN_POINT('',(-5.4158354518481,-2.49362138034204,-0.0404911268807144));
#2465=CARTESIAN_POINT('',(-1.26683480442478E-16,-2.49362138034204,-0.0404911268807138));
#2466=CARTESIAN_POINT('',(5.4158354518481,-2.49362138034204,-0.0404911268807144));
#2467=CARTESIAN_POINT('',(5.4158354518481,-2.49362138034204,-0.0404911268807144));
#2468=CARTESIAN_POINT('',(5.4158354518481,-2.49362138034204,-0.0746545277975977));
#2469=CARTESIAN_POINT('',(5.4158354518481,-2.49362138034204,-0.0746545277975977));
#2470=CARTESIAN_POINT('',(5.44999885276499,-2.49362138034204,-0.0746545277975977));
#2471=CARTESIAN_POINT('',(5.44999885276499,-2.49362138034204,-0.0746545277975977));
#2472=CARTESIAN_POINT('',(5.44999885276499,-2.49362138034204,-0.0746545277975977));
#2473=CARTESIAN_POINT('',(5.44999885276499,-2.49362138034204,-0.0746545277975977));
#2474=CARTESIAN_POINT('',(5.44999885276498,-2.49362138034204,-1.04494024748169));
#2475=CARTESIAN_POINT('',(5.44999885276498,-2.49362138034204,-1.04494024748169));
#2476=CARTESIAN_POINT('',(5.41999885276499,-2.49362138034204,-1.04494024748169));
#2477=CARTESIAN_POINT('',(5.41999885276499,-2.49362138034204,-1.04494024748169));
#2478=CARTESIAN_POINT('',(5.41999885276499,-2.49362138034204,-1.07494024748169));
#2479=CARTESIAN_POINT('',(5.41999885276499,-2.49362138034204,-1.07494024748169));
#2480=CARTESIAN_POINT('',(-5.41999885276499,-2.49362138034204,-1.04494024748169));
#2481=CARTESIAN_POINT('',(-5.41999885276499,-2.49362138034204,-1.07494024748169));
#2482=CARTESIAN_POINT('',(-5.41999885276499,-2.49362138034204,-1.07494024748169));
#2483=CARTESIAN_POINT('',(-5.41999885276499,-2.49362138034204,-1.04494024748169));
#2484=CARTESIAN_POINT('',(-5.44999885276498,-2.49362138034204,-1.04494024748169));
#2485=CARTESIAN_POINT('',(-5.44999885276498,-2.49362138034204,-1.04494024748169));
#2486=CARTESIAN_POINT('',(-5.44999885276499,-2.49362138034204,-0.0746545277975977));
#2487=CARTESIAN_POINT('',(-5.44999885276499,-2.49362138034204,-0.0746545277975977));
#2488=CARTESIAN_POINT('',(-5.44999885276499,-2.49362138034204,-0.0746545277975977));
#2489=CARTESIAN_POINT('',(-5.44999885276499,-2.49362138034204,-0.0746545277975977));
#2490=CARTESIAN_POINT('',(-5.4158354518481,-2.49362138034204,-0.0746545277975977));
#2491=CARTESIAN_POINT('',(-5.4158354518481,-2.49362138034204,-0.0746545277975977));
#2492=CARTESIAN_POINT('',(-5.41999885276499,-2.49362138034204,-1.07494024748169));
#2493=CARTESIAN_POINT('',(-3.1,-14.8005548096481,-1.07494024748169));
#2494=CARTESIAN_POINT('',(-3.1,-2.49362138034204,-1.07494024748169));
#2495=CARTESIAN_POINT('',(5.41999885276499,-2.49362138034204,-1.07494024748169));
#2496=CARTESIAN_POINT('',(-5.41999885276499,-2.49362138034204,-1.07494024748169));
#2497=CARTESIAN_POINT('',(5.41999885276499,-2.49362138034204,-1.07494024748169));
#2498=CARTESIAN_POINT('',(3.1,-2.49362138034204,-1.07494024748169));
#2499=CARTESIAN_POINT('',(3.1,-14.8005548096481,-1.07494024748169));
#2500=CARTESIAN_POINT('',(5.4158354518481,-2.49362138034204,-0.0746545277975977));
#2501=CARTESIAN_POINT('',(5.41999885276499,-2.49362138034204,-1.07494024748169));
#2502=CARTESIAN_POINT('',(3.1,-14.8005548096481,-1.1));
#2503=CARTESIAN_POINT('',(3.1,-14.8005548096481,-1.07494024748169));
#2504=CARTESIAN_POINT('',(3.1,-14.8005548096481,-1.1));
#2505=CARTESIAN_POINT('',(0.,0.,-1.1));
#2506=CARTESIAN_POINT('',(5.45,-2.5,-1.1));
#2507=CARTESIAN_POINT('',(5.45,-2.5,-1.05));
#2508=CARTESIAN_POINT('',(5.5,2.5,-1.05));
#2509=CARTESIAN_POINT('',(5.5,-2.5,-1.1));
#2510=CARTESIAN_POINT('',(5.5,-2.5,-0.0500000000000001));
#2511=CARTESIAN_POINT('',(5.45,0.,-0.0500000000000001));
#2512=CARTESIAN_POINT('',(-5.45,0.,-0.0500000000000001));
#2513=CARTESIAN_POINT('',(-5.5,2.5,-0.0500000000000001));
#2514=CARTESIAN_POINT('',(-5.5,2.5,-1.1));
#2515=CARTESIAN_POINT('',(-5.5,-2.5,-1.05));
#2516=CARTESIAN_POINT('',(-5.45,2.5,-1.05));
#2517=CARTESIAN_POINT('',(-5.45,2.5,-1.1));
#2518=CARTESIAN_POINT('',(0.,0.,-1.1));
#2519=CARTESIAN_POINT('',(-3.1,-14.8005548096481,-1.1));
#2520=CARTESIAN_POINT('',(-3.1,-14.8005548096481,-1.1));
#2521=CARTESIAN_POINT('',(-3.1,-14.8005548096481,-1.07494024748169));
#2522=CARTESIAN_POINT('',(-3.1,-14.8005548096481,-1.07494024748169));
#2523=CARTESIAN_POINT('',(4.695,-11.345199610973,-0.0320833521911762));
#2524=CARTESIAN_POINT('',(4.695,-11.345199610973,-0.0320833521911762));
#2525=CARTESIAN_POINT('',(4.695,-11.345199610973,0.0267887225662705));
#2526=CARTESIAN_POINT('',(-4.695,-11.345199610973,-0.0320833521911762));
#2527=CARTESIAN_POINT('',(-4.695,-11.345199610973,-0.0320833521911762));
#2528=CARTESIAN_POINT('',(-4.705,-11.345199610973,-0.0320833521911762));
#2529=CARTESIAN_POINT('',(-4.705,-11.345199610973,-0.0320833521911762));
#2530=CARTESIAN_POINT('',(-4.705,2.19086703544965,-0.00293882664204605));
#2531=CARTESIAN_POINT('',(-4.705,2.19086703544965,-0.00293882664204605));
#2532=CARTESIAN_POINT('',(-4.705,2.19086703544965,-0.02));
#2533=CARTESIAN_POINT('',(-4.705,-2.19086703544965,-0.02));
#2534=CARTESIAN_POINT('',(-4.705,-2.19086703544965,-0.00293882664204605));
#2535=CARTESIAN_POINT('',(-4.705,-2.19086703544965,-0.00293882664204605));
#2536=CARTESIAN_POINT('',(-4.695,-11.345199610973,0.0267887225662705));
#2537=CARTESIAN_POINT('',(5.02310226186394,2.21272994913471,-0.00293882664204605));
#2538=CARTESIAN_POINT('',(5.02310226186394,2.19086703544965,-0.00293882664204605));
#2539=CARTESIAN_POINT('',(5.02310226186394,2.19086703544965,-0.00293882664204605));
#2540=CARTESIAN_POINT('',(5.02310226186394,2.21272994913471,-0.00293882664204605));
#2541=CARTESIAN_POINT('',(5.044965175549,2.21272994913471,-0.00293882664204605));
#2542=CARTESIAN_POINT('',(5.044965175549,2.5,-0.00293882664204605));
#2543=CARTESIAN_POINT('',(5.044965175549,2.5,-0.02));
#2544=CARTESIAN_POINT('',(5.044965175549,2.21272994913471,-0.02));
#2545=CARTESIAN_POINT('',(5.02310226186394,2.21272994913471,-0.02));
#2546=CARTESIAN_POINT('',(5.02310226186394,2.19086703544965,-0.02));
#2547=CARTESIAN_POINT('',(5.02310226186394,2.19086703544965,-0.02));
#2548=CARTESIAN_POINT('',(5.02310226186394,-2.21272994913471,-0.00293882664204605));
#2549=CARTESIAN_POINT('',(5.044965175549,-2.5,-0.00293882664204605));
#2550=CARTESIAN_POINT('',(5.044965175549,-2.21272994913471,-0.00293882664204605));
#2551=CARTESIAN_POINT('',(5.02310226186394,-2.21272994913471,-0.00293882664204605));
#2552=CARTESIAN_POINT('',(5.02310226186394,-2.19086703544965,-0.00293882664204605));
#2553=CARTESIAN_POINT('',(5.02310226186394,-2.19086703544965,-0.00293882664204605));
#2554=CARTESIAN_POINT('',(5.044965175549,-2.5,-0.02));
#2555=CARTESIAN_POINT('',(5.044965175549,-2.21272994913471,-0.02));
#2556=CARTESIAN_POINT('',(5.02310226186394,-2.21272994913471,-0.02));
#2557=CARTESIAN_POINT('',(5.02310226186394,-2.19086703544965,-0.02));
#2558=CARTESIAN_POINT('',(5.02310226186394,-2.19086703544965,-0.02));
#2559=CARTESIAN_POINT('',(-5.02310226186394,-2.21272994913471,-0.00293882664204605));
#2560=CARTESIAN_POINT('',(-5.02310226186394,-2.21272994913471,-0.00293882664204605));
#2561=CARTESIAN_POINT('',(-5.044965175549,-2.21272994913471,-0.00293882664204605));
#2562=CARTESIAN_POINT('',(-5.02310226186394,-2.19086703544965,-0.00293882664204605));
#2563=CARTESIAN_POINT('',(-5.044965175549,-2.5,-0.00293882664204605));
#2564=CARTESIAN_POINT('',(-5.02310226186394,-2.19086703544965,-0.00293882664204605));
#2565=CARTESIAN_POINT('',(-5.02310226186394,-2.21272994913471,-0.02));
#2566=CARTESIAN_POINT('',(-5.044965175549,-2.21272994913471,-0.02));
#2567=CARTESIAN_POINT('',(-5.02310226186394,-2.19086703544965,-0.02));
#2568=CARTESIAN_POINT('',(-5.02310226186394,-2.19086703544965,-0.02));
#2569=CARTESIAN_POINT('',(-5.044965175549,-2.5,-0.02));
#2570=CARTESIAN_POINT('',(-5.02310226186394,2.21272994913471,-0.00293882664204605));
#2571=CARTESIAN_POINT('',(-5.02310226186394,2.21272994913471,-0.00293882664204605));
#2572=CARTESIAN_POINT('',(-5.044965175549,2.21272994913471,-0.00293882664204605));
#2573=CARTESIAN_POINT('',(-5.02310226186394,2.19086703544965,-0.00293882664204605));
#2574=CARTESIAN_POINT('',(-5.02310226186394,2.19086703544965,-0.00293882664204605));
#2575=CARTESIAN_POINT('',(-5.044965175549,2.5,-0.00293882664204605));
#2576=CARTESIAN_POINT('',(-5.02310226186394,2.19086703544965,-0.02));
#2577=CARTESIAN_POINT('',(-5.02310226186394,2.19086703544965,-0.02));
#2578=CARTESIAN_POINT('',(-5.044965175549,2.5,-0.02));
#2579=CARTESIAN_POINT('',(-5.044965175549,2.21272994913471,-0.02));
#2580=CARTESIAN_POINT('',(-5.02310226186394,2.21272994913471,-0.02));
#2581=MECHANICAL_DESIGN_GEOMETRIC_PRESENTATION_REPRESENTATION('',(#1227,
#1228,#1229,#1230,#1231,#1232,#1233,#1234,#1235,#1236,#1237,#1238,#1239,
#1240,#1241,#1242,#1243,#1244,#1245,#1246,#1247,#1248,#1249,#1250,#1251,
#1252,#1253,#1254,#1255,#1256,#1257,#1258,#1259,#1260,#1261,#1262,#1263,
#1264,#1265,#1266,#1267,#1268,#1269,#1270,#1271,#1272,#1273,#1274,#1275,
#1276,#1277,#1278,#1279,#1280,#1281,#1282,#1283,#1284,#1285,#1286,#1287,
#1288,#1289,#1290,#1291,#1292),#2582);
#2582=(
GEOMETRIC_REPRESENTATION_CONTEXT(3)
GLOBAL_UNCERTAINTY_ASSIGNED_CONTEXT((#2583))
GLOBAL_UNIT_ASSIGNED_CONTEXT((#2586,#2585,#2584))
REPRESENTATION_CONTEXT('355012RJT','TOP_LEVEL_ASSEMBLY_PART')
);
#2583=UNCERTAINTY_MEASURE_WITH_UNIT(LENGTH_MEASURE(0.005),#2586,
'DISTANCE_ACCURACY_VALUE','Maximum Tolerance applied to model');
#2584=(
NAMED_UNIT(*)
SI_UNIT($,.STERADIAN.)
SOLID_ANGLE_UNIT()
);
#2585=(
NAMED_UNIT(*)
PLANE_ANGLE_UNIT()
SI_UNIT($,.RADIAN.)
);
#2586=(
LENGTH_UNIT()
NAMED_UNIT(*)
SI_UNIT(.MILLI.,.METRE.)
);
#2587=PRODUCT_DEFINITION_SHAPE('','',#2588);
#2588=PRODUCT_DEFINITION('','',#2590,#2589);
#2589=PRODUCT_DEFINITION_CONTEXT('',#2596,'design');
#2590=PRODUCT_DEFINITION_FORMATION_WITH_SPECIFIED_SOURCE('','',#2592,
 .NOT_KNOWN.);
#2591=PRODUCT_RELATED_PRODUCT_CATEGORY('','',(#2592));
#2592=PRODUCT('355012RJT','355012RJT','355012RJT',(#2594));
#2593=PRODUCT_CATEGORY('','');
#2594=PRODUCT_CONTEXT('',#2596,'mechanical');
#2595=APPLICATION_PROTOCOL_DEFINITION('international standard',
'automotive_design',2010,#2596);
#2596=APPLICATION_CONTEXT(
'core data for automotive mechanical design processes');
ENDSEC;
END-ISO-10303-21;
